date,lot_id,washing_start,washing_end,filter_press_start,filter_press_end,dry_start,dry_end,cooler_start,cooler_end,shifter_start,shifter_end,ems_start,ems_end,packing_start,packing_end,target_icp3
2022-01-03,220103001,2022-01-03 08:00:00,2022-01-03 12:03:00,2022-01-03 12:03:00,2022-01-03 16:11:00,2022-01-03 16:11:00,2022-01-04 16:17:00,2022-01-04 18:17:00,2022-01-04 22:28:00,2022-01-04 22:28:00,2022-01-05 02:19:00,2022-01-05 02:19:00,2022-01-05 06:21:00,2022-01-05 06:21:00,2022-01-05 10:23:00,0.417
2022-01-04,220104002,2022-01-04 08:00:00,2022-01-04 12:09:00,2022-01-04 12:09:00,2022-01-04 16:08:00,2022-01-04 16:17:00,2022-01-05 16:15:00,2022-01-05 18:15:00,2022-01-05 22:18:00,2022-01-05 22:18:00,2022-01-06 02:20:00,2022-01-06 02:20:00,2022-01-06 06:13:00,2022-01-06 06:13:00,2022-01-06 10:20:00,0.3019
2022-01-05,220105003,2022-01-05 08:00:00,2022-01-05 12:04:00,2022-01-05 12:04:00,2022-01-05 16:00:00,2022-01-05 16:15:00,2022-01-06 15:50:00,2022-01-06 17:50:00,2022-01-06 21:52:00,2022-01-06 21:52:00,2022-01-07 01:55:00,2022-01-07 01:55:00,2022-01-07 05:59:00,2022-01-07 05:59:00,2022-01-07 10:10:00,0.3511
2022-01-06,220106004,2022-01-06 08:00:00,2022-01-06 12:10:00,2022-01-06 12:10:00,2022-01-06 16:06:00,2022-01-06 16:06:00,2022-01-07 16:15:00,2022-01-07 18:15:00,2022-01-07 22:16:00,2022-01-07 22:16:00,2022-01-08 02:22:00,2022-01-08 02:22:00,2022-01-08 06:20:00,2022-01-08 06:20:00,2022-01-08 10:28:00,0.1405
2022-01-07,220107005,2022-01-07 08:00:00,2022-01-07 12:09:00,2022-01-07 12:09:00,2022-01-07 16:03:00,2022-01-07 16:15:00,2022-01-08 16:36:00,2022-01-08 18:36:00,2022-01-08 22:27:00,2022-01-08 22:27:00,2022-01-09 02:17:00,2022-01-09 02:17:00,2022-01-09 06:12:00,2022-01-09 06:12:00,2022-01-09 10:07:00,0.7113
2022-01-08,220108006,2022-01-08 08:00:00,2022-01-08 11:54:00,2022-01-08 11:54:00,2022-01-08 15:50:00,2022-01-08 16:36:00,2022-01-09 16:44:00,2022-01-09 18:44:00,2022-01-09 22:38:00,2022-01-09 22:38:00,2022-01-10 02:47:00,2022-01-10 02:47:00,2022-01-10 06:36:00,2022-01-10 06:36:00,2022-01-10 10:31:00,0.5332
2022-01-09,220109007,2022-01-09 08:00:00,2022-01-09 12:03:00,2022-01-09 12:03:00,2022-01-09 16:07:00,2022-01-09 16:44:00,2022-01-10 16:52:00,2022-01-10 18:52:00,2022-01-10 22:55:00,2022-01-10 22:55:00,2022-01-11 02:52:00,2022-01-11 02:52:00,2022-01-11 06:52:00,2022-01-11 06:52:00,2022-01-11 10:49:00,0.4076
2022-01-10,220110008,2022-01-10 08:00:00,2022-01-10 11:57:00,2022-01-10 11:57:00,2022-01-10 16:06:00,2022-01-10 16:52:00,2022-01-11 17:14:00,2022-01-11 19:14:00,2022-01-11 23:02:00,2022-01-11 23:02:00,2022-01-12 03:00:00,2022-01-12 03:00:00,2022-01-12 07:00:00,2022-01-12 07:00:00,2022-01-12 10:57:00,0.5944
2022-01-11,220111009,2022-01-11 08:00:00,2022-01-11 11:50:00,2022-01-11 11:50:00,2022-01-11 16:00:00,2022-01-11 17:14:00,2022-01-12 17:36:00,2022-01-12 19:36:00,2022-01-12 23:41:00,2022-01-12 23:41:00,2022-01-13 03:52:00,2022-01-13 03:52:00,2022-01-13 07:54:00,2022-01-13 07:54:00,2022-01-13 12:02:00,0.5428
2022-01-12,220112010,2022-01-12 08:00:00,2022-01-12 11:49:00,2022-01-12 11:49:00,2022-01-12 15:43:00,2022-01-12 17:36:00,2022-01-13 17:42:00,2022-01-13 19:42:00,2022-01-13 23:46:00,2022-01-13 23:46:00,2022-01-14 03:36:00,2022-01-14 03:36:00,2022-01-14 07:34:00,2022-01-14 07:34:00,2022-01-14 11:23:00,0.5465
2022-01-13,220113011,2022-01-13 08:00:00,2022-01-13 12:10:00,2022-01-13 12:10:00,2022-01-13 16:10:00,2022-01-13 17:42:00,2022-01-14 17:34:00,2022-01-14 19:34:00,2022-01-14 23:44:00,2022-01-14 23:44:00,2022-01-15 03:50:00,2022-01-15 03:50:00,2022-01-15 07:41:00,2022-01-15 07:41:00,2022-01-15 11:49:00,0.5762
2022-01-14,220114012,2022-01-14 08:00:00,2022-01-14 12:03:00,2022-01-14 12:03:00,2022-01-14 16:03:00,2022-01-14 17:34:00,2022-01-15 17:54:00,2022-01-15 19:54:00,2022-01-16 00:03:00,2022-01-16 00:03:00,2022-01-16 03:54:00,2022-01-16 03:54:00,2022-01-16 07:59:00,2022-01-16 07:59:00,2022-01-16 12:07:00,0.5639
2022-01-15,220115013,2022-01-15 08:00:00,2022-01-15 12:07:00,2022-01-15 12:07:00,2022-01-15 16:02:00,2022-01-15 17:54:00,2022-01-16 17:39:00,2022-01-16 19:39:00,2022-01-16 23:48:00,2022-01-16 23:48:00,2022-01-17 03:41:00,2022-01-17 03:41:00,2022-01-17 07:34:00,2022-01-17 07:34:00,2022-01-17 11:36:00,0.4939
2022-01-16,220116014,2022-01-16 08:00:00,2022-01-16 11:58:00,2022-01-16 11:58:00,2022-01-16 16:07:00,2022-01-16 17:39:00,2022-01-17 17:52:00,2022-01-17 19:52:00,2022-01-17 23:48:00,2022-01-17 23:48:00,2022-01-18 03:44:00,2022-01-18 03:44:00,2022-01-18 07:53:00,2022-01-18 07:53:00,2022-01-18 11:59:00,0.333
2022-01-17,220117015,2022-01-17 08:00:00,2022-01-17 12:02:00,2022-01-17 12:02:00,2022-01-17 16:00:00,2022-01-17 17:52:00,2022-01-18 18:03:00,2022-01-18 20:03:00,2022-01-18 23:55:00,2022-01-18 23:55:00,2022-01-19 03:55:00,2022-01-19 03:55:00,2022-01-19 07:44:00,2022-01-19 07:44:00,2022-01-19 11:52:00,0.3689
2022-01-18,220118016,2022-01-18 08:00:00,2022-01-18 12:11:00,2022-01-18 12:11:00,2022-01-18 16:21:00,2022-01-18 18:03:00,2022-01-19 17:55:00,2022-01-19 19:55:00,2022-01-19 23:53:00,2022-01-19 23:53:00,2022-01-20 03:54:00,2022-01-20 03:54:00,2022-01-20 07:50:00,2022-01-20 07:50:00,2022-01-20 11:49:00,0.2324
2022-01-19,220119017,2022-01-19 08:00:00,2022-01-19 12:04:00,2022-01-19 12:04:00,2022-01-19 16:04:00,2022-01-19 17:55:00,2022-01-20 18:13:00,2022-01-20 20:13:00,2022-01-21 00:24:00,2022-01-21 00:24:00,2022-01-21 04:17:00,2022-01-21 04:17:00,2022-01-21 08:27:00,2022-01-21 08:27:00,2022-01-21 12:25:00,0.3378
2022-01-20,220120018,2022-01-20 08:00:00,2022-01-20 11:49:00,2022-01-20 11:49:00,2022-01-20 15:49:00,2022-01-20 18:13:00,2022-01-21 18:07:00,2022-01-21 20:07:00,2022-01-22 00:16:00,2022-01-22 00:16:00,2022-01-22 04:17:00,2022-01-22 04:17:00,2022-01-22 08:26:00,2022-01-22 08:26:00,2022-01-22 12:34:00,0.8239
2022-01-21,220121019,2022-01-21 08:00:00,2022-01-21 12:05:00,2022-01-21 12:05:00,2022-01-21 16:14:00,2022-01-21 18:07:00,2022-01-22 18:32:00,2022-01-22 20:32:00,2022-01-23 00:26:00,2022-01-23 00:26:00,2022-01-23 04:19:00,2022-01-23 04:19:00,2022-01-23 08:22:00,2022-01-23 08:22:00,2022-01-23 12:21:00,0.4759
2022-01-22,220122020,2022-01-22 08:00:00,2022-01-22 12:04:00,2022-01-22 12:04:00,2022-01-22 16:11:00,2022-01-22 18:32:00,2022-01-23 18:57:00,2022-01-23 20:57:00,2022-01-24 01:03:00,2022-01-24 01:03:00,2022-01-24 05:09:00,2022-01-24 05:09:00,2022-01-24 09:16:00,2022-01-24 09:16:00,2022-01-24 13:06:00,0.4321
2022-01-23,220123021,2022-01-23 08:00:00,2022-01-23 11:53:00,2022-01-23 11:53:00,2022-01-23 15:56:00,2022-01-23 18:57:00,2022-01-24 19:19:00,2022-01-24 21:19:00,2022-01-25 01:09:00,2022-01-25 01:09:00,2022-01-25 05:03:00,2022-01-25 05:03:00,2022-01-25 08:55:00,2022-01-25 08:55:00,2022-01-25 13:06:00,0.1622
2022-01-24,220124022,2022-01-24 08:00:00,2022-01-24 12:08:00,2022-01-24 12:08:00,2022-01-24 16:02:00,2022-01-24 19:19:00,2022-01-25 19:13:00,2022-01-25 21:13:00,2022-01-26 01:03:00,2022-01-26 01:03:00,2022-01-26 05:00:00,2022-01-26 05:00:00,2022-01-26 08:51:00,2022-01-26 08:51:00,2022-01-26 12:47:00,0.5965
2022-01-25,220125023,2022-01-25 08:00:00,2022-01-25 12:09:00,2022-01-25 12:09:00,2022-01-25 16:09:00,2022-01-25 19:13:00,2022-01-26 19:16:00,2022-01-26 21:16:00,2022-01-27 01:08:00,2022-01-27 01:08:00,2022-01-27 05:17:00,2022-01-27 05:17:00,2022-01-27 09:25:00,2022-01-27 09:25:00,2022-01-27 13:28:00,0.3563
2022-01-26,220126024,2022-01-26 08:00:00,2022-01-26 12:06:00,2022-01-26 12:06:00,2022-01-26 16:13:00,2022-01-26 19:16:00,2022-01-27 19:20:00,2022-01-27 21:20:00,2022-01-28 01:11:00,2022-01-28 01:11:00,2022-01-28 04:59:00,2022-01-28 04:59:00,2022-01-28 08:48:00,2022-01-28 08:48:00,2022-01-28 12:44:00,0.2942
2022-01-27,220127025,2022-01-27 08:00:00,2022-01-27 12:10:00,2022-01-27 12:10:00,2022-01-27 16:20:00,2022-01-27 19:20:00,2022-01-28 19:34:00,2022-01-28 21:34:00,2022-01-29 01:36:00,2022-01-29 01:36:00,2022-01-29 05:24:00,2022-01-29 05:24:00,2022-01-29 09:30:00,2022-01-29 09:30:00,2022-01-29 13:39:00,0.5038
2022-01-28,220128026,2022-01-28 08:00:00,2022-01-28 11:51:00,2022-01-28 11:51:00,2022-01-28 15:47:00,2022-01-28 19:34:00,2022-01-29 19:21:00,2022-01-29 21:21:00,2022-01-30 01:26:00,2022-01-30 01:26:00,2022-01-30 05:34:00,2022-01-30 05:34:00,2022-01-30 09:40:00,2022-01-30 09:40:00,2022-01-30 13:45:00,0.3842
2022-01-29,220129027,2022-01-29 08:00:00,2022-01-29 11:49:00,2022-01-29 11:49:00,2022-01-29 15:47:00,2022-01-29 19:21:00,2022-01-30 19:00:00,2022-01-30 21:00:00,2022-01-31 00:57:00,2022-01-31 00:57:00,2022-01-31 05:03:00,2022-01-31 05:03:00,2022-01-31 09:00:00,2022-01-31 09:00:00,2022-01-31 12:48:00,0.6726
2022-01-30,220130028,2022-01-30 08:00:00,2022-01-30 11:53:00,2022-01-30 11:53:00,2022-01-30 15:53:00,2022-01-30 19:00:00,2022-01-31 18:57:00,2022-01-31 20:57:00,2022-02-01 00:47:00,2022-02-01 00:47:00,2022-02-01 04:53:00,2022-02-01 04:53:00,2022-02-01 08:45:00,2022-02-01 08:45:00,2022-02-01 12:35:00,0.4695
2022-01-31,220131029,2022-01-31 08:00:00,2022-01-31 12:08:00,2022-01-31 12:08:00,2022-01-31 16:18:00,2022-01-31 18:57:00,2022-02-01 18:44:00,2022-02-01 20:44:00,2022-02-02 00:34:00,2022-02-02 00:34:00,2022-02-02 04:41:00,2022-02-02 04:41:00,2022-02-02 08:43:00,2022-02-02 08:43:00,2022-02-02 12:54:00,0.3995
2022-02-01,220201030,2022-02-01 08:00:00,2022-02-01 11:58:00,2022-02-01 11:58:00,2022-02-01 16:07:00,2022-02-01 18:44:00,2022-02-02 18:33:00,2022-02-02 20:33:00,2022-02-03 00:28:00,2022-02-03 00:28:00,2022-02-03 04:16:00,2022-02-03 04:16:00,2022-02-03 08:11:00,2022-02-03 08:11:00,2022-02-03 12:19:00,0.4842
2022-02-02,220202031,2022-02-02 08:00:00,2022-02-02 12:01:00,2022-02-02 12:01:00,2022-02-02 16:06:00,2022-02-02 18:33:00,2022-02-03 18:09:00,2022-02-03 20:09:00,2022-02-04 00:13:00,2022-02-04 00:13:00,2022-02-04 04:21:00,2022-02-04 04:21:00,2022-02-04 08:31:00,2022-02-04 08:31:00,2022-02-04 12:35:00,0.3675
2022-02-03,220203032,2022-02-03 08:00:00,2022-02-03 11:51:00,2022-02-03 11:51:00,2022-02-03 15:53:00,2022-02-03 18:09:00,2022-02-04 17:51:00,2022-02-04 19:51:00,2022-02-04 23:52:00,2022-02-04 23:52:00,2022-02-05 03:47:00,2022-02-05 03:47:00,2022-02-05 07:44:00,2022-02-05 07:44:00,2022-02-05 11:33:00,0.5008
2022-02-04,220204033,2022-02-04 08:00:00,2022-02-04 11:49:00,2022-02-04 11:49:00,2022-02-04 15:57:00,2022-02-04 17:51:00,2022-02-05 17:45:00,2022-02-05 19:45:00,2022-02-05 23:53:00,2022-02-05 23:53:00,2022-02-06 03:41:00,2022-02-06 03:41:00,2022-02-06 07:41:00,2022-02-06 07:41:00,2022-02-06 11:52:00,0.3509
2022-02-05,220205034,2022-02-05 08:00:00,2022-02-05 12:01:00,2022-02-05 12:01:00,2022-02-05 15:53:00,2022-02-05 17:45:00,2022-02-06 17:22:00,2022-02-06 19:22:00,2022-02-06 23:31:00,2022-02-06 23:31:00,2022-02-07 03:34:00,2022-02-07 03:34:00,2022-02-07 07:30:00,2022-02-07 07:30:00,2022-02-07 11:18:00,0.4276
2022-02-06,220206035,2022-02-06 08:00:00,2022-02-06 11:57:00,2022-02-06 11:57:00,2022-02-06 16:00:00,2022-02-06 17:22:00,2022-02-07 17:36:00,2022-02-07 19:36:00,2022-02-07 23:36:00,2022-02-07 23:36:00,2022-02-08 03:28:00,2022-02-08 03:28:00,2022-02-08 07:26:00,2022-02-08 07:26:00,2022-02-08 11:28:00,0.3328
2022-02-07,220207036,2022-02-07 08:00:00,2022-02-07 11:48:00,2022-02-07 11:48:00,2022-02-07 15:39:00,2022-02-07 17:36:00,2022-02-08 17:44:00,2022-02-08 19:44:00,2022-02-08 23:42:00,2022-02-08 23:42:00,2022-02-09 03:33:00,2022-02-09 03:33:00,2022-02-09 07:23:00,2022-02-09 07:23:00,2022-02-09 11:32:00,0.5032
2022-02-08,220208037,2022-02-08 08:00:00,2022-02-08 11:49:00,2022-02-08 11:49:00,2022-02-08 15:45:00,2022-02-08 17:44:00,2022-02-09 17:33:00,2022-02-09 19:33:00,2022-02-09 23:37:00,2022-02-09 23:37:00,2022-02-10 03:31:00,2022-02-10 03:31:00,2022-02-10 07:20:00,2022-02-10 07:20:00,2022-02-10 11:23:00,0.3925
2022-02-09,220209038,2022-02-09 08:00:00,2022-02-09 11:55:00,2022-02-09 11:55:00,2022-02-09 15:51:00,2022-02-09 17:33:00,2022-02-10 17:25:00,2022-02-10 19:25:00,2022-02-10 23:13:00,2022-02-10 23:13:00,2022-02-11 03:22:00,2022-02-11 03:22:00,2022-02-11 07:28:00,2022-02-11 07:28:00,2022-02-11 11:35:00,0.4817
2022-02-10,220210039,2022-02-10 08:00:00,2022-02-10 11:48:00,2022-02-10 11:48:00,2022-02-10 15:40:00,2022-02-10 17:25:00,2022-02-11 17:29:00,2022-02-11 19:29:00,2022-02-11 23:30:00,2022-02-11 23:30:00,2022-02-12 03:25:00,2022-02-12 03:25:00,2022-02-12 07:13:00,2022-02-12 07:13:00,2022-02-12 11:01:00,0.9
2022-02-11,220211040,2022-02-11 08:00:00,2022-02-11 12:02:00,2022-02-11 12:02:00,2022-02-11 16:05:00,2022-02-11 17:29:00,2022-02-12 17:32:00,2022-02-12 19:32:00,2022-02-12 23:30:00,2022-02-12 23:30:00,2022-02-13 03:36:00,2022-02-13 03:36:00,2022-02-13 07:46:00,2022-02-13 07:46:00,2022-02-13 11:47:00,0.6612
2022-02-12,220212041,2022-02-12 08:00:00,2022-02-12 12:01:00,2022-02-12 12:01:00,2022-02-12 16:02:00,2022-02-12 17:32:00,2022-02-13 17:11:00,2022-02-13 19:11:00,2022-02-13 22:59:00,2022-02-13 22:59:00,2022-02-14 02:55:00,2022-02-14 02:55:00,2022-02-14 06:48:00,2022-02-14 06:48:00,2022-02-14 10:51:00,0.5512
2022-02-13,220213042,2022-02-13 08:00:00,2022-02-13 11:55:00,2022-02-13 11:55:00,2022-02-13 15:45:00,2022-02-13 17:11:00,2022-02-14 17:00:00,2022-02-14 19:00:00,2022-02-14 22:56:00,2022-02-14 22:56:00,2022-02-15 02:58:00,2022-02-15 02:58:00,2022-02-15 07:04:00,2022-02-15 07:04:00,2022-02-15 10:56:00,0.6699
2022-02-14,220214043,2022-02-14 08:00:00,2022-02-14 12:07:00,2022-02-14 12:07:00,2022-02-14 16:07:00,2022-02-14 17:00:00,2022-02-15 17:12:00,2022-02-15 19:12:00,2022-02-15 23:20:00,2022-02-15 23:20:00,2022-02-16 03:29:00,2022-02-16 03:29:00,2022-02-16 07:22:00,2022-02-16 07:22:00,2022-02-16 11:14:00,0.5116
2022-02-15,220215044,2022-02-15 08:00:00,2022-02-15 11:50:00,2022-02-15 11:50:00,2022-02-15 15:51:00,2022-02-15 17:12:00,2022-02-16 17:28:00,2022-02-16 19:28:00,2022-02-16 23:23:00,2022-02-16 23:23:00,2022-02-17 03:33:00,2022-02-17 03:33:00,2022-02-17 07:21:00,2022-02-17 07:21:00,2022-02-17 11:17:00,0.3914
2022-02-16,220216045,2022-02-16 08:00:00,2022-02-16 11:49:00,2022-02-16 11:49:00,2022-02-16 16:00:00,2022-02-16 17:28:00,2022-02-17 17:07:00,2022-02-17 19:07:00,2022-02-17 23:05:00,2022-02-17 23:05:00,2022-02-18 03:04:00,2022-02-18 03:04:00,2022-02-18 07:08:00,2022-02-18 07:08:00,2022-02-18 10:56:00,0.4004
2022-02-17,220217046,2022-02-17 08:00:00,2022-02-17 12:00:00,2022-02-17 12:00:00,2022-02-17 15:59:00,2022-02-17 17:07:00,2022-02-18 16:51:00,2022-02-18 18:51:00,2022-02-18 22:59:00,2022-02-18 22:59:00,2022-02-19 03:10:00,2022-02-19 03:10:00,2022-02-19 07:19:00,2022-02-19 07:19:00,2022-02-19 11:14:00,0.4365
2022-02-18,220218047,2022-02-18 08:00:00,2022-02-18 12:10:00,2022-02-18 12:10:00,2022-02-18 15:59:00,2022-02-18 16:51:00,2022-02-19 17:03:00,2022-02-19 19:03:00,2022-02-19 23:06:00,2022-02-19 23:06:00,2022-02-20 03:07:00,2022-02-20 03:07:00,2022-02-20 07:18:00,2022-02-20 07:18:00,2022-02-20 11:11:00,0.5043
2022-02-19,220219048,2022-02-19 08:00:00,2022-02-19 11:49:00,2022-02-19 11:49:00,2022-02-19 15:40:00,2022-02-19 17:03:00,2022-02-20 17:28:00,2022-02-20 19:28:00,2022-02-20 23:30:00,2022-02-20 23:30:00,2022-02-21 03:32:00,2022-02-21 03:32:00,2022-02-21 07:37:00,2022-02-21 07:37:00,2022-02-21 11:43:00,0.6331
2022-02-20,220220049,2022-02-20 08:00:00,2022-02-20 11:56:00,2022-02-20 11:56:00,2022-02-20 15:52:00,2022-02-20 17:28:00,2022-02-21 17:50:00,2022-02-21 19:50:00,2022-02-21 23:48:00,2022-02-21 23:48:00,2022-02-22 03:56:00,2022-02-22 03:56:00,2022-02-22 08:07:00,2022-02-22 08:07:00,2022-02-22 12:17:00,0.6183
2022-02-21,220221050,2022-02-21 08:00:00,2022-02-21 12:03:00,2022-02-21 12:03:00,2022-02-21 16:00:00,2022-02-21 17:50:00,2022-02-22 17:57:00,2022-02-22 19:57:00,2022-02-22 23:55:00,2022-02-22 23:55:00,2022-02-23 04:00:00,2022-02-23 04:00:00,2022-02-23 08:01:00,2022-02-23 08:01:00,2022-02-23 11:49:00,0.6436
2022-02-22,220222051,2022-02-22 08:00:00,2022-02-22 11:51:00,2022-02-22 11:51:00,2022-02-22 15:39:00,2022-02-22 17:57:00,2022-02-23 18:20:00,2022-02-23 20:20:00,2022-02-24 00:26:00,2022-02-24 00:26:00,2022-02-24 04:30:00,2022-02-24 04:30:00,2022-02-24 08:32:00,2022-02-24 08:32:00,2022-02-24 12:33:00,0.695
2022-02-23,220223052,2022-02-23 08:00:00,2022-02-23 12:04:00,2022-02-23 12:04:00,2022-02-23 16:15:00,2022-02-23 18:20:00,2022-02-24 17:59:00,2022-02-24 19:59:00,2022-02-24 23:50:00,2022-02-24 23:50:00,2022-02-25 03:39:00,2022-02-25 03:39:00,2022-02-25 07:36:00,2022-02-25 07:36:00,2022-02-25 11:33:00,0.3911
2022-02-24,220224053,2022-02-24 08:00:00,2022-02-24 12:01:00,2022-02-24 12:01:00,2022-02-24 15:58:00,2022-02-24 17:59:00,2022-02-25 18:15:00,2022-02-25 20:15:00,2022-02-26 00:06:00,2022-02-26 00:06:00,2022-02-26 04:10:00,2022-02-26 04:10:00,2022-02-26 08:05:00,2022-02-26 08:05:00,2022-02-26 12:13:00,0.6378
2022-02-25,220225054,2022-02-25 08:00:00,2022-02-25 12:09:00,2022-02-25 12:09:00,2022-02-25 16:18:00,2022-02-25 18:15:00,2022-02-26 17:47:00,2022-02-26 19:47:00,2022-02-26 23:58:00,2022-02-26 23:58:00,2022-02-27 03:51:00,2022-02-27 03:51:00,2022-02-27 07:52:00,2022-02-27 07:52:00,2022-02-27 12:03:00,0.5916
2022-02-26,220226055,2022-02-26 08:00:00,2022-02-26 11:59:00,2022-02-26 11:59:00,2022-02-26 15:48:00,2022-02-26 17:47:00,2022-02-27 17:19:00,2022-02-27 19:19:00,2022-02-27 23:12:00,2022-02-27 23:12:00,2022-02-28 03:03:00,2022-02-28 03:03:00,2022-02-28 06:58:00,2022-02-28 06:58:00,2022-02-28 10:51:00,0.4207
2022-02-27,220227056,2022-02-27 08:00:00,2022-02-27 11:57:00,2022-02-27 11:57:00,2022-02-27 15:57:00,2022-02-27 17:19:00,2022-02-28 17:27:00,2022-02-28 19:27:00,2022-02-28 23:19:00,2022-02-28 23:19:00,2022-03-01 03:15:00,2022-03-01 03:15:00,2022-03-01 07:09:00,2022-03-01 07:09:00,2022-03-01 11:10:00,0.601
2022-02-28,220228057,2022-02-28 08:00:00,2022-02-28 12:00:00,2022-02-28 12:00:00,2022-02-28 16:10:00,2022-02-28 17:27:00,2022-03-01 16:59:00,2022-03-01 18:59:00,2022-03-01 23:08:00,2022-03-01 23:08:00,2022-03-02 03:08:00,2022-03-02 03:08:00,2022-03-02 06:58:00,2022-03-02 06:58:00,2022-03-02 11:05:00,0.6605
2022-03-01,220301058,2022-03-01 08:00:00,2022-03-01 11:56:00,2022-03-01 11:56:00,2022-03-01 15:56:00,2022-03-01 16:59:00,2022-03-02 17:15:00,2022-03-02 19:15:00,2022-03-02 23:25:00,2022-03-02 23:25:00,2022-03-03 03:28:00,2022-03-03 03:28:00,2022-03-03 07:39:00,2022-03-03 07:39:00,2022-03-03 11:42:00,0.5071
2022-03-02,220302059,2022-03-02 08:00:00,2022-03-02 11:50:00,2022-03-02 11:50:00,2022-03-02 15:41:00,2022-03-02 17:15:00,2022-03-03 17:13:00,2022-03-03 19:13:00,2022-03-03 23:08:00,2022-03-03 23:08:00,2022-03-04 03:14:00,2022-03-04 03:14:00,2022-03-04 07:20:00,2022-03-04 07:20:00,2022-03-04 11:29:00,0.3927
2022-03-03,220303060,2022-03-03 08:00:00,2022-03-03 11:54:00,2022-03-03 11:54:00,2022-03-03 16:05:00,2022-03-03 17:13:00,2022-03-04 16:45:00,2022-03-04 18:45:00,2022-03-04 22:49:00,2022-03-04 22:49:00,2022-03-05 02:48:00,2022-03-05 02:48:00,2022-03-05 06:42:00,2022-03-05 06:42:00,2022-03-05 10:44:00,0.3763
2022-03-04,220304061,2022-03-04 08:00:00,2022-03-04 11:48:00,2022-03-04 11:48:00,2022-03-04 15:39:00,2022-03-04 16:45:00,2022-03-05 16:53:00,2022-03-05 18:53:00,2022-03-05 23:02:00,2022-03-05 23:02:00,2022-03-06 03:05:00,2022-03-06 03:05:00,2022-03-06 07:16:00,2022-03-06 07:16:00,2022-03-06 11:16:00,0.5042
2022-03-05,220305062,2022-03-05 08:00:00,2022-03-05 11:52:00,2022-03-05 11:52:00,2022-03-05 15:46:00,2022-03-05 16:53:00,2022-03-06 17:08:00,2022-03-06 19:08:00,2022-03-06 23:05:00,2022-03-06 23:05:00,2022-03-07 03:01:00,2022-03-07 03:01:00,2022-03-07 07:10:00,2022-03-07 07:10:00,2022-03-07 11:21:00,0.5491
2022-03-06,220306063,2022-03-06 08:00:00,2022-03-06 12:09:00,2022-03-06 12:09:00,2022-03-06 16:13:00,2022-03-06 17:08:00,2022-03-07 16:41:00,2022-03-07 18:41:00,2022-03-07 22:44:00,2022-03-07 22:44:00,2022-03-08 02:37:00,2022-03-08 02:37:00,2022-03-08 06:46:00,2022-03-08 06:46:00,2022-03-08 10:50:00,0.447
2022-03-07,220307064,2022-03-07 08:00:00,2022-03-07 11:55:00,2022-03-07 11:55:00,2022-03-07 16:00:00,2022-03-07 16:41:00,2022-03-08 16:20:00,2022-03-08 18:20:00,2022-03-08 22:31:00,2022-03-08 22:31:00,2022-03-09 02:20:00,2022-03-09 02:20:00,2022-03-09 06:31:00,2022-03-09 06:31:00,2022-03-09 10:34:00,0.5475
2022-03-08,220308065,2022-03-08 08:00:00,2022-03-08 12:04:00,2022-03-08 12:04:00,2022-03-08 16:09:00,2022-03-08 16:20:00,2022-03-09 16:00:00,2022-03-09 18:00:00,2022-03-09 22:08:00,2022-03-09 22:08:00,2022-03-10 02:16:00,2022-03-10 02:16:00,2022-03-10 06:05:00,2022-03-10 06:05:00,2022-03-10 10:05:00,0.4416
2022-03-09,220309066,2022-03-09 08:00:00,2022-03-09 12:03:00,2022-03-09 12:03:00,2022-03-09 16:12:00,2022-03-09 16:12:00,2022-03-10 16:22:00,2022-03-10 18:22:00,2022-03-10 22:31:00,2022-03-10 22:31:00,2022-03-11 02:29:00,2022-03-11 02:29:00,2022-03-11 06:34:00,2022-03-11 06:34:00,2022-03-11 10:31:00,0.6476
2022-03-10,220310067,2022-03-10 08:00:00,2022-03-10 12:05:00,2022-03-10 12:05:00,2022-03-10 15:59:00,2022-03-10 16:22:00,2022-03-11 15:55:00,2022-03-11 17:55:00,2022-03-11 21:48:00,2022-03-11 21:48:00,2022-03-12 01:52:00,2022-03-12 01:52:00,2022-03-12 05:51:00,2022-03-12 05:51:00,2022-03-12 09:45:00,0.0358
2022-03-11,220311068,2022-03-11 08:00:00,2022-03-11 12:01:00,2022-03-11 12:01:00,2022-03-11 16:00:00,2022-03-11 16:00:00,2022-03-12 16:02:00,2022-03-12 18:02:00,2022-03-12 22:04:00,2022-03-12 22:04:00,2022-03-13 02:14:00,2022-03-13 02:14:00,2022-03-13 06:10:00,2022-03-13 06:10:00,2022-03-13 10:00:00,0.6818
2022-03-12,220312069,2022-03-12 08:00:00,2022-03-12 12:04:00,2022-03-12 12:04:00,2022-03-12 15:52:00,2022-03-12 16:02:00,2022-03-13 15:56:00,2022-03-13 17:56:00,2022-03-13 21:59:00,2022-03-13 21:59:00,2022-03-14 01:51:00,2022-03-14 01:51:00,2022-03-14 05:39:00,2022-03-14 05:39:00,2022-03-14 09:42:00,0.8738
2022-03-13,220313070,2022-03-13 08:00:00,2022-03-13 11:52:00,2022-03-13 11:52:00,2022-03-13 16:01:00,2022-03-13 16:01:00,2022-03-14 15:36:00,2022-03-14 17:36:00,2022-03-14 21:27:00,2022-03-14 21:27:00,2022-03-15 01:15:00,2022-03-15 01:15:00,2022-03-15 05:13:00,2022-03-15 05:13:00,2022-03-15 09:06:00,0.2537
2022-03-14,220314071,2022-03-14 08:00:00,2022-03-14 11:49:00,2022-03-14 11:49:00,2022-03-14 15:51:00,2022-03-14 15:51:00,2022-03-15 15:32:00,2022-03-15 17:32:00,2022-03-15 21:33:00,2022-03-15 21:33:00,2022-03-16 01:21:00,2022-03-16 01:21:00,2022-03-16 05:16:00,2022-03-16 05:16:00,2022-03-16 09:22:00,0.3025
2022-03-15,220315072,2022-03-15 08:00:00,2022-03-15 12:00:00,2022-03-15 12:00:00,2022-03-15 16:06:00,2022-03-15 16:06:00,2022-03-16 16:00:00,2022-03-16 18:00:00,2022-03-16 21:59:00,2022-03-16 21:59:00,2022-03-17 02:07:00,2022-03-17 02:07:00,2022-03-17 06:15:00,2022-03-17 06:15:00,2022-03-17 10:08:00,0.479
2022-03-16,220316073,2022-03-16 08:00:00,2022-03-16 11:53:00,2022-03-16 11:53:00,2022-03-16 15:59:00,2022-03-16 16:00:00,2022-03-17 15:59:00,2022-03-17 17:59:00,2022-03-17 21:59:00,2022-03-17 21:59:00,2022-03-18 01:49:00,2022-03-18 01:49:00,2022-03-18 05:41:00,2022-03-18 05:41:00,2022-03-18 09:49:00,0.4255
2022-03-17,220317074,2022-03-17 08:00:00,2022-03-17 11:52:00,2022-03-17 11:52:00,2022-03-17 15:45:00,2022-03-17 15:59:00,2022-03-18 15:45:00,2022-03-18 17:45:00,2022-03-18 21:54:00,2022-03-18 21:54:00,2022-03-19 01:55:00,2022-03-19 01:55:00,2022-03-19 05:46:00,2022-03-19 05:46:00,2022-03-19 09:42:00,0.4558
2022-03-18,220318075,2022-03-18 08:00:00,2022-03-18 11:51:00,2022-03-18 11:51:00,2022-03-18 15:44:00,2022-03-18 15:45:00,2022-03-19 15:19:00,2022-03-19 17:19:00,2022-03-19 21:29:00,2022-03-19 21:29:00,2022-03-20 01:32:00,2022-03-20 01:32:00,2022-03-20 05:34:00,2022-03-20 05:34:00,2022-03-20 09:24:00,0.501
2022-03-19,220319076,2022-03-19 08:00:00,2022-03-19 11:56:00,2022-03-19 11:56:00,2022-03-19 15:47:00,2022-03-19 15:47:00,2022-03-20 16:01:00,2022-03-20 18:01:00,2022-03-20 22:05:00,2022-03-20 22:05:00,2022-03-21 02:15:00,2022-03-21 02:15:00,2022-03-21 06:06:00,2022-03-21 06:06:00,2022-03-21 09:54:00,0.4561
2022-03-20,220320077,2022-03-20 08:00:00,2022-03-20 11:56:00,2022-03-20 11:56:00,2022-03-20 15:55:00,2022-03-20 16:01:00,2022-03-21 16:15:00,2022-03-21 18:15:00,2022-03-21 22:16:00,2022-03-21 22:16:00,2022-03-22 02:05:00,2022-03-22 02:05:00,2022-03-22 05:55:00,2022-03-22 05:55:00,2022-03-22 10:00:00,0.4807
2022-03-21,220321078,2022-03-21 08:00:00,2022-03-21 12:06:00,2022-03-21 12:06:00,2022-03-21 16:13:00,2022-03-21 16:15:00,2022-03-22 16:13:00,2022-03-22 18:13:00,2022-03-22 22:15:00,2022-03-22 22:15:00,2022-03-23 02:09:00,2022-03-23 02:09:00,2022-03-23 06:05:00,2022-03-23 06:05:00,2022-03-23 09:56:00,0.5435
2022-03-22,220322079,2022-03-22 08:00:00,2022-03-22 11:50:00,2022-03-22 11:50:00,2022-03-22 15:53:00,2022-03-22 16:13:00,2022-03-23 16:05:00,2022-03-23 18:05:00,2022-03-23 22:06:00,2022-03-23 22:06:00,2022-03-24 02:17:00,2022-03-24 02:17:00,2022-03-24 06:06:00,2022-03-24 06:06:00,2022-03-24 10:17:00,0.7086
2022-03-23,220323080,2022-03-23 08:00:00,2022-03-23 12:10:00,2022-03-23 12:10:00,2022-03-23 16:13:00,2022-03-23 16:13:00,2022-03-24 16:20:00,2022-03-24 18:20:00,2022-03-24 22:12:00,2022-03-24 22:12:00,2022-03-25 02:17:00,2022-03-25 02:17:00,2022-03-25 06:11:00,2022-03-25 06:11:00,2022-03-25 10:17:00,0.6445
2022-03-24,220324081,2022-03-24 08:00:00,2022-03-24 12:00:00,2022-03-24 12:00:00,2022-03-24 15:51:00,2022-03-24 16:20:00,2022-03-25 16:11:00,2022-03-25 18:11:00,2022-03-25 22:18:00,2022-03-25 22:18:00,2022-03-26 02:12:00,2022-03-26 02:12:00,2022-03-26 06:18:00,2022-03-26 06:18:00,2022-03-26 10:28:00,0.4903
2022-03-25,220325082,2022-03-25 08:00:00,2022-03-25 12:10:00,2022-03-25 12:10:00,2022-03-25 16:03:00,2022-03-25 16:11:00,2022-03-26 16:24:00,2022-03-26 18:24:00,2022-03-26 22:15:00,2022-03-26 22:15:00,2022-03-27 02:16:00,2022-03-27 02:16:00,2022-03-27 06:12:00,2022-03-27 06:12:00,2022-03-27 10:01:00,0.6629
2022-03-26,220326083,2022-03-26 08:00:00,2022-03-26 11:51:00,2022-03-26 11:51:00,2022-03-26 15:47:00,2022-03-26 16:24:00,2022-03-27 16:01:00,2022-03-27 18:01:00,2022-03-27 21:52:00,2022-03-27 21:52:00,2022-03-28 01:41:00,2022-03-28 01:41:00,2022-03-28 05:43:00,2022-03-28 05:43:00,2022-03-28 09:31:00,0.6434
2022-03-27,220327084,2022-03-27 08:00:00,2022-03-27 11:57:00,2022-03-27 11:57:00,2022-03-27 15:45:00,2022-03-27 16:01:00,2022-03-28 16:14:00,2022-03-28 18:14:00,2022-03-28 22:17:00,2022-03-28 22:17:00,2022-03-29 02:12:00,2022-03-29 02:12:00,2022-03-29 06:03:00,2022-03-29 06:03:00,2022-03-29 09:58:00,0.5399
2022-03-28,220328085,2022-03-28 08:00:00,2022-03-28 12:08:00,2022-03-28 12:08:00,2022-03-28 15:56:00,2022-03-28 16:14:00,2022-03-29 16:10:00,2022-03-29 18:10:00,2022-03-29 22:03:00,2022-03-29 22:03:00,2022-03-30 02:03:00,2022-03-30 02:03:00,2022-03-30 05:51:00,2022-03-30 05:51:00,2022-03-30 09:49:00,0.6562
2022-03-29,220329086,2022-03-29 08:00:00,2022-03-29 11:53:00,2022-03-29 11:53:00,2022-03-29 15:53:00,2022-03-29 16:10:00,2022-03-30 16:28:00,2022-03-30 18:28:00,2022-03-30 22:25:00,2022-03-30 22:25:00,2022-03-31 02:16:00,2022-03-31 02:16:00,2022-03-31 06:09:00,2022-03-31 06:09:00,2022-03-31 10:19:00,0.6645
2022-03-30,220330087,2022-03-30 08:00:00,2022-03-30 12:11:00,2022-03-30 12:11:00,2022-03-30 16:12:00,2022-03-30 16:28:00,2022-03-31 16:38:00,2022-03-31 18:38:00,2022-03-31 22:48:00,2022-03-31 22:48:00,2022-04-01 02:57:00,2022-04-01 02:57:00,2022-04-01 07:05:00,2022-04-01 07:05:00,2022-04-01 11:08:00,0.3295
2022-03-31,220331088,2022-03-31 08:00:00,2022-03-31 11:59:00,2022-03-31 11:59:00,2022-03-31 15:56:00,2022-03-31 16:38:00,2022-04-01 16:39:00,2022-04-01 18:39:00,2022-04-01 22:30:00,2022-04-01 22:30:00,2022-04-02 02:20:00,2022-04-02 02:20:00,2022-04-02 06:15:00,2022-04-02 06:15:00,2022-04-02 10:07:00,0.8068
2022-04-01,220401089,2022-04-01 08:00:00,2022-04-01 12:08:00,2022-04-01 12:08:00,2022-04-01 16:04:00,2022-04-01 16:39:00,2022-04-02 16:29:00,2022-04-02 18:29:00,2022-04-02 22:27:00,2022-04-02 22:27:00,2022-04-03 02:36:00,2022-04-03 02:36:00,2022-04-03 06:26:00,2022-04-03 06:26:00,2022-04-03 10:15:00,0.2601
2022-04-02,220402090,2022-04-02 08:00:00,2022-04-02 12:05:00,2022-04-02 12:05:00,2022-04-02 16:13:00,2022-04-02 16:29:00,2022-04-03 16:24:00,2022-04-03 18:24:00,2022-04-03 22:24:00,2022-04-03 22:24:00,2022-04-04 02:25:00,2022-04-04 02:25:00,2022-04-04 06:35:00,2022-04-04 06:35:00,2022-04-04 10:44:00,0.4777
2022-04-03,220403091,2022-04-03 08:00:00,2022-04-03 12:03:00,2022-04-03 12:03:00,2022-04-03 15:56:00,2022-04-03 16:24:00,2022-04-04 16:27:00,2022-04-04 18:27:00,2022-04-04 22:29:00,2022-04-04 22:29:00,2022-04-05 02:29:00,2022-04-05 02:29:00,2022-04-05 06:28:00,2022-04-05 06:28:00,2022-04-05 10:31:00,0.7744
2022-04-04,220404092,2022-04-04 08:00:00,2022-04-04 11:49:00,2022-04-04 11:49:00,2022-04-04 15:43:00,2022-04-04 16:27:00,2022-04-05 16:18:00,2022-04-05 18:18:00,2022-04-05 22:22:00,2022-04-05 22:22:00,2022-04-06 02:32:00,2022-04-06 02:32:00,2022-04-06 06:38:00,2022-04-06 06:38:00,2022-04-06 10:32:00,0.2254
2022-04-05,220405093,2022-04-05 08:00:00,2022-04-05 11:51:00,2022-04-05 11:51:00,2022-04-05 15:41:00,2022-04-05 16:18:00,2022-04-06 16:24:00,2022-04-06 18:24:00,2022-04-06 22:28:00,2022-04-06 22:28:00,2022-04-07 02:19:00,2022-04-07 02:19:00,2022-04-07 06:22:00,2022-04-07 06:22:00,2022-04-07 10:22:00,0.4592
2022-04-06,220406094,2022-04-06 08:00:00,2022-04-06 11:52:00,2022-04-06 11:52:00,2022-04-06 15:53:00,2022-04-06 16:24:00,2022-04-07 16:46:00,2022-04-07 18:46:00,2022-04-07 22:53:00,2022-04-07 22:53:00,2022-04-08 02:55:00,2022-04-08 02:55:00,2022-04-08 07:02:00,2022-04-08 07:02:00,2022-04-08 11:12:00,0.5826
2022-04-07,220407095,2022-04-07 08:00:00,2022-04-07 11:56:00,2022-04-07 11:56:00,2022-04-07 15:58:00,2022-04-07 16:46:00,2022-04-08 16:40:00,2022-04-08 18:40:00,2022-04-08 22:47:00,2022-04-08 22:47:00,2022-04-09 02:57:00,2022-04-09 02:57:00,2022-04-09 07:02:00,2022-04-09 07:02:00,2022-04-09 11:11:00,0.5676
2022-04-08,220408096,2022-04-08 08:00:00,2022-04-08 12:01:00,2022-04-08 12:01:00,2022-04-08 16:01:00,2022-04-08 16:40:00,2022-04-09 17:01:00,2022-04-09 19:01:00,2022-04-09 23:08:00,2022-04-09 23:08:00,2022-04-10 03:18:00,2022-04-10 03:18:00,2022-04-10 07:06:00,2022-04-10 07:06:00,2022-04-10 11:14:00,0.5356
2022-04-09,220409097,2022-04-09 08:00:00,2022-04-09 11:48:00,2022-04-09 11:48:00,2022-04-09 15:43:00,2022-04-09 17:01:00,2022-04-10 16:59:00,2022-04-10 18:59:00,2022-04-10 23:05:00,2022-04-10 23:05:00,2022-04-11 03:10:00,2022-04-11 03:10:00,2022-04-11 07:20:00,2022-04-11 07:20:00,2022-04-11 11:10:00,0.6098
2022-04-10,220410098,2022-04-10 08:00:00,2022-04-10 12:07:00,2022-04-10 12:07:00,2022-04-10 15:59:00,2022-04-10 16:59:00,2022-04-11 16:54:00,2022-04-11 18:54:00,2022-04-11 22:57:00,2022-04-11 22:57:00,2022-04-12 02:47:00,2022-04-12 02:47:00,2022-04-12 06:44:00,2022-04-12 06:44:00,2022-04-12 10:33:00,0.2785
2022-04-11,220411099,2022-04-11 08:00:00,2022-04-11 11:52:00,2022-04-11 11:52:00,2022-04-11 15:55:00,2022-04-11 16:54:00,2022-04-12 16:27:00,2022-04-12 18:27:00,2022-04-12 22:17:00,2022-04-12 22:17:00,2022-04-13 02:18:00,2022-04-13 02:18:00,2022-04-13 06:22:00,2022-04-13 06:22:00,2022-04-13 10:17:00,0.5553
2022-04-12,220412100,2022-04-12 08:00:00,2022-04-12 12:05:00,2022-04-12 12:05:00,2022-04-12 16:13:00,2022-04-12 16:27:00,2022-04-13 16:01:00,2022-04-13 18:01:00,2022-04-13 21:50:00,2022-04-13 21:50:00,2022-04-14 01:56:00,2022-04-14 01:56:00,2022-04-14 05:46:00,2022-04-14 05:46:00,2022-04-14 09:36:00,0.1686
2022-04-13,220413101,2022-04-13 08:00:00,2022-04-13 12:04:00,2022-04-13 12:04:00,2022-04-13 15:53:00,2022-04-13 16:01:00,2022-04-14 15:36:00,2022-04-14 17:36:00,2022-04-14 21:46:00,2022-04-14 21:46:00,2022-04-15 01:36:00,2022-04-15 01:36:00,2022-04-15 05:37:00,2022-04-15 05:37:00,2022-04-15 09:42:00,0.6419
2022-04-14,220414102,2022-04-14 08:00:00,2022-04-14 11:52:00,2022-04-14 11:52:00,2022-04-14 15:51:00,2022-04-14 15:51:00,2022-04-15 16:19:00,2022-04-15 18:19:00,2022-04-15 22:24:00,2022-04-15 22:24:00,2022-04-16 02:14:00,2022-04-16 02:14:00,2022-04-16 06:22:00,2022-04-16 06:22:00,2022-04-16 10:17:00,0.3422
2022-04-15,220415103,2022-04-15 08:00:00,2022-04-15 11:53:00,2022-04-15 11:53:00,2022-04-15 15:58:00,2022-04-15 16:19:00,2022-04-16 16:34:00,2022-04-16 18:34:00,2022-04-16 22:27:00,2022-04-16 22:27:00,2022-04-17 02:33:00,2022-04-17 02:33:00,2022-04-17 06:25:00,2022-04-17 06:25:00,2022-04-17 10:28:00,0.3891
2022-04-16,220416104,2022-04-16 08:00:00,2022-04-16 12:02:00,2022-04-16 12:02:00,2022-04-16 15:53:00,2022-04-16 16:34:00,2022-04-17 16:35:00,2022-04-17 18:35:00,2022-04-17 22:24:00,2022-04-17 22:24:00,2022-04-18 02:22:00,2022-04-18 02:22:00,2022-04-18 06:28:00,2022-04-18 06:28:00,2022-04-18 10:24:00,0.3997
2022-04-17,220417105,2022-04-17 08:00:00,2022-04-17 11:59:00,2022-04-17 11:59:00,2022-04-17 16:04:00,2022-04-17 16:35:00,2022-04-18 16:36:00,2022-04-18 18:36:00,2022-04-18 22:37:00,2022-04-18 22:37:00,2022-04-19 02:35:00,2022-04-19 02:35:00,2022-04-19 06:45:00,2022-04-19 06:45:00,2022-04-19 10:49:00,0.307
2022-04-18,220418106,2022-04-18 08:00:00,2022-04-18 11:49:00,2022-04-18 11:49:00,2022-04-18 15:43:00,2022-04-18 16:36:00,2022-04-19 17:03:00,2022-04-19 19:03:00,2022-04-19 23:04:00,2022-04-19 23:04:00,2022-04-20 03:09:00,2022-04-20 03:09:00,2022-04-20 07:03:00,2022-04-20 07:03:00,2022-04-20 10:57:00,0.2625
2022-04-19,220419107,2022-04-19 08:00:00,2022-04-19 12:03:00,2022-04-19 12:03:00,2022-04-19 16:01:00,2022-04-19 17:03:00,2022-04-20 17:12:00,2022-04-20 19:12:00,2022-04-20 23:07:00,2022-04-20 23:07:00,2022-04-21 03:06:00,2022-04-21 03:06:00,2022-04-21 06:57:00,2022-04-21 06:57:00,2022-04-21 10:50:00,0.0021
2022-04-20,220420108,2022-04-20 08:00:00,2022-04-20 12:10:00,2022-04-20 12:10:00,2022-04-20 16:09:00,2022-04-20 17:12:00,2022-04-21 16:43:00,2022-04-21 18:43:00,2022-04-21 22:34:00,2022-04-21 22:34:00,2022-04-22 02:28:00,2022-04-22 02:28:00,2022-04-22 06:32:00,2022-04-22 06:32:00,2022-04-22 10:42:00,0.5451
2022-04-21,220421109,2022-04-21 08:00:00,2022-04-21 11:59:00,2022-04-21 11:59:00,2022-04-21 15:51:00,2022-04-21 16:43:00,2022-04-22 16:41:00,2022-04-22 18:41:00,2022-04-22 22:36:00,2022-04-22 22:36:00,2022-04-23 02:28:00,2022-04-23 02:28:00,2022-04-23 06:23:00,2022-04-23 06:23:00,2022-04-23 10:25:00,0.4584
2022-04-22,220422110,2022-04-22 08:00:00,2022-04-22 11:55:00,2022-04-22 11:55:00,2022-04-22 16:02:00,2022-04-22 16:41:00,2022-04-23 16:49:00,2022-04-23 18:49:00,2022-04-23 22:47:00,2022-04-23 22:47:00,2022-04-24 02:58:00,2022-04-24 02:58:00,2022-04-24 07:02:00,2022-04-24 07:02:00,2022-04-24 11:00:00,0.4525
2022-04-23,220423111,2022-04-23 08:00:00,2022-04-23 12:02:00,2022-04-23 12:02:00,2022-04-23 15:54:00,2022-04-23 16:49:00,2022-04-24 17:06:00,2022-04-24 19:06:00,2022-04-24 23:10:00,2022-04-24 23:10:00,2022-04-25 03:05:00,2022-04-25 03:05:00,2022-04-25 07:05:00,2022-04-25 07:05:00,2022-04-25 11:16:00,0.5556
2022-04-24,220424112,2022-04-24 08:00:00,2022-04-24 12:00:00,2022-04-24 12:00:00,2022-04-24 16:07:00,2022-04-24 17:06:00,2022-04-25 17:32:00,2022-04-25 19:32:00,2022-04-25 23:24:00,2022-04-25 23:24:00,2022-04-26 03:20:00,2022-04-26 03:20:00,2022-04-26 07:09:00,2022-04-26 07:09:00,2022-04-26 11:20:00,0.6006
2022-04-25,220425113,2022-04-25 08:00:00,2022-04-25 12:03:00,2022-04-25 12:03:00,2022-04-25 15:58:00,2022-04-25 17:32:00,2022-04-26 17:21:00,2022-04-26 19:21:00,2022-04-26 23:23:00,2022-04-26 23:23:00,2022-04-27 03:29:00,2022-04-27 03:29:00,2022-04-27 07:21:00,2022-04-27 07:21:00,2022-04-27 11:29:00,0.4402
2022-04-26,220426114,2022-04-26 08:00:00,2022-04-26 11:52:00,2022-04-26 11:52:00,2022-04-26 15:54:00,2022-04-26 17:21:00,2022-04-27 17:42:00,2022-04-27 19:42:00,2022-04-27 23:33:00,2022-04-27 23:33:00,2022-04-28 03:36:00,2022-04-28 03:36:00,2022-04-28 07:27:00,2022-04-28 07:27:00,2022-04-28 11:37:00,0.4336
2022-04-27,220427115,2022-04-27 08:00:00,2022-04-27 12:05:00,2022-04-27 12:05:00,2022-04-27 16:02:00,2022-04-27 17:42:00,2022-04-28 17:40:00,2022-04-28 19:40:00,2022-04-28 23:34:00,2022-04-28 23:34:00,2022-04-29 03:37:00,2022-04-29 03:37:00,2022-04-29 07:32:00,2022-04-29 07:32:00,2022-04-29 11:33:00,0.7124
2022-04-28,220428116,2022-04-28 08:00:00,2022-04-28 12:01:00,2022-04-28 12:01:00,2022-04-28 15:52:00,2022-04-28 17:40:00,2022-04-29 17:47:00,2022-04-29 19:47:00,2022-04-29 23:47:00,2022-04-29 23:47:00,2022-04-30 03:55:00,2022-04-30 03:55:00,2022-04-30 08:01:00,2022-04-30 08:01:00,2022-04-30 11:54:00,0.5874
2022-04-29,220429117,2022-04-29 08:00:00,2022-04-29 11:48:00,2022-04-29 11:48:00,2022-04-29 15:41:00,2022-04-29 17:47:00,2022-04-30 18:15:00,2022-04-30 20:15:00,2022-05-01 00:07:00,2022-05-01 00:07:00,2022-05-01 04:00:00,2022-05-01 04:00:00,2022-05-01 07:51:00,2022-05-01 07:51:00,2022-05-01 11:45:00,0.3993
2022-04-30,220430118,2022-04-30 08:00:00,2022-04-30 11:50:00,2022-04-30 11:50:00,2022-04-30 15:56:00,2022-04-30 18:15:00,2022-05-01 18:43:00,2022-05-01 20:43:00,2022-05-02 00:37:00,2022-05-02 00:37:00,2022-05-02 04:40:00,2022-05-02 04:40:00,2022-05-02 08:31:00,2022-05-02 08:31:00,2022-05-02 12:24:00,0.669
2022-05-01,220501119,2022-05-01 08:00:00,2022-05-01 12:07:00,2022-05-01 12:07:00,2022-05-01 16:06:00,2022-05-01 18:43:00,2022-05-02 18:31:00,2022-05-02 20:31:00,2022-05-03 00:19:00,2022-05-03 00:19:00,2022-05-03 04:23:00,2022-05-03 04:23:00,2022-05-03 08:13:00,2022-05-03 08:13:00,2022-05-03 12:15:00,0.5807
2022-05-02,220502120,2022-05-02 08:00:00,2022-05-02 12:10:00,2022-05-02 12:10:00,2022-05-02 16:17:00,2022-05-02 18:31:00,2022-05-03 18:15:00,2022-05-03 20:15:00,2022-05-04 00:16:00,2022-05-04 00:16:00,2022-05-04 04:10:00,2022-05-04 04:10:00,2022-05-04 08:14:00,2022-05-04 08:14:00,2022-05-04 12:17:00,0.4445
2022-05-03,220503121,2022-05-03 08:00:00,2022-05-03 11:53:00,2022-05-03 11:53:00,2022-05-03 15:57:00,2022-05-03 18:15:00,2022-05-04 18:20:00,2022-05-04 20:20:00,2022-05-05 00:11:00,2022-05-05 00:11:00,2022-05-05 04:16:00,2022-05-05 04:16:00,2022-05-05 08:27:00,2022-05-05 08:27:00,2022-05-05 12:20:00,0.3717
2022-05-04,220504122,2022-05-04 08:00:00,2022-05-04 12:02:00,2022-05-04 12:02:00,2022-05-04 16:01:00,2022-05-04 18:20:00,2022-05-05 18:35:00,2022-05-05 20:35:00,2022-05-06 00:36:00,2022-05-06 00:36:00,2022-05-06 04:38:00,2022-05-06 04:38:00,2022-05-06 08:37:00,2022-05-06 08:37:00,2022-05-06 12:34:00,0.4862
2022-05-05,220505123,2022-05-05 08:00:00,2022-05-05 12:09:00,2022-05-05 12:09:00,2022-05-05 16:14:00,2022-05-05 18:35:00,2022-05-06 19:00:00,2022-05-06 21:00:00,2022-05-07 00:59:00,2022-05-07 00:59:00,2022-05-07 05:09:00,2022-05-07 05:09:00,2022-05-07 09:09:00,2022-05-07 09:09:00,2022-05-07 13:01:00,0.4835
2022-05-06,220506124,2022-05-06 08:00:00,2022-05-06 11:58:00,2022-05-06 11:58:00,2022-05-06 15:48:00,2022-05-06 19:00:00,2022-05-07 18:48:00,2022-05-07 20:48:00,2022-05-08 00:58:00,2022-05-08 00:58:00,2022-05-08 04:48:00,2022-05-08 04:48:00,2022-05-08 08:58:00,2022-05-08 08:58:00,2022-05-08 12:55:00,0.4903
2022-05-07,220507125,2022-05-07 08:00:00,2022-05-07 11:54:00,2022-05-07 11:54:00,2022-05-07 15:45:00,2022-05-07 18:48:00,2022-05-08 18:49:00,2022-05-08 20:49:00,2022-05-09 00:40:00,2022-05-09 00:40:00,2022-05-09 04:39:00,2022-05-09 04:39:00,2022-05-09 08:30:00,2022-05-09 08:30:00,2022-05-09 12:25:00,0.5336
2022-05-08,220508126,2022-05-08 08:00:00,2022-05-08 11:57:00,2022-05-08 11:57:00,2022-05-08 16:04:00,2022-05-08 18:49:00,2022-05-09 19:14:00,2022-05-09 21:14:00,2022-05-10 01:06:00,2022-05-10 01:06:00,2022-05-10 05:02:00,2022-05-10 05:02:00,2022-05-10 09:01:00,2022-05-10 09:01:00,2022-05-10 13:04:00,0.4728
2022-05-09,220509127,2022-05-09 08:00:00,2022-05-09 11:59:00,2022-05-09 11:59:00,2022-05-09 15:50:00,2022-05-09 19:14:00,2022-05-10 19:42:00,2022-05-10 21:42:00,2022-05-11 01:44:00,2022-05-11 01:44:00,2022-05-11 05:36:00,2022-05-11 05:36:00,2022-05-11 09:26:00,2022-05-11 09:26:00,2022-05-11 13:33:00,0.3668
2022-05-10,220510128,2022-05-10 08:00:00,2022-05-10 11:58:00,2022-05-10 11:58:00,2022-05-10 16:01:00,2022-05-10 19:42:00,2022-05-11 19:34:00,2022-05-11 21:34:00,2022-05-12 01:24:00,2022-05-12 01:24:00,2022-05-12 05:20:00,2022-05-12 05:20:00,2022-05-12 09:17:00,2022-05-12 09:17:00,2022-05-12 13:10:00,0.6013
2022-05-11,220511129,2022-05-11 08:00:00,2022-05-11 12:09:00,2022-05-11 12:09:00,2022-05-11 16:18:00,2022-05-11 19:34:00,2022-05-12 19:22:00,2022-05-12 21:22:00,2022-05-13 01:20:00,2022-05-13 01:20:00,2022-05-13 05:12:00,2022-05-13 05:12:00,2022-05-13 09:12:00,2022-05-13 09:12:00,2022-05-13 13:02:00,0.5018
2022-05-12,220512130,2022-05-12 08:00:00,2022-05-12 11:57:00,2022-05-12 11:57:00,2022-05-12 16:05:00,2022-05-12 19:22:00,2022-05-13 18:55:00,2022-05-13 20:55:00,2022-05-14 00:55:00,2022-05-14 00:55:00,2022-05-14 04:53:00,2022-05-14 04:53:00,2022-05-14 09:04:00,2022-05-14 09:04:00,2022-05-14 13:09:00,0.6848
2022-05-13,220513131,2022-05-13 08:00:00,2022-05-13 12:03:00,2022-05-13 12:03:00,2022-05-13 16:06:00,2022-05-13 18:55:00,2022-05-14 18:33:00,2022-05-14 20:33:00,2022-05-15 00:38:00,2022-05-15 00:38:00,2022-05-15 04:42:00,2022-05-15 04:42:00,2022-05-15 08:41:00,2022-05-15 08:41:00,2022-05-15 12:31:00,0.2619
2022-05-14,220514132,2022-05-14 08:00:00,2022-05-14 11:57:00,2022-05-14 11:57:00,2022-05-14 15:47:00,2022-05-14 18:33:00,2022-05-15 18:41:00,2022-05-15 20:41:00,2022-05-16 00:36:00,2022-05-16 00:36:00,2022-05-16 04:39:00,2022-05-16 04:39:00,2022-05-16 08:47:00,2022-05-16 08:47:00,2022-05-16 12:38:00,0.4858
2022-05-15,220515133,2022-05-15 08:00:00,2022-05-15 11:48:00,2022-05-15 11:48:00,2022-05-15 15:36:00,2022-05-15 18:41:00,2022-05-16 19:07:00,2022-05-16 21:07:00,2022-05-17 01:08:00,2022-05-17 01:08:00,2022-05-17 05:10:00,2022-05-17 05:10:00,2022-05-17 09:13:00,2022-05-17 09:13:00,2022-05-17 13:17:00,0.4004
2022-05-16,220516134,2022-05-16 08:00:00,2022-05-16 11:57:00,2022-05-16 11:57:00,2022-05-16 15:45:00,2022-05-16 19:07:00,2022-05-17 19:12:00,2022-05-17 21:12:00,2022-05-18 01:18:00,2022-05-18 01:18:00,2022-05-18 05:12:00,2022-05-18 05:12:00,2022-05-18 09:14:00,2022-05-18 09:14:00,2022-05-18 13:24:00,0.3604
2022-05-17,220517135,2022-05-17 08:00:00,2022-05-17 11:49:00,2022-05-17 11:49:00,2022-05-17 15:57:00,2022-05-17 19:12:00,2022-05-18 18:54:00,2022-05-18 20:54:00,2022-05-19 00:48:00,2022-05-19 00:48:00,2022-05-19 04:52:00,2022-05-19 04:52:00,2022-05-19 08:55:00,2022-05-19 08:55:00,2022-05-19 12:43:00,0.4573
2022-05-18,220518136,2022-05-18 08:00:00,2022-05-18 12:11:00,2022-05-18 12:11:00,2022-05-18 16:20:00,2022-05-18 18:54:00,2022-05-19 18:34:00,2022-05-19 20:34:00,2022-05-20 00:25:00,2022-05-20 00:25:00,2022-05-20 04:29:00,2022-05-20 04:29:00,2022-05-20 08:39:00,2022-05-20 08:39:00,2022-05-20 12:34:00,0.6408
2022-05-19,220519137,2022-05-19 08:00:00,2022-05-19 11:52:00,2022-05-19 11:52:00,2022-05-19 15:41:00,2022-05-19 18:34:00,2022-05-20 18:53:00,2022-05-20 20:53:00,2022-05-21 00:55:00,2022-05-21 00:55:00,2022-05-21 05:01:00,2022-05-21 05:01:00,2022-05-21 08:51:00,2022-05-21 08:51:00,2022-05-21 12:59:00,0.7534
2022-05-20,220520138,2022-05-20 08:00:00,2022-05-20 11:53:00,2022-05-20 11:53:00,2022-05-20 15:48:00,2022-05-20 18:53:00,2022-05-21 19:18:00,2022-05-21 21:18:00,2022-05-22 01:08:00,2022-05-22 01:08:00,2022-05-22 05:08:00,2022-05-22 05:08:00,2022-05-22 09:12:00,2022-05-22 09:12:00,2022-05-22 13:00:00,0.5092
2022-05-21,220521139,2022-05-21 08:00:00,2022-05-21 11:48:00,2022-05-21 11:48:00,2022-05-21 15:48:00,2022-05-21 19:18:00,2022-05-22 19:23:00,2022-05-22 21:23:00,2022-05-23 01:17:00,2022-05-23 01:17:00,2022-05-23 05:06:00,2022-05-23 05:06:00,2022-05-23 08:57:00,2022-05-23 08:57:00,2022-05-23 13:02:00,0.3829
2022-05-22,220522140,2022-05-22 08:00:00,2022-05-22 12:02:00,2022-05-22 12:02:00,2022-05-22 15:51:00,2022-05-22 19:23:00,2022-05-23 19:42:00,2022-05-23 21:42:00,2022-05-24 01:43:00,2022-05-24 01:43:00,2022-05-24 05:45:00,2022-05-24 05:45:00,2022-05-24 09:34:00,2022-05-24 09:34:00,2022-05-24 13:26:00,0.3948
2022-05-23,220523141,2022-05-23 08:00:00,2022-05-23 12:08:00,2022-05-23 12:08:00,2022-05-23 16:13:00,2022-05-23 19:42:00,2022-05-24 20:02:00,2022-05-24 22:02:00,2022-05-25 01:59:00,2022-05-25 01:59:00,2022-05-25 06:10:00,2022-05-25 06:10:00,2022-05-25 09:59:00,2022-05-25 09:59:00,2022-05-25 14:01:00,0.5829
2022-05-24,220524142,2022-05-24 08:00:00,2022-05-24 12:01:00,2022-05-24 12:01:00,2022-05-24 15:55:00,2022-05-24 20:02:00,2022-05-25 20:14:00,2022-05-25 22:14:00,2022-05-26 02:12:00,2022-05-26 02:12:00,2022-05-26 06:21:00,2022-05-26 06:21:00,2022-05-26 10:16:00,2022-05-26 10:16:00,2022-05-26 14:12:00,0.5468
2022-05-25,220525143,2022-05-25 08:00:00,2022-05-25 11:55:00,2022-05-25 11:55:00,2022-05-25 15:50:00,2022-05-25 20:14:00,2022-05-26 20:17:00,2022-05-26 22:17:00,2022-05-27 02:14:00,2022-05-27 02:14:00,2022-05-27 06:06:00,2022-05-27 06:06:00,2022-05-27 10:00:00,2022-05-27 10:00:00,2022-05-27 14:07:00,0.3996
2022-05-26,220526144,2022-05-26 08:00:00,2022-05-26 12:09:00,2022-05-26 12:09:00,2022-05-26 15:57:00,2022-05-26 20:17:00,2022-05-27 20:17:00,2022-05-27 22:17:00,2022-05-28 02:20:00,2022-05-28 02:20:00,2022-05-28 06:09:00,2022-05-28 06:09:00,2022-05-28 10:01:00,2022-05-28 10:01:00,2022-05-28 13:59:00,0.6553
2022-05-27,220527145,2022-05-27 08:00:00,2022-05-27 11:52:00,2022-05-27 11:52:00,2022-05-27 15:47:00,2022-05-27 20:17:00,2022-05-28 19:51:00,2022-05-28 21:51:00,2022-05-29 01:57:00,2022-05-29 01:57:00,2022-05-29 05:55:00,2022-05-29 05:55:00,2022-05-29 09:52:00,2022-05-29 09:52:00,2022-05-29 13:54:00,0.1524
2022-05-28,220528146,2022-05-28 08:00:00,2022-05-28 11:55:00,2022-05-28 11:55:00,2022-05-28 16:03:00,2022-05-28 19:51:00,2022-05-29 19:41:00,2022-05-29 21:41:00,2022-05-30 01:34:00,2022-05-30 01:34:00,2022-05-30 05:26:00,2022-05-30 05:26:00,2022-05-30 09:22:00,2022-05-30 09:22:00,2022-05-30 13:33:00,0.4235
2022-05-29,220529147,2022-05-29 08:00:00,2022-05-29 11:54:00,2022-05-29 11:54:00,2022-05-29 15:43:00,2022-05-29 19:41:00,2022-05-30 19:21:00,2022-05-30 21:21:00,2022-05-31 01:22:00,2022-05-31 01:22:00,2022-05-31 05:14:00,2022-05-31 05:14:00,2022-05-31 09:13:00,2022-05-31 09:13:00,2022-05-31 13:17:00,0.4867
2022-05-30,220530148,2022-05-30 08:00:00,2022-05-30 11:59:00,2022-05-30 11:59:00,2022-05-30 15:57:00,2022-05-30 19:21:00,2022-05-31 19:36:00,2022-05-31 21:36:00,2022-06-01 01:33:00,2022-06-01 01:33:00,2022-06-01 05:30:00,2022-06-01 05:30:00,2022-06-01 09:26:00,2022-06-01 09:26:00,2022-06-01 13:14:00,0.4709
2022-05-31,220531149,2022-05-31 08:00:00,2022-05-31 11:52:00,2022-05-31 11:52:00,2022-05-31 15:40:00,2022-05-31 19:36:00,2022-06-01 19:31:00,2022-06-01 21:31:00,2022-06-02 01:27:00,2022-06-02 01:27:00,2022-06-02 05:38:00,2022-06-02 05:38:00,2022-06-02 09:33:00,2022-06-02 09:33:00,2022-06-02 13:27:00,0.3445
2022-06-01,220601150,2022-06-01 08:00:00,2022-06-01 11:53:00,2022-06-01 11:53:00,2022-06-01 15:50:00,2022-06-01 19:31:00,2022-06-02 19:52:00,2022-06-02 21:52:00,2022-06-03 02:03:00,2022-06-03 02:03:00,2022-06-03 06:00:00,2022-06-03 06:00:00,2022-06-03 10:08:00,2022-06-03 10:08:00,2022-06-03 14:18:00,0.4476
2022-06-02,220602151,2022-06-02 08:00:00,2022-06-02 11:52:00,2022-06-02 11:52:00,2022-06-02 15:47:00,2022-06-02 19:52:00,2022-06-03 20:11:00,2022-06-03 22:11:00,2022-06-04 02:17:00,2022-06-04 02:17:00,2022-06-04 06:21:00,2022-06-04 06:21:00,2022-06-04 10:14:00,2022-06-04 10:14:00,2022-06-04 14:14:00,0.6829
2022-06-03,220603152,2022-06-03 08:00:00,2022-06-03 11:59:00,2022-06-03 11:59:00,2022-06-03 15:54:00,2022-06-03 20:11:00,2022-06-04 20:32:00,2022-06-04 22:32:00,2022-06-05 02:26:00,2022-06-05 02:26:00,2022-06-05 06:29:00,2022-06-05 06:29:00,2022-06-05 10:39:00,2022-06-05 10:39:00,2022-06-05 14:31:00,0.4577
2022-06-04,220604153,2022-06-04 08:00:00,2022-06-04 11:48:00,2022-06-04 11:48:00,2022-06-04 15:37:00,2022-06-04 20:32:00,2022-06-05 20:51:00,2022-06-05 22:51:00,2022-06-06 02:44:00,2022-06-06 02:44:00,2022-06-06 06:38:00,2022-06-06 06:38:00,2022-06-06 10:36:00,2022-06-06 10:36:00,2022-06-06 14:27:00,0.6122
2022-06-05,220605154,2022-06-05 08:00:00,2022-06-05 11:48:00,2022-06-05 11:48:00,2022-06-05 15:57:00,2022-06-05 20:51:00,2022-06-06 21:12:00,2022-06-06 23:12:00,2022-06-07 03:04:00,2022-06-07 03:04:00,2022-06-07 06:55:00,2022-06-07 06:55:00,2022-06-07 11:03:00,2022-06-07 11:03:00,2022-06-07 14:59:00,0.4527
2022-06-06,220606155,2022-06-06 08:00:00,2022-06-06 12:08:00,2022-06-06 12:08:00,2022-06-06 16:11:00,2022-06-06 21:12:00,2022-06-07 21:12:00,2022-06-07 23:12:00,2022-06-08 03:11:00,2022-06-08 03:11:00,2022-06-08 07:16:00,2022-06-08 07:16:00,2022-06-08 11:10:00,2022-06-08 11:10:00,2022-06-08 15:16:00,0.8037
2022-06-07,220607156,2022-06-07 08:00:00,2022-06-07 12:01:00,2022-06-07 12:01:00,2022-06-07 16:10:00,2022-06-07 21:12:00,2022-06-08 21:20:00,2022-06-08 23:20:00,2022-06-09 03:31:00,2022-06-09 03:31:00,2022-06-09 07:37:00,2022-06-09 07:37:00,2022-06-09 11:29:00,2022-06-09 11:29:00,2022-06-09 15:27:00,0.6042
2022-06-08,220608157,2022-06-08 08:00:00,2022-06-08 12:11:00,2022-06-08 12:11:00,2022-06-08 16:20:00,2022-06-08 21:20:00,2022-06-09 20:59:00,2022-06-09 22:59:00,2022-06-10 03:09:00,2022-06-10 03:09:00,2022-06-10 07:13:00,2022-06-10 07:13:00,2022-06-10 11:18:00,2022-06-10 11:18:00,2022-06-10 15:27:00,0.6622
2022-06-09,220609158,2022-06-09 08:00:00,2022-06-09 11:58:00,2022-06-09 11:58:00,2022-06-09 16:07:00,2022-06-09 20:59:00,2022-06-10 20:49:00,2022-06-10 22:49:00,2022-06-11 02:47:00,2022-06-11 02:47:00,2022-06-11 06:39:00,2022-06-11 06:39:00,2022-06-11 10:50:00,2022-06-11 10:50:00,2022-06-11 14:40:00,0.1621
2022-06-10,220610159,2022-06-10 08:00:00,2022-06-10 11:56:00,2022-06-10 11:56:00,2022-06-10 15:58:00,2022-06-10 20:49:00,2022-06-11 20:26:00,2022-06-11 22:26:00,2022-06-12 02:26:00,2022-06-12 02:26:00,2022-06-12 06:20:00,2022-06-12 06:20:00,2022-06-12 10:29:00,2022-06-12 10:29:00,2022-06-12 14:39:00,0.4298
2022-06-11,220611160,2022-06-11 08:00:00,2022-06-11 11:55:00,2022-06-11 11:55:00,2022-06-11 15:56:00,2022-06-11 20:26:00,2022-06-12 20:28:00,2022-06-12 22:28:00,2022-06-13 02:33:00,2022-06-13 02:33:00,2022-06-13 06:43:00,2022-06-13 06:43:00,2022-06-13 10:34:00,2022-06-13 10:34:00,2022-06-13 14:37:00,0.4775
2022-06-12,220612161,2022-06-12 08:00:00,2022-06-12 11:55:00,2022-06-12 11:55:00,2022-06-12 16:05:00,2022-06-12 20:28:00,2022-06-13 20:13:00,2022-06-13 22:13:00,2022-06-14 02:09:00,2022-06-14 02:09:00,2022-06-14 06:06:00,2022-06-14 06:06:00,2022-06-14 10:00:00,2022-06-14 10:00:00,2022-06-14 14:07:00,0.682
2022-06-13,220613162,2022-06-13 08:00:00,2022-06-13 12:11:00,2022-06-13 12:11:00,2022-06-13 16:06:00,2022-06-13 20:13:00,2022-06-14 19:55:00,2022-06-14 21:55:00,2022-06-15 01:54:00,2022-06-15 01:54:00,2022-06-15 05:49:00,2022-06-15 05:49:00,2022-06-15 09:53:00,2022-06-15 09:53:00,2022-06-15 13:53:00,0.4909
2022-06-14,220614163,2022-06-14 08:00:00,2022-06-14 12:05:00,2022-06-14 12:05:00,2022-06-14 15:57:00,2022-06-14 19:55:00,2022-06-15 19:27:00,2022-06-15 21:27:00,2022-06-16 01:22:00,2022-06-16 01:22:00,2022-06-16 05:14:00,2022-06-16 05:14:00,2022-06-16 09:22:00,2022-06-16 09:22:00,2022-06-16 13:28:00,0.4711
2022-06-15,220615164,2022-06-15 08:00:00,2022-06-15 11:54:00,2022-06-15 11:54:00,2022-06-15 15:56:00,2022-06-15 19:27:00,2022-06-16 19:45:00,2022-06-16 21:45:00,2022-06-17 01:42:00,2022-06-17 01:42:00,2022-06-17 05:45:00,2022-06-17 05:45:00,2022-06-17 09:51:00,2022-06-17 09:51:00,2022-06-17 13:52:00,0.6829
2022-06-16,220616165,2022-06-16 08:00:00,2022-06-16 11:53:00,2022-06-16 11:53:00,2022-06-16 15:48:00,2022-06-16 19:45:00,2022-06-17 19:51:00,2022-06-17 21:51:00,2022-06-18 01:52:00,2022-06-18 01:52:00,2022-06-18 05:59:00,2022-06-18 05:59:00,2022-06-18 09:53:00,2022-06-18 09:53:00,2022-06-18 13:47:00,0.5841
2022-06-17,220617166,2022-06-17 08:00:00,2022-06-17 11:52:00,2022-06-17 11:52:00,2022-06-17 15:49:00,2022-06-17 19:51:00,2022-06-18 19:35:00,2022-06-18 21:35:00,2022-06-19 01:28:00,2022-06-19 01:28:00,2022-06-19 05:31:00,2022-06-19 05:31:00,2022-06-19 09:21:00,2022-06-19 09:21:00,2022-06-19 13:30:00,0.3611
2022-06-18,220618167,2022-06-18 08:00:00,2022-06-18 12:03:00,2022-06-18 12:03:00,2022-06-18 15:55:00,2022-06-18 19:35:00,2022-06-19 19:20:00,2022-06-19 21:20:00,2022-06-20 01:20:00,2022-06-20 01:20:00,2022-06-20 05:30:00,2022-06-20 05:30:00,2022-06-20 09:40:00,2022-06-20 09:40:00,2022-06-20 13:51:00,0.039
2022-06-19,220619168,2022-06-19 08:00:00,2022-06-19 11:53:00,2022-06-19 11:53:00,2022-06-19 15:41:00,2022-06-19 19:20:00,2022-06-20 19:20:00,2022-06-20 21:20:00,2022-06-21 01:30:00,2022-06-21 01:30:00,2022-06-21 05:40:00,2022-06-21 05:40:00,2022-06-21 09:50:00,2022-06-21 09:50:00,2022-06-21 13:41:00,0.1064
2022-06-20,220620169,2022-06-20 08:00:00,2022-06-20 12:07:00,2022-06-20 12:07:00,2022-06-20 15:55:00,2022-06-20 19:20:00,2022-06-21 18:59:00,2022-06-21 20:59:00,2022-06-22 01:10:00,2022-06-22 01:10:00,2022-06-22 05:00:00,2022-06-22 05:00:00,2022-06-22 09:06:00,2022-06-22 09:06:00,2022-06-22 13:17:00,0.6366
2022-06-21,220621170,2022-06-21 08:00:00,2022-06-21 12:11:00,2022-06-21 12:11:00,2022-06-21 16:14:00,2022-06-21 18:59:00,2022-06-22 19:26:00,2022-06-22 21:26:00,2022-06-23 01:31:00,2022-06-23 01:31:00,2022-06-23 05:31:00,2022-06-23 05:31:00,2022-06-23 09:33:00,2022-06-23 09:33:00,2022-06-23 13:33:00,0.6635
2022-06-22,220622171,2022-06-22 08:00:00,2022-06-22 12:11:00,2022-06-22 12:11:00,2022-06-22 15:59:00,2022-06-22 19:26:00,2022-06-23 19:43:00,2022-06-23 21:43:00,2022-06-24 01:33:00,2022-06-24 01:33:00,2022-06-24 05:28:00,2022-06-24 05:28:00,2022-06-24 09:20:00,2022-06-24 09:20:00,2022-06-24 13:08:00,0.3986
2022-06-23,220623172,2022-06-23 08:00:00,2022-06-23 11:54:00,2022-06-23 11:54:00,2022-06-23 16:04:00,2022-06-23 19:43:00,2022-06-24 19:22:00,2022-06-24 21:22:00,2022-06-25 01:12:00,2022-06-25 01:12:00,2022-06-25 05:22:00,2022-06-25 05:22:00,2022-06-25 09:27:00,2022-06-25 09:27:00,2022-06-25 13:15:00,0.5759
2022-06-24,220624173,2022-06-24 08:00:00,2022-06-24 11:59:00,2022-06-24 11:59:00,2022-06-24 16:04:00,2022-06-24 19:22:00,2022-06-25 19:39:00,2022-06-25 21:39:00,2022-06-26 01:40:00,2022-06-26 01:40:00,2022-06-26 05:35:00,2022-06-26 05:35:00,2022-06-26 09:37:00,2022-06-26 09:37:00,2022-06-26 13:46:00,0.4546
2022-06-25,220625174,2022-06-25 08:00:00,2022-06-25 12:05:00,2022-06-25 12:05:00,2022-06-25 15:55:00,2022-06-25 19:39:00,2022-06-26 20:03:00,2022-06-26 22:03:00,2022-06-27 02:02:00,2022-06-27 02:02:00,2022-06-27 05:56:00,2022-06-27 05:56:00,2022-06-27 09:52:00,2022-06-27 09:52:00,2022-06-27 14:00:00,0.5851
2022-06-26,220626175,2022-06-26 08:00:00,2022-06-26 11:54:00,2022-06-26 11:54:00,2022-06-26 15:48:00,2022-06-26 20:03:00,2022-06-27 20:17:00,2022-06-27 22:17:00,2022-06-28 02:28:00,2022-06-28 02:28:00,2022-06-28 06:21:00,2022-06-28 06:21:00,2022-06-28 10:15:00,2022-06-28 10:15:00,2022-06-28 14:24:00,0.5264
2022-06-27,220627176,2022-06-27 08:00:00,2022-06-27 11:51:00,2022-06-27 11:51:00,2022-06-27 15:40:00,2022-06-27 20:17:00,2022-06-28 20:29:00,2022-06-28 22:29:00,2022-06-29 02:32:00,2022-06-29 02:32:00,2022-06-29 06:28:00,2022-06-29 06:28:00,2022-06-29 10:21:00,2022-06-29 10:21:00,2022-06-29 14:14:00,0.7037
2022-06-28,220628177,2022-06-28 08:00:00,2022-06-28 11:56:00,2022-06-28 11:56:00,2022-06-28 15:52:00,2022-06-28 20:29:00,2022-06-29 20:02:00,2022-06-29 22:02:00,2022-06-30 02:03:00,2022-06-30 02:03:00,2022-06-30 06:14:00,2022-06-30 06:14:00,2022-06-30 10:08:00,2022-06-30 10:08:00,2022-06-30 14:13:00,0.5018
2022-06-29,220629178,2022-06-29 08:00:00,2022-06-29 11:56:00,2022-06-29 11:56:00,2022-06-29 15:59:00,2022-06-29 20:02:00,2022-06-30 20:12:00,2022-06-30 22:12:00,2022-07-01 02:05:00,2022-07-01 02:05:00,2022-07-01 06:12:00,2022-07-01 06:12:00,2022-07-01 10:21:00,2022-07-01 10:21:00,2022-07-01 14:29:00,0.6156
2022-06-30,220630179,2022-06-30 08:00:00,2022-06-30 12:02:00,2022-06-30 12:02:00,2022-06-30 15:52:00,2022-06-30 20:12:00,2022-07-01 19:50:00,2022-07-01 21:50:00,2022-07-02 01:45:00,2022-07-02 01:45:00,2022-07-02 05:48:00,2022-07-02 05:48:00,2022-07-02 09:41:00,2022-07-02 09:41:00,2022-07-02 13:31:00,0.6709
2022-07-01,220701180,2022-07-01 08:00:00,2022-07-01 12:11:00,2022-07-01 12:11:00,2022-07-01 16:13:00,2022-07-01 19:50:00,2022-07-02 20:09:00,2022-07-02 22:09:00,2022-07-03 02:17:00,2022-07-03 02:17:00,2022-07-03 06:05:00,2022-07-03 06:05:00,2022-07-03 10:01:00,2022-07-03 10:01:00,2022-07-03 14:01:00,0.4581
2022-07-02,220702181,2022-07-02 08:00:00,2022-07-02 11:58:00,2022-07-02 11:58:00,2022-07-02 15:47:00,2022-07-02 20:09:00,2022-07-03 20:06:00,2022-07-03 22:06:00,2022-07-04 02:07:00,2022-07-04 02:07:00,2022-07-04 05:59:00,2022-07-04 05:59:00,2022-07-04 09:52:00,2022-07-04 09:52:00,2022-07-04 13:49:00,0.5586
2022-07-03,220703182,2022-07-03 08:00:00,2022-07-03 12:08:00,2022-07-03 12:08:00,2022-07-03 15:57:00,2022-07-03 20:06:00,2022-07-04 20:11:00,2022-07-04 22:11:00,2022-07-05 02:21:00,2022-07-05 02:21:00,2022-07-05 06:28:00,2022-07-05 06:28:00,2022-07-05 10:29:00,2022-07-05 10:29:00,2022-07-05 14:36:00,0.5258
2022-07-04,220704183,2022-07-04 08:00:00,2022-07-04 11:50:00,2022-07-04 11:50:00,2022-07-04 15:42:00,2022-07-04 20:11:00,2022-07-05 20:05:00,2022-07-05 22:05:00,2022-07-06 02:07:00,2022-07-06 02:07:00,2022-07-06 06:13:00,2022-07-06 06:13:00,2022-07-06 10:12:00,2022-07-06 10:12:00,2022-07-06 14:05:00,0.4672
2022-07-05,220705184,2022-07-05 08:00:00,2022-07-05 12:10:00,2022-07-05 12:10:00,2022-07-05 16:03:00,2022-07-05 20:05:00,2022-07-06 20:22:00,2022-07-06 22:22:00,2022-07-07 02:12:00,2022-07-07 02:12:00,2022-07-07 06:09:00,2022-07-07 06:09:00,2022-07-07 10:01:00,2022-07-07 10:01:00,2022-07-07 14:11:00,0.5102
2022-07-06,220706185,2022-07-06 08:00:00,2022-07-06 11:57:00,2022-07-06 11:57:00,2022-07-06 15:45:00,2022-07-06 20:22:00,2022-07-07 20:02:00,2022-07-07 22:02:00,2022-07-08 01:51:00,2022-07-08 01:51:00,2022-07-08 06:00:00,2022-07-08 06:00:00,2022-07-08 10:10:00,2022-07-08 10:10:00,2022-07-08 13:58:00,0.3107
2022-07-07,220707186,2022-07-07 08:00:00,2022-07-07 12:03:00,2022-07-07 12:03:00,2022-07-07 16:05:00,2022-07-07 20:02:00,2022-07-08 19:49:00,2022-07-08 21:49:00,2022-07-09 01:57:00,2022-07-09 01:57:00,2022-07-09 06:07:00,2022-07-09 06:07:00,2022-07-09 09:55:00,2022-07-09 09:55:00,2022-07-09 13:49:00,0.4193
2022-07-08,220708187,2022-07-08 08:00:00,2022-07-08 12:01:00,2022-07-08 12:01:00,2022-07-08 16:04:00,2022-07-08 19:49:00,2022-07-09 20:14:00,2022-07-09 22:14:00,2022-07-10 02:19:00,2022-07-10 02:19:00,2022-07-10 06:12:00,2022-07-10 06:12:00,2022-07-10 10:05:00,2022-07-10 10:05:00,2022-07-10 13:55:00,0.4971
2022-07-09,220709188,2022-07-09 08:00:00,2022-07-09 11:52:00,2022-07-09 11:52:00,2022-07-09 15:44:00,2022-07-09 20:14:00,2022-07-10 20:13:00,2022-07-10 22:13:00,2022-07-11 02:19:00,2022-07-11 02:19:00,2022-07-11 06:11:00,2022-07-11 06:11:00,2022-07-11 10:02:00,2022-07-11 10:02:00,2022-07-11 13:54:00,0.5654
2022-07-10,220710189,2022-07-10 08:00:00,2022-07-10 12:00:00,2022-07-10 12:00:00,2022-07-10 15:57:00,2022-07-10 20:13:00,2022-07-11 20:30:00,2022-07-11 22:30:00,2022-07-12 02:23:00,2022-07-12 02:23:00,2022-07-12 06:13:00,2022-07-12 06:13:00,2022-07-12 10:12:00,2022-07-12 10:12:00,2022-07-12 14:11:00,0.4931
2022-07-11,220711190,2022-07-11 08:00:00,2022-07-11 12:08:00,2022-07-11 12:08:00,2022-07-11 16:19:00,2022-07-11 20:30:00,2022-07-12 20:39:00,2022-07-12 22:39:00,2022-07-13 02:50:00,2022-07-13 02:50:00,2022-07-13 06:49:00,2022-07-13 06:49:00,2022-07-13 10:45:00,2022-07-13 10:45:00,2022-07-13 14:41:00,0.4961
2022-07-12,220712191,2022-07-12 08:00:00,2022-07-12 11:52:00,2022-07-12 11:52:00,2022-07-12 15:49:00,2022-07-12 20:39:00,2022-07-13 20:59:00,2022-07-13 22:59:00,2022-07-14 03:03:00,2022-07-14 03:03:00,2022-07-14 06:58:00,2022-07-14 06:58:00,2022-07-14 11:00:00,2022-07-14 11:00:00,2022-07-14 15:06:00,0.5457
2022-07-13,220713192,2022-07-13 08:00:00,2022-07-13 12:06:00,2022-07-13 12:06:00,2022-07-13 16:02:00,2022-07-13 20:59:00,2022-07-14 21:09:00,2022-07-14 23:09:00,2022-07-15 03:19:00,2022-07-15 03:19:00,2022-07-15 07:12:00,2022-07-15 07:12:00,2022-07-15 11:06:00,2022-07-15 11:06:00,2022-07-15 15:13:00,0.558
2022-07-14,220714193,2022-07-14 08:00:00,2022-07-14 12:11:00,2022-07-14 12:11:00,2022-07-14 16:00:00,2022-07-14 21:09:00,2022-07-15 21:18:00,2022-07-15 23:18:00,2022-07-16 03:11:00,2022-07-16 03:11:00,2022-07-16 07:17:00,2022-07-16 07:17:00,2022-07-16 11:28:00,2022-07-16 11:28:00,2022-07-16 15:23:00,0.6821
2022-07-15,220715194,2022-07-15 08:00:00,2022-07-15 11:48:00,2022-07-15 11:48:00,2022-07-15 15:42:00,2022-07-15 21:18:00,2022-07-16 20:57:00,2022-07-16 22:57:00,2022-07-17 03:08:00,2022-07-17 03:08:00,2022-07-17 07:04:00,2022-07-17 07:04:00,2022-07-17 10:52:00,2022-07-17 10:52:00,2022-07-17 14:49:00,0.6224
2022-07-16,220716195,2022-07-16 08:00:00,2022-07-16 12:04:00,2022-07-16 12:04:00,2022-07-16 16:02:00,2022-07-16 20:57:00,2022-07-17 21:05:00,2022-07-17 23:05:00,2022-07-18 03:13:00,2022-07-18 03:13:00,2022-07-18 07:17:00,2022-07-18 07:17:00,2022-07-18 11:09:00,2022-07-18 11:09:00,2022-07-18 15:10:00,0.5687
2022-07-17,220717196,2022-07-17 08:00:00,2022-07-17 11:55:00,2022-07-17 11:55:00,2022-07-17 16:03:00,2022-07-17 21:05:00,2022-07-18 20:38:00,2022-07-18 22:38:00,2022-07-19 02:28:00,2022-07-19 02:28:00,2022-07-19 06:30:00,2022-07-19 06:30:00,2022-07-19 10:39:00,2022-07-19 10:39:00,2022-07-19 14:30:00,0.4392
2022-07-18,220718197,2022-07-18 08:00:00,2022-07-18 12:06:00,2022-07-18 12:06:00,2022-07-18 16:12:00,2022-07-18 20:38:00,2022-07-19 20:45:00,2022-07-19 22:45:00,2022-07-20 02:49:00,2022-07-20 02:49:00,2022-07-20 06:51:00,2022-07-20 06:51:00,2022-07-20 10:45:00,2022-07-20 10:45:00,2022-07-20 14:52:00,0.6158
2022-07-19,220719198,2022-07-19 08:00:00,2022-07-19 12:05:00,2022-07-19 12:05:00,2022-07-19 15:54:00,2022-07-19 20:45:00,2022-07-20 21:12:00,2022-07-20 23:12:00,2022-07-21 03:13:00,2022-07-21 03:13:00,2022-07-21 07:15:00,2022-07-21 07:15:00,2022-07-21 11:12:00,2022-07-21 11:12:00,2022-07-21 15:15:00,0.2448
2022-07-20,220720199,2022-07-20 08:00:00,2022-07-20 11:52:00,2022-07-20 11:52:00,2022-07-20 16:02:00,2022-07-20 21:12:00,2022-07-21 20:53:00,2022-07-21 22:53:00,2022-07-22 02:59:00,2022-07-22 02:59:00,2022-07-22 06:51:00,2022-07-22 06:51:00,2022-07-22 11:00:00,2022-07-22 11:00:00,2022-07-22 15:09:00,0.3959
2022-07-21,220721200,2022-07-21 08:00:00,2022-07-21 11:51:00,2022-07-21 11:51:00,2022-07-21 15:49:00,2022-07-21 20:53:00,2022-07-22 21:10:00,2022-07-22 23:10:00,2022-07-23 03:03:00,2022-07-23 03:03:00,2022-07-23 06:53:00,2022-07-23 06:53:00,2022-07-23 10:47:00,2022-07-23 10:47:00,2022-07-23 14:35:00,0.5045
2022-07-22,220722201,2022-07-22 08:00:00,2022-07-22 12:02:00,2022-07-22 12:02:00,2022-07-22 16:09:00,2022-07-22 21:10:00,2022-07-23 20:46:00,2022-07-23 22:46:00,2022-07-24 02:46:00,2022-07-24 02:46:00,2022-07-24 06:45:00,2022-07-24 06:45:00,2022-07-24 10:42:00,2022-07-24 10:42:00,2022-07-24 14:49:00,0.6067
2022-07-23,220723202,2022-07-23 08:00:00,2022-07-23 12:06:00,2022-07-23 12:06:00,2022-07-23 15:55:00,2022-07-23 20:46:00,2022-07-24 20:58:00,2022-07-24 22:58:00,2022-07-25 02:57:00,2022-07-25 02:57:00,2022-07-25 06:55:00,2022-07-25 06:55:00,2022-07-25 10:54:00,2022-07-25 10:54:00,2022-07-25 14:49:00,0.6564
2022-07-24,220724203,2022-07-24 08:00:00,2022-07-24 11:48:00,2022-07-24 11:48:00,2022-07-24 15:37:00,2022-07-24 20:58:00,2022-07-25 20:46:00,2022-07-25 22:46:00,2022-07-26 02:52:00,2022-07-26 02:52:00,2022-07-26 06:51:00,2022-07-26 06:51:00,2022-07-26 10:42:00,2022-07-26 10:42:00,2022-07-26 14:53:00,0.5941
2022-07-25,220725204,2022-07-25 08:00:00,2022-07-25 11:54:00,2022-07-25 11:54:00,2022-07-25 16:02:00,2022-07-25 20:46:00,2022-07-26 20:23:00,2022-07-26 22:23:00,2022-07-27 02:28:00,2022-07-27 02:28:00,2022-07-27 06:29:00,2022-07-27 06:29:00,2022-07-27 10:28:00,2022-07-27 10:28:00,2022-07-27 14:37:00,0.0088
2022-07-26,220726205,2022-07-26 08:00:00,2022-07-26 12:04:00,2022-07-26 12:04:00,2022-07-26 16:15:00,2022-07-26 20:23:00,2022-07-27 20:48:00,2022-07-27 22:48:00,2022-07-28 02:54:00,2022-07-28 02:54:00,2022-07-28 06:52:00,2022-07-28 06:52:00,2022-07-28 10:45:00,2022-07-28 10:45:00,2022-07-28 14:53:00,0.3786
2022-07-27,220727206,2022-07-27 08:00:00,2022-07-27 11:53:00,2022-07-27 11:53:00,2022-07-27 15:56:00,2022-07-27 20:48:00,2022-07-28 20:36:00,2022-07-28 22:36:00,2022-07-29 02:43:00,2022-07-29 02:43:00,2022-07-29 06:46:00,2022-07-29 06:46:00,2022-07-29 10:43:00,2022-07-29 10:43:00,2022-07-29 14:40:00,0.6707
2022-07-28,220728207,2022-07-28 08:00:00,2022-07-28 11:59:00,2022-07-28 11:59:00,2022-07-28 15:48:00,2022-07-28 20:36:00,2022-07-29 20:10:00,2022-07-29 22:10:00,2022-07-30 02:19:00,2022-07-30 02:19:00,2022-07-30 06:07:00,2022-07-30 06:07:00,2022-07-30 10:10:00,2022-07-30 10:10:00,2022-07-30 14:01:00,0.266
2022-07-29,220729208,2022-07-29 08:00:00,2022-07-29 12:09:00,2022-07-29 12:09:00,2022-07-29 16:10:00,2022-07-29 20:10:00,2022-07-30 20:02:00,2022-07-30 22:02:00,2022-07-31 01:59:00,2022-07-31 01:59:00,2022-07-31 05:47:00,2022-07-31 05:47:00,2022-07-31 09:41:00,2022-07-31 09:41:00,2022-07-31 13:48:00,0.488
2022-07-30,220730209,2022-07-30 08:00:00,2022-07-30 12:09:00,2022-07-30 12:09:00,2022-07-30 16:02:00,2022-07-30 20:02:00,2022-07-31 19:49:00,2022-07-31 21:49:00,2022-08-01 01:46:00,2022-08-01 01:46:00,2022-08-01 05:51:00,2022-08-01 05:51:00,2022-08-01 09:50:00,2022-08-01 09:50:00,2022-08-01 13:48:00,0.7355
2022-07-31,220731210,2022-07-31 08:00:00,2022-07-31 12:05:00,2022-07-31 12:05:00,2022-07-31 16:14:00,2022-07-31 19:49:00,2022-08-01 19:22:00,2022-08-01 21:22:00,2022-08-02 01:25:00,2022-08-02 01:25:00,2022-08-02 05:31:00,2022-08-02 05:31:00,2022-08-02 09:28:00,2022-08-02 09:28:00,2022-08-02 13:18:00,0.3283
2022-08-01,220801211,2022-08-01 08:00:00,2022-08-01 11:50:00,2022-08-01 11:50:00,2022-08-01 15:58:00,2022-08-01 19:22:00,2022-08-02 19:12:00,2022-08-02 21:12:00,2022-08-03 01:16:00,2022-08-03 01:16:00,2022-08-03 05:19:00,2022-08-03 05:19:00,2022-08-03 09:20:00,2022-08-03 09:20:00,2022-08-03 13:16:00,0.4771
2022-08-02,220802212,2022-08-02 08:00:00,2022-08-02 11:54:00,2022-08-02 11:54:00,2022-08-02 15:58:00,2022-08-02 19:12:00,2022-08-03 19:18:00,2022-08-03 21:18:00,2022-08-04 01:27:00,2022-08-04 01:27:00,2022-08-04 05:19:00,2022-08-04 05:19:00,2022-08-04 09:07:00,2022-08-04 09:07:00,2022-08-04 12:56:00,0.271
2022-08-03,220803213,2022-08-03 08:00:00,2022-08-03 12:07:00,2022-08-03 12:07:00,2022-08-03 16:16:00,2022-08-03 19:18:00,2022-08-04 19:36:00,2022-08-04 21:36:00,2022-08-05 01:43:00,2022-08-05 01:43:00,2022-08-05 05:32:00,2022-08-05 05:32:00,2022-08-05 09:43:00,2022-08-05 09:43:00,2022-08-05 13:45:00,0.3042
2022-08-04,220804214,2022-08-04 08:00:00,2022-08-04 12:00:00,2022-08-04 12:00:00,2022-08-04 15:51:00,2022-08-04 19:36:00,2022-08-05 19:59:00,2022-08-05 21:59:00,2022-08-06 02:09:00,2022-08-06 02:09:00,2022-08-06 06:15:00,2022-08-06 06:15:00,2022-08-06 10:08:00,2022-08-06 10:08:00,2022-08-06 14:12:00,0.7917
2022-08-05,220805215,2022-08-05 08:00:00,2022-08-05 12:08:00,2022-08-05 12:08:00,2022-08-05 16:07:00,2022-08-05 19:59:00,2022-08-06 20:04:00,2022-08-06 22:04:00,2022-08-07 02:09:00,2022-08-07 02:09:00,2022-08-07 05:57:00,2022-08-07 05:57:00,2022-08-07 09:55:00,2022-08-07 09:55:00,2022-08-07 14:05:00,0.7841
2022-08-06,220806216,2022-08-06 08:00:00,2022-08-06 12:03:00,2022-08-06 12:03:00,2022-08-06 16:13:00,2022-08-06 20:04:00,2022-08-07 20:26:00,2022-08-07 22:26:00,2022-08-08 02:29:00,2022-08-08 02:29:00,2022-08-08 06:23:00,2022-08-08 06:23:00,2022-08-08 10:29:00,2022-08-08 10:29:00,2022-08-08 14:24:00,0.3309
2022-08-07,220807217,2022-08-07 08:00:00,2022-08-07 11:49:00,2022-08-07 11:49:00,2022-08-07 15:51:00,2022-08-07 20:26:00,2022-08-08 20:24:00,2022-08-08 22:24:00,2022-08-09 02:21:00,2022-08-09 02:21:00,2022-08-09 06:09:00,2022-08-09 06:09:00,2022-08-09 10:01:00,2022-08-09 10:01:00,2022-08-09 13:53:00,0.5277
2022-08-08,220808218,2022-08-08 08:00:00,2022-08-08 12:06:00,2022-08-08 12:06:00,2022-08-08 16:15:00,2022-08-08 20:24:00,2022-08-09 20:44:00,2022-08-09 22:44:00,2022-08-10 02:54:00,2022-08-10 02:54:00,2022-08-10 07:01:00,2022-08-10 07:01:00,2022-08-10 11:12:00,2022-08-10 11:12:00,2022-08-10 15:18:00,0.2209
2022-08-09,220809219,2022-08-09 08:00:00,2022-08-09 12:08:00,2022-08-09 12:08:00,2022-08-09 16:07:00,2022-08-09 20:44:00,2022-08-10 20:58:00,2022-08-10 22:58:00,2022-08-11 03:07:00,2022-08-11 03:07:00,2022-08-11 07:05:00,2022-08-11 07:05:00,2022-08-11 10:57:00,2022-08-11 10:57:00,2022-08-11 15:02:00,0.5731
2022-08-10,220810220,2022-08-10 08:00:00,2022-08-10 11:54:00,2022-08-10 11:54:00,2022-08-10 16:00:00,2022-08-10 20:58:00,2022-08-11 20:58:00,2022-08-11 22:58:00,2022-08-12 02:57:00,2022-08-12 02:57:00,2022-08-12 06:47:00,2022-08-12 06:47:00,2022-08-12 10:47:00,2022-08-12 10:47:00,2022-08-12 14:37:00,0.7145
2022-08-11,220811221,2022-08-11 08:00:00,2022-08-11 12:11:00,2022-08-11 12:11:00,2022-08-11 16:05:00,2022-08-11 20:58:00,2022-08-12 21:24:00,2022-08-12 23:24:00,2022-08-13 03:17:00,2022-08-13 03:17:00,2022-08-13 07:11:00,2022-08-13 07:11:00,2022-08-13 11:17:00,2022-08-13 11:17:00,2022-08-13 15:10:00,0.3676
2022-08-12,220812222,2022-08-12 08:00:00,2022-08-12 12:11:00,2022-08-12 12:11:00,2022-08-12 16:13:00,2022-08-12 21:24:00,2022-08-13 21:01:00,2022-08-13 23:01:00,2022-08-14 02:50:00,2022-08-14 02:50:00,2022-08-14 06:44:00,2022-08-14 06:44:00,2022-08-14 10:36:00,2022-08-14 10:36:00,2022-08-14 14:35:00,0.3892
2022-08-13,220813223,2022-08-13 08:00:00,2022-08-13 11:53:00,2022-08-13 11:53:00,2022-08-13 16:03:00,2022-08-13 21:01:00,2022-08-14 21:26:00,2022-08-14 23:26:00,2022-08-15 03:36:00,2022-08-15 03:36:00,2022-08-15 07:29:00,2022-08-15 07:29:00,2022-08-15 11:17:00,2022-08-15 11:17:00,2022-08-15 15:22:00,0.3994
2022-08-14,220814224,2022-08-14 08:00:00,2022-08-14 11:52:00,2022-08-14 11:52:00,2022-08-14 15:49:00,2022-08-14 21:26:00,2022-08-15 21:49:00,2022-08-15 23:49:00,2022-08-16 03:39:00,2022-08-16 03:39:00,2022-08-16 07:27:00,2022-08-16 07:27:00,2022-08-16 11:25:00,2022-08-16 11:25:00,2022-08-16 15:20:00,0.6062
2022-08-15,220815225,2022-08-15 08:00:00,2022-08-15 11:50:00,2022-08-15 11:50:00,2022-08-15 15:53:00,2022-08-15 21:49:00,2022-08-16 22:11:00,2022-08-17 00:11:00,2022-08-17 04:04:00,2022-08-17 04:04:00,2022-08-17 08:11:00,2022-08-17 08:11:00,2022-08-17 12:19:00,2022-08-17 12:19:00,2022-08-17 16:17:00,0.4568
2022-08-16,220816226,2022-08-16 08:00:00,2022-08-16 12:07:00,2022-08-16 12:07:00,2022-08-16 15:59:00,2022-08-16 22:11:00,2022-08-17 22:15:00,2022-08-18 00:15:00,2022-08-18 04:07:00,2022-08-18 04:07:00,2022-08-18 07:57:00,2022-08-18 07:57:00,2022-08-18 11:49:00,2022-08-18 11:49:00,2022-08-18 15:58:00,0.4788
2022-08-17,220817227,2022-08-17 08:00:00,2022-08-17 11:50:00,2022-08-17 11:50:00,2022-08-17 15:50:00,2022-08-17 22:15:00,2022-08-18 22:25:00,2022-08-19 00:25:00,2022-08-19 04:18:00,2022-08-19 04:18:00,2022-08-19 08:15:00,2022-08-19 08:15:00,2022-08-19 12:16:00,2022-08-19 12:16:00,2022-08-19 16:23:00,0.4996
2022-08-18,220818228,2022-08-18 08:00:00,2022-08-18 12:11:00,2022-08-18 12:11:00,2022-08-18 15:59:00,2022-08-18 22:25:00,2022-08-19 22:44:00,2022-08-20 00:44:00,2022-08-20 04:35:00,2022-08-20 04:35:00,2022-08-20 08:42:00,2022-08-20 08:42:00,2022-08-20 12:52:00,2022-08-20 12:52:00,2022-08-20 16:51:00,0.319
2022-08-19,220819229,2022-08-19 08:00:00,2022-08-19 11:51:00,2022-08-19 11:51:00,2022-08-19 15:44:00,2022-08-19 22:44:00,2022-08-20 22:54:00,2022-08-21 00:54:00,2022-08-21 04:49:00,2022-08-21 04:49:00,2022-08-21 08:53:00,2022-08-21 08:53:00,2022-08-21 12:42:00,2022-08-21 12:42:00,2022-08-21 16:47:00,0.2952
2022-08-20,220820230,2022-08-20 08:00:00,2022-08-20 11:58:00,2022-08-20 11:58:00,2022-08-20 15:51:00,2022-08-20 22:54:00,2022-08-21 22:31:00,2022-08-22 00:31:00,2022-08-22 04:32:00,2022-08-22 04:32:00,2022-08-22 08:31:00,2022-08-22 08:31:00,2022-08-22 12:35:00,2022-08-22 12:35:00,2022-08-22 16:46:00,0.5598
2022-08-21,220821231,2022-08-21 08:00:00,2022-08-21 12:08:00,2022-08-21 12:08:00,2022-08-21 16:05:00,2022-08-21 22:31:00,2022-08-22 22:07:00,2022-08-23 00:07:00,2022-08-23 03:56:00,2022-08-23 03:56:00,2022-08-23 08:02:00,2022-08-23 08:02:00,2022-08-23 12:11:00,2022-08-23 12:11:00,2022-08-23 16:00:00,0.543
2022-08-22,220822232,2022-08-22 08:00:00,2022-08-22 11:57:00,2022-08-22 11:57:00,2022-08-22 16:00:00,2022-08-22 22:07:00,2022-08-23 22:03:00,2022-08-24 00:03:00,2022-08-24 03:59:00,2022-08-24 03:59:00,2022-08-24 07:49:00,2022-08-24 07:49:00,2022-08-24 11:42:00,2022-08-24 11:42:00,2022-08-24 15:31:00,0.5782
2022-08-23,220823233,2022-08-23 08:00:00,2022-08-23 11:53:00,2022-08-23 11:53:00,2022-08-23 15:45:00,2022-08-23 22:03:00,2022-08-24 21:46:00,2022-08-24 23:46:00,2022-08-25 03:34:00,2022-08-25 03:34:00,2022-08-25 07:26:00,2022-08-25 07:26:00,2022-08-25 11:26:00,2022-08-25 11:26:00,2022-08-25 15:35:00,0.4974
2022-08-24,220824234,2022-08-24 08:00:00,2022-08-24 11:56:00,2022-08-24 11:56:00,2022-08-24 15:45:00,2022-08-24 21:46:00,2022-08-25 21:33:00,2022-08-25 23:33:00,2022-08-26 03:26:00,2022-08-26 03:26:00,2022-08-26 07:31:00,2022-08-26 07:31:00,2022-08-26 11:34:00,2022-08-26 11:34:00,2022-08-26 15:40:00,0.6748
2022-08-25,220825235,2022-08-25 08:00:00,2022-08-25 11:58:00,2022-08-25 11:58:00,2022-08-25 15:49:00,2022-08-25 21:33:00,2022-08-26 21:42:00,2022-08-26 23:42:00,2022-08-27 03:36:00,2022-08-27 03:36:00,2022-08-27 07:35:00,2022-08-27 07:35:00,2022-08-27 11:26:00,2022-08-27 11:26:00,2022-08-27 15:32:00,0.492
2022-08-26,220826236,2022-08-26 08:00:00,2022-08-26 11:50:00,2022-08-26 11:50:00,2022-08-26 15:40:00,2022-08-26 21:42:00,2022-08-27 22:01:00,2022-08-28 00:01:00,2022-08-28 04:02:00,2022-08-28 04:02:00,2022-08-28 07:53:00,2022-08-28 07:53:00,2022-08-28 11:44:00,2022-08-28 11:44:00,2022-08-28 15:40:00,0.6425
2022-08-27,220827237,2022-08-27 08:00:00,2022-08-27 12:00:00,2022-08-27 12:00:00,2022-08-27 16:07:00,2022-08-27 22:01:00,2022-08-28 22:19:00,2022-08-29 00:19:00,2022-08-29 04:17:00,2022-08-29 04:17:00,2022-08-29 08:23:00,2022-08-29 08:23:00,2022-08-29 12:22:00,2022-08-29 12:22:00,2022-08-29 16:17:00,0.3646
2022-08-28,220828238,2022-08-28 08:00:00,2022-08-28 12:08:00,2022-08-28 12:08:00,2022-08-28 15:57:00,2022-08-28 22:19:00,2022-08-29 22:03:00,2022-08-30 00:03:00,2022-08-30 03:56:00,2022-08-30 03:56:00,2022-08-30 07:59:00,2022-08-30 07:59:00,2022-08-30 11:50:00,2022-08-30 11:50:00,2022-08-30 15:50:00,0.6921
2022-08-29,220829239,2022-08-29 08:00:00,2022-08-29 11:52:00,2022-08-29 11:52:00,2022-08-29 15:48:00,2022-08-29 22:03:00,2022-08-30 22:17:00,2022-08-31 00:17:00,2022-08-31 04:26:00,2022-08-31 04:26:00,2022-08-31 08:14:00,2022-08-31 08:14:00,2022-08-31 12:07:00,2022-08-31 12:07:00,2022-08-31 16:16:00,0.5466
2022-08-30,220830240,2022-08-30 08:00:00,2022-08-30 12:10:00,2022-08-30 12:10:00,2022-08-30 16:00:00,2022-08-30 22:17:00,2022-08-31 22:05:00,2022-09-01 00:05:00,2022-09-01 04:02:00,2022-09-01 04:02:00,2022-09-01 08:02:00,2022-09-01 08:02:00,2022-09-01 12:07:00,2022-09-01 12:07:00,2022-09-01 16:15:00,0.2397
2022-08-31,220831241,2022-08-31 08:00:00,2022-08-31 12:01:00,2022-08-31 12:01:00,2022-08-31 15:49:00,2022-08-31 22:05:00,2022-09-01 22:33:00,2022-09-02 00:33:00,2022-09-02 04:37:00,2022-09-02 04:37:00,2022-09-02 08:47:00,2022-09-02 08:47:00,2022-09-02 12:57:00,2022-09-02 12:57:00,2022-09-02 17:04:00,0.6109
2022-09-01,220901242,2022-09-01 08:00:00,2022-09-01 11:50:00,2022-09-01 11:50:00,2022-09-01 15:59:00,2022-09-01 22:33:00,2022-09-02 22:23:00,2022-09-03 00:23:00,2022-09-03 04:18:00,2022-09-03 04:18:00,2022-09-03 08:19:00,2022-09-03 08:19:00,2022-09-03 12:09:00,2022-09-03 12:09:00,2022-09-03 16:04:00,0.6981
2022-09-02,220902243,2022-09-02 08:00:00,2022-09-02 12:09:00,2022-09-02 12:09:00,2022-09-02 16:04:00,2022-09-02 22:23:00,2022-09-03 21:58:00,2022-09-03 23:58:00,2022-09-04 03:57:00,2022-09-04 03:57:00,2022-09-04 07:47:00,2022-09-04 07:47:00,2022-09-04 11:49:00,2022-09-04 11:49:00,2022-09-04 15:43:00,0.3716
2022-09-03,220903244,2022-09-03 08:00:00,2022-09-03 11:58:00,2022-09-03 11:58:00,2022-09-03 15:50:00,2022-09-03 21:58:00,2022-09-04 21:43:00,2022-09-04 23:43:00,2022-09-05 03:41:00,2022-09-05 03:41:00,2022-09-05 07:51:00,2022-09-05 07:51:00,2022-09-05 11:54:00,2022-09-05 11:54:00,2022-09-05 15:57:00,0.4715
2022-09-04,220904245,2022-09-04 08:00:00,2022-09-04 12:02:00,2022-09-04 12:02:00,2022-09-04 16:09:00,2022-09-04 21:43:00,2022-09-05 21:25:00,2022-09-05 23:25:00,2022-09-06 03:19:00,2022-09-06 03:19:00,2022-09-06 07:18:00,2022-09-06 07:18:00,2022-09-06 11:21:00,2022-09-06 11:21:00,2022-09-06 15:28:00,0.8138
2022-09-05,220905246,2022-09-05 08:00:00,2022-09-05 11:51:00,2022-09-05 11:51:00,2022-09-05 15:44:00,2022-09-05 21:25:00,2022-09-06 20:58:00,2022-09-06 22:58:00,2022-09-07 02:57:00,2022-09-07 02:57:00,2022-09-07 07:03:00,2022-09-07 07:03:00,2022-09-07 11:13:00,2022-09-07 11:13:00,2022-09-07 15:14:00,0.2998
2022-09-06,220906247,2022-09-06 08:00:00,2022-09-06 12:01:00,2022-09-06 12:01:00,2022-09-06 15:49:00,2022-09-06 20:58:00,2022-09-07 21:02:00,2022-09-07 23:02:00,2022-09-08 03:08:00,2022-09-08 03:08:00,2022-09-08 07:01:00,2022-09-08 07:01:00,2022-09-08 10:55:00,2022-09-08 10:55:00,2022-09-08 15:00:00,0.1681
2022-09-07,220907248,2022-09-07 08:00:00,2022-09-07 12:10:00,2022-09-07 12:10:00,2022-09-07 16:06:00,2022-09-07 21:02:00,2022-09-08 20:33:00,2022-09-08 22:33:00,2022-09-09 02:23:00,2022-09-09 02:23:00,2022-09-09 06:19:00,2022-09-09 06:19:00,2022-09-09 10:19:00,2022-09-09 10:19:00,2022-09-09 14:18:00,0.7444
2022-09-08,220908249,2022-09-08 08:00:00,2022-09-08 11:55:00,2022-09-08 11:55:00,2022-09-08 15:44:00,2022-09-08 20:33:00,2022-09-09 20:38:00,2022-09-09 22:38:00,2022-09-10 02:47:00,2022-09-10 02:47:00,2022-09-10 06:54:00,2022-09-10 06:54:00,2022-09-10 11:04:00,2022-09-10 11:04:00,2022-09-10 15:07:00,0.3907
2022-09-09,220909250,2022-09-09 08:00:00,2022-09-09 11:50:00,2022-09-09 11:50:00,2022-09-09 15:53:00,2022-09-09 20:38:00,2022-09-10 20:16:00,2022-09-10 22:16:00,2022-09-11 02:24:00,2022-09-11 02:24:00,2022-09-11 06:19:00,2022-09-11 06:19:00,2022-09-11 10:08:00,2022-09-11 10:08:00,2022-09-11 14:10:00,0.3368
2022-09-10,220910251,2022-09-10 08:00:00,2022-09-10 12:10:00,2022-09-10 12:10:00,2022-09-10 16:02:00,2022-09-10 20:16:00,2022-09-11 20:22:00,2022-09-11 22:22:00,2022-09-12 02:28:00,2022-09-12 02:28:00,2022-09-12 06:36:00,2022-09-12 06:36:00,2022-09-12 10:47:00,2022-09-12 10:47:00,2022-09-12 14:57:00,0.4438
2022-09-11,220911252,2022-09-11 08:00:00,2022-09-11 12:09:00,2022-09-11 12:09:00,2022-09-11 16:03:00,2022-09-11 20:22:00,2022-09-12 19:54:00,2022-09-12 21:54:00,2022-09-13 02:02:00,2022-09-13 02:02:00,2022-09-13 05:52:00,2022-09-13 05:52:00,2022-09-13 09:55:00,2022-09-13 09:55:00,2022-09-13 14:03:00,0.6671
2022-09-12,220912253,2022-09-12 08:00:00,2022-09-12 12:09:00,2022-09-12 12:09:00,2022-09-12 16:01:00,2022-09-12 19:54:00,2022-09-13 19:58:00,2022-09-13 21:58:00,2022-09-14 01:59:00,2022-09-14 01:59:00,2022-09-14 05:56:00,2022-09-14 05:56:00,2022-09-14 10:06:00,2022-09-14 10:06:00,2022-09-14 14:13:00,0.7192
2022-09-13,220913254,2022-09-13 08:00:00,2022-09-13 11:50:00,2022-09-13 11:50:00,2022-09-13 16:01:00,2022-09-13 19:58:00,2022-09-14 20:16:00,2022-09-14 22:16:00,2022-09-15 02:07:00,2022-09-15 02:07:00,2022-09-15 06:06:00,2022-09-15 06:06:00,2022-09-15 09:58:00,2022-09-15 09:58:00,2022-09-15 14:08:00,0.3866
2022-09-14,220914255,2022-09-14 08:00:00,2022-09-14 11:52:00,2022-09-14 11:52:00,2022-09-14 16:00:00,2022-09-14 20:16:00,2022-09-15 20:40:00,2022-09-15 22:40:00,2022-09-16 02:40:00,2022-09-16 02:40:00,2022-09-16 06:30:00,2022-09-16 06:30:00,2022-09-16 10:22:00,2022-09-16 10:22:00,2022-09-16 14:19:00,0.2586
2022-09-15,220915256,2022-09-15 08:00:00,2022-09-15 12:06:00,2022-09-15 12:06:00,2022-09-15 15:56:00,2022-09-15 20:40:00,2022-09-16 20:52:00,2022-09-16 22:52:00,2022-09-17 02:55:00,2022-09-17 02:55:00,2022-09-17 06:57:00,2022-09-17 06:57:00,2022-09-17 11:00:00,2022-09-17 11:00:00,2022-09-17 15:09:00,0.9775
2022-09-16,220916257,2022-09-16 08:00:00,2022-09-16 11:58:00,2022-09-16 11:58:00,2022-09-16 16:08:00,2022-09-16 20:52:00,2022-09-17 20:37:00,2022-09-17 22:37:00,2022-09-18 02:41:00,2022-09-18 02:41:00,2022-09-18 06:40:00,2022-09-18 06:40:00,2022-09-18 10:32:00,2022-09-18 10:32:00,2022-09-18 14:26:00,0.6372
2022-09-17,220917258,2022-09-17 08:00:00,2022-09-17 11:53:00,2022-09-17 11:53:00,2022-09-17 15:51:00,2022-09-17 20:37:00,2022-09-18 20:17:00,2022-09-18 22:17:00,2022-09-19 02:15:00,2022-09-19 02:15:00,2022-09-19 06:10:00,2022-09-19 06:10:00,2022-09-19 10:11:00,2022-09-19 10:11:00,2022-09-19 14:08:00,0.6234
2022-09-18,220918259,2022-09-18 08:00:00,2022-09-18 12:07:00,2022-09-18 12:07:00,2022-09-18 15:58:00,2022-09-18 20:17:00,2022-09-19 20:41:00,2022-09-19 22:41:00,2022-09-20 02:39:00,2022-09-20 02:39:00,2022-09-20 06:37:00,2022-09-20 06:37:00,2022-09-20 10:38:00,2022-09-20 10:38:00,2022-09-20 14:34:00,0.4795
2022-09-19,220919260,2022-09-19 08:00:00,2022-09-19 11:58:00,2022-09-19 11:58:00,2022-09-19 15:55:00,2022-09-19 20:41:00,2022-09-20 20:48:00,2022-09-20 22:48:00,2022-09-21 02:41:00,2022-09-21 02:41:00,2022-09-21 06:38:00,2022-09-21 06:38:00,2022-09-21 10:31:00,2022-09-21 10:31:00,2022-09-21 14:38:00,0.5506
2022-09-20,220920261,2022-09-20 08:00:00,2022-09-20 11:59:00,2022-09-20 11:59:00,2022-09-20 16:10:00,2022-09-20 20:48:00,2022-09-21 20:22:00,2022-09-21 22:22:00,2022-09-22 02:20:00,2022-09-22 02:20:00,2022-09-22 06:23:00,2022-09-22 06:23:00,2022-09-22 10:22:00,2022-09-22 10:22:00,2022-09-22 14:16:00,0.6956
2022-09-21,220921262,2022-09-21 08:00:00,2022-09-21 11:52:00,2022-09-21 11:52:00,2022-09-21 16:02:00,2022-09-21 20:22:00,2022-09-22 20:12:00,2022-09-22 22:12:00,2022-09-23 02:16:00,2022-09-23 02:16:00,2022-09-23 06:08:00,2022-09-23 06:08:00,2022-09-23 10:12:00,2022-09-23 10:12:00,2022-09-23 14:04:00,0.6632
2022-09-22,220922263,2022-09-22 08:00:00,2022-09-22 11:55:00,2022-09-22 11:55:00,2022-09-22 15:54:00,2022-09-22 20:12:00,2022-09-23 20:05:00,2022-09-23 22:05:00,2022-09-24 01:59:00,2022-09-24 01:59:00,2022-09-24 05:53:00,2022-09-24 05:53:00,2022-09-24 09:53:00,2022-09-24 09:53:00,2022-09-24 13:49:00,0.6879
2022-09-23,220923264,2022-09-23 08:00:00,2022-09-23 12:06:00,2022-09-23 12:06:00,2022-09-23 16:05:00,2022-09-23 20:05:00,2022-09-24 20:33:00,2022-09-24 22:33:00,2022-09-25 02:37:00,2022-09-25 02:37:00,2022-09-25 06:45:00,2022-09-25 06:45:00,2022-09-25 10:47:00,2022-09-25 10:47:00,2022-09-25 14:37:00,0.4505
2022-09-24,220924265,2022-09-24 08:00:00,2022-09-24 11:49:00,2022-09-24 11:49:00,2022-09-24 15:47:00,2022-09-24 20:33:00,2022-09-25 20:39:00,2022-09-25 22:39:00,2022-09-26 02:37:00,2022-09-26 02:37:00,2022-09-26 06:27:00,2022-09-26 06:27:00,2022-09-26 10:28:00,2022-09-26 10:28:00,2022-09-26 14:31:00,0.3857
2022-09-25,220925266,2022-09-25 08:00:00,2022-09-25 11:52:00,2022-09-25 11:52:00,2022-09-25 16:03:00,2022-09-25 20:39:00,2022-09-26 20:41:00,2022-09-26 22:41:00,2022-09-27 02:41:00,2022-09-27 02:41:00,2022-09-27 06:36:00,2022-09-27 06:36:00,2022-09-27 10:45:00,2022-09-27 10:45:00,2022-09-27 14:51:00,0.15
2022-09-26,220926267,2022-09-26 08:00:00,2022-09-26 12:07:00,2022-09-26 12:07:00,2022-09-26 15:55:00,2022-09-26 20:41:00,2022-09-27 20:14:00,2022-09-27 22:14:00,2022-09-28 02:21:00,2022-09-28 02:21:00,2022-09-28 06:09:00,2022-09-28 06:09:00,2022-09-28 09:58:00,2022-09-28 09:58:00,2022-09-28 13:57:00,0.4201
2022-09-27,220927268,2022-09-27 08:00:00,2022-09-27 11:49:00,2022-09-27 11:49:00,2022-09-27 15:40:00,2022-09-27 20:14:00,2022-09-28 19:57:00,2022-09-28 21:57:00,2022-09-29 02:01:00,2022-09-29 02:01:00,2022-09-29 05:53:00,2022-09-29 05:53:00,2022-09-29 09:46:00,2022-09-29 09:46:00,2022-09-29 13:39:00,0.3026
2022-09-28,220928269,2022-09-28 08:00:00,2022-09-28 12:01:00,2022-09-28 12:01:00,2022-09-28 15:52:00,2022-09-28 19:57:00,2022-09-29 19:31:00,2022-09-29 21:31:00,2022-09-30 01:27:00,2022-09-30 01:27:00,2022-09-30 05:25:00,2022-09-30 05:25:00,2022-09-30 09:30:00,2022-09-30 09:30:00,2022-09-30 13:26:00,0.5578
2022-09-29,220929270,2022-09-29 08:00:00,2022-09-29 11:52:00,2022-09-29 11:52:00,2022-09-29 15:55:00,2022-09-29 19:31:00,2022-09-30 19:56:00,2022-09-30 21:56:00,2022-10-01 01:59:00,2022-10-01 01:59:00,2022-10-01 05:58:00,2022-10-01 05:58:00,2022-10-01 10:02:00,2022-10-01 10:02:00,2022-10-01 14:12:00,0.5601
2022-09-30,220930271,2022-09-30 08:00:00,2022-09-30 11:48:00,2022-09-30 11:48:00,2022-09-30 15:38:00,2022-09-30 19:56:00,2022-10-01 20:04:00,2022-10-01 22:04:00,2022-10-02 02:07:00,2022-10-02 02:07:00,2022-10-02 06:14:00,2022-10-02 06:14:00,2022-10-02 10:07:00,2022-10-02 10:07:00,2022-10-02 14:13:00,0.4072
2022-10-01,221001272,2022-10-01 08:00:00,2022-10-01 12:11:00,2022-10-01 12:11:00,2022-10-01 16:16:00,2022-10-01 20:04:00,2022-10-02 19:55:00,2022-10-02 21:55:00,2022-10-03 01:43:00,2022-10-03 01:43:00,2022-10-03 05:52:00,2022-10-03 05:52:00,2022-10-03 09:59:00,2022-10-03 09:59:00,2022-10-03 14:03:00,0.3782
2022-10-02,221002273,2022-10-02 08:00:00,2022-10-02 11:59:00,2022-10-02 11:59:00,2022-10-02 16:01:00,2022-10-02 19:55:00,2022-10-03 19:38:00,2022-10-03 21:38:00,2022-10-04 01:27:00,2022-10-04 01:27:00,2022-10-04 05:38:00,2022-10-04 05:38:00,2022-10-04 09:47:00,2022-10-04 09:47:00,2022-10-04 13:49:00,0.4072
2022-10-03,221003274,2022-10-03 08:00:00,2022-10-03 12:07:00,2022-10-03 12:07:00,2022-10-03 15:58:00,2022-10-03 19:38:00,2022-10-04 19:47:00,2022-10-04 21:47:00,2022-10-05 01:46:00,2022-10-05 01:46:00,2022-10-05 05:51:00,2022-10-05 05:51:00,2022-10-05 09:55:00,2022-10-05 09:55:00,2022-10-05 14:06:00,0.451
2022-10-04,221004275,2022-10-04 08:00:00,2022-10-04 12:03:00,2022-10-04 12:03:00,2022-10-04 16:11:00,2022-10-04 19:47:00,2022-10-05 19:24:00,2022-10-05 21:24:00,2022-10-06 01:30:00,2022-10-06 01:30:00,2022-10-06 05:38:00,2022-10-06 05:38:00,2022-10-06 09:45:00,2022-10-06 09:45:00,2022-10-06 13:55:00,0.5572
2022-10-05,221005276,2022-10-05 08:00:00,2022-10-05 12:11:00,2022-10-05 12:11:00,2022-10-05 16:20:00,2022-10-05 19:24:00,2022-10-06 19:42:00,2022-10-06 21:42:00,2022-10-07 01:35:00,2022-10-07 01:35:00,2022-10-07 05:32:00,2022-10-07 05:32:00,2022-10-07 09:43:00,2022-10-07 09:43:00,2022-10-07 13:49:00,0.6067
2022-10-06,221006277,2022-10-06 08:00:00,2022-10-06 11:57:00,2022-10-06 11:57:00,2022-10-06 16:01:00,2022-10-06 19:42:00,2022-10-07 19:32:00,2022-10-07 21:32:00,2022-10-08 01:29:00,2022-10-08 01:29:00,2022-10-08 05:32:00,2022-10-08 05:32:00,2022-10-08 09:22:00,2022-10-08 09:22:00,2022-10-08 13:30:00,0.6885
2022-10-07,221007278,2022-10-07 08:00:00,2022-10-07 12:06:00,2022-10-07 12:06:00,2022-10-07 16:17:00,2022-10-07 19:32:00,2022-10-08 19:32:00,2022-10-08 21:32:00,2022-10-09 01:23:00,2022-10-09 01:23:00,2022-10-09 05:18:00,2022-10-09 05:18:00,2022-10-09 09:21:00,2022-10-09 09:21:00,2022-10-09 13:09:00,0.5443
2022-10-08,221008279,2022-10-08 08:00:00,2022-10-08 11:56:00,2022-10-08 11:56:00,2022-10-08 15:58:00,2022-10-08 19:32:00,2022-10-09 19:04:00,2022-10-09 21:04:00,2022-10-10 00:52:00,2022-10-10 00:52:00,2022-10-10 04:57:00,2022-10-10 04:57:00,2022-10-10 08:54:00,2022-10-10 08:54:00,2022-10-10 12:58:00,0.4832
2022-10-09,221009280,2022-10-09 08:00:00,2022-10-09 11:48:00,2022-10-09 11:48:00,2022-10-09 15:55:00,2022-10-09 19:04:00,2022-10-10 18:44:00,2022-10-10 20:44:00,2022-10-11 00:34:00,2022-10-11 00:34:00,2022-10-11 04:24:00,2022-10-11 04:24:00,2022-10-11 08:23:00,2022-10-11 08:23:00,2022-10-11 12:23:00,0.6131
2022-10-10,221010281,2022-10-10 08:00:00,2022-10-10 12:02:00,2022-10-10 12:02:00,2022-10-10 16:11:00,2022-10-10 18:44:00,2022-10-11 19:06:00,2022-10-11 21:06:00,2022-10-12 00:58:00,2022-10-12 00:58:00,2022-10-12 05:03:00,2022-10-12 05:03:00,2022-10-12 09:00:00,2022-10-12 09:00:00,2022-10-12 13:00:00,0.1489
2022-10-11,221011282,2022-10-11 08:00:00,2022-10-11 12:10:00,2022-10-11 12:10:00,2022-10-11 16:15:00,2022-10-11 19:06:00,2022-10-12 18:37:00,2022-10-12 20:37:00,2022-10-13 00:43:00,2022-10-13 00:43:00,2022-10-13 04:43:00,2022-10-13 04:43:00,2022-10-13 08:43:00,2022-10-13 08:43:00,2022-10-13 12:50:00,0.8066
2022-10-12,221012283,2022-10-12 08:00:00,2022-10-12 11:51:00,2022-10-12 11:51:00,2022-10-12 15:45:00,2022-10-12 18:37:00,2022-10-13 18:28:00,2022-10-13 20:28:00,2022-10-14 00:30:00,2022-10-14 00:30:00,2022-10-14 04:24:00,2022-10-14 04:24:00,2022-10-14 08:28:00,2022-10-14 08:28:00,2022-10-14 12:30:00,0.2957
2022-10-13,221013284,2022-10-13 08:00:00,2022-10-13 12:07:00,2022-10-13 12:07:00,2022-10-13 16:15:00,2022-10-13 18:28:00,2022-10-14 18:54:00,2022-10-14 20:54:00,2022-10-15 00:58:00,2022-10-15 00:58:00,2022-10-15 05:06:00,2022-10-15 05:06:00,2022-10-15 09:09:00,2022-10-15 09:09:00,2022-10-15 13:00:00,0.7039
2022-10-14,221014285,2022-10-14 08:00:00,2022-10-14 12:01:00,2022-10-14 12:01:00,2022-10-14 15:54:00,2022-10-14 18:54:00,2022-10-15 19:10:00,2022-10-15 21:10:00,2022-10-16 01:21:00,2022-10-16 01:21:00,2022-10-16 05:18:00,2022-10-16 05:18:00,2022-10-16 09:25:00,2022-10-16 09:25:00,2022-10-16 13:32:00,0.6697
2022-10-15,221015286,2022-10-15 08:00:00,2022-10-15 12:01:00,2022-10-15 12:01:00,2022-10-15 15:55:00,2022-10-15 19:10:00,2022-10-16 19:27:00,2022-10-16 21:27:00,2022-10-17 01:34:00,2022-10-17 01:34:00,2022-10-17 05:25:00,2022-10-17 05:25:00,2022-10-17 09:35:00,2022-10-17 09:35:00,2022-10-17 13:44:00,0.5065
2022-10-16,221016287,2022-10-16 08:00:00,2022-10-16 12:02:00,2022-10-16 12:02:00,2022-10-16 16:12:00,2022-10-16 19:27:00,2022-10-17 19:32:00,2022-10-17 21:32:00,2022-10-18 01:38:00,2022-10-18 01:38:00,2022-10-18 05:31:00,2022-10-18 05:31:00,2022-10-18 09:42:00,2022-10-18 09:42:00,2022-10-18 13:46:00,0.349
2022-10-17,221017288,2022-10-17 08:00:00,2022-10-17 12:00:00,2022-10-17 12:00:00,2022-10-17 15:56:00,2022-10-17 19:32:00,2022-10-18 19:38:00,2022-10-18 21:38:00,2022-10-19 01:47:00,2022-10-19 01:47:00,2022-10-19 05:42:00,2022-10-19 05:42:00,2022-10-19 09:43:00,2022-10-19 09:43:00,2022-10-19 13:43:00,0.4222
2022-10-18,221018289,2022-10-18 08:00:00,2022-10-18 12:01:00,2022-10-18 12:01:00,2022-10-18 16:01:00,2022-10-18 19:38:00,2022-10-19 19:18:00,2022-10-19 21:18:00,2022-10-20 01:23:00,2022-10-20 01:23:00,2022-10-20 05:18:00,2022-10-20 05:18:00,2022-10-20 09:06:00,2022-10-20 09:06:00,2022-10-20 13:04:00,0.3986
2022-10-19,221019290,2022-10-19 08:00:00,2022-10-19 12:04:00,2022-10-19 12:04:00,2022-10-19 16:12:00,2022-10-19 19:18:00,2022-10-20 18:55:00,2022-10-20 20:55:00,2022-10-21 01:03:00,2022-10-21 01:03:00,2022-10-21 04:56:00,2022-10-21 04:56:00,2022-10-21 08:58:00,2022-10-21 08:58:00,2022-10-21 13:02:00,0.2337
2022-10-20,221020291,2022-10-20 08:00:00,2022-10-20 11:49:00,2022-10-20 11:49:00,2022-10-20 15:53:00,2022-10-20 18:55:00,2022-10-21 18:29:00,2022-10-21 20:29:00,2022-10-22 00:17:00,2022-10-22 00:17:00,2022-10-22 04:21:00,2022-10-22 04:21:00,2022-10-22 08:19:00,2022-10-22 08:19:00,2022-10-22 12:16:00,0.4638
2022-10-21,221021292,2022-10-21 08:00:00,2022-10-21 11:52:00,2022-10-21 11:52:00,2022-10-21 15:47:00,2022-10-21 18:29:00,2022-10-22 18:15:00,2022-10-22 20:15:00,2022-10-23 00:11:00,2022-10-23 00:11:00,2022-10-23 04:08:00,2022-10-23 04:08:00,2022-10-23 08:06:00,2022-10-23 08:06:00,2022-10-23 12:15:00,0.5956
2022-10-22,221022293,2022-10-22 08:00:00,2022-10-22 11:49:00,2022-10-22 11:49:00,2022-10-22 15:41:00,2022-10-22 18:15:00,2022-10-23 18:33:00,2022-10-23 20:33:00,2022-10-24 00:39:00,2022-10-24 00:39:00,2022-10-24 04:49:00,2022-10-24 04:49:00,2022-10-24 08:59:00,2022-10-24 08:59:00,2022-10-24 13:06:00,0.2333
2022-10-23,221023294,2022-10-23 08:00:00,2022-10-23 12:04:00,2022-10-23 12:04:00,2022-10-23 16:13:00,2022-10-23 18:33:00,2022-10-24 18:10:00,2022-10-24 20:10:00,2022-10-25 00:08:00,2022-10-25 00:08:00,2022-10-25 04:05:00,2022-10-25 04:05:00,2022-10-25 07:54:00,2022-10-25 07:54:00,2022-10-25 11:51:00,0.6012
2022-10-24,221024295,2022-10-24 08:00:00,2022-10-24 11:53:00,2022-10-24 11:53:00,2022-10-24 15:46:00,2022-10-24 18:10:00,2022-10-25 18:29:00,2022-10-25 20:29:00,2022-10-26 00:30:00,2022-10-26 00:30:00,2022-10-26 04:33:00,2022-10-26 04:33:00,2022-10-26 08:21:00,2022-10-26 08:21:00,2022-10-26 12:20:00,0.626
2022-10-25,221025296,2022-10-25 08:00:00,2022-10-25 11:52:00,2022-10-25 11:52:00,2022-10-25 15:40:00,2022-10-25 18:29:00,2022-10-26 18:25:00,2022-10-26 20:25:00,2022-10-27 00:35:00,2022-10-27 00:35:00,2022-10-27 04:31:00,2022-10-27 04:31:00,2022-10-27 08:39:00,2022-10-27 08:39:00,2022-10-27 12:39:00,0.6253
2022-10-26,221026297,2022-10-26 08:00:00,2022-10-26 12:01:00,2022-10-26 12:01:00,2022-10-26 15:58:00,2022-10-26 18:25:00,2022-10-27 18:26:00,2022-10-27 20:26:00,2022-10-28 00:29:00,2022-10-28 00:29:00,2022-10-28 04:30:00,2022-10-28 04:30:00,2022-10-28 08:28:00,2022-10-28 08:28:00,2022-10-28 12:18:00,0.4122
2022-10-27,221027298,2022-10-27 08:00:00,2022-10-27 12:04:00,2022-10-27 12:04:00,2022-10-27 15:54:00,2022-10-27 18:26:00,2022-10-28 18:30:00,2022-10-28 20:30:00,2022-10-29 00:41:00,2022-10-29 00:41:00,2022-10-29 04:38:00,2022-10-29 04:38:00,2022-10-29 08:29:00,2022-10-29 08:29:00,2022-10-29 12:26:00,0.2502
2022-10-28,221028299,2022-10-28 08:00:00,2022-10-28 12:08:00,2022-10-28 12:08:00,2022-10-28 16:02:00,2022-10-28 18:30:00,2022-10-29 18:04:00,2022-10-29 20:04:00,2022-10-29 23:57:00,2022-10-29 23:57:00,2022-10-30 03:56:00,2022-10-30 03:56:00,2022-10-30 07:45:00,2022-10-30 07:45:00,2022-10-30 11:42:00,0.4908
2022-10-29,221029300,2022-10-29 08:00:00,2022-10-29 12:00:00,2022-10-29 12:00:00,2022-10-29 16:04:00,2022-10-29 18:04:00,2022-10-30 17:36:00,2022-10-30 19:36:00,2022-10-30 23:33:00,2022-10-30 23:33:00,2022-10-31 03:44:00,2022-10-31 03:44:00,2022-10-31 07:47:00,2022-10-31 07:47:00,2022-10-31 11:54:00,0.4519
2022-10-30,221030301,2022-10-30 08:00:00,2022-10-30 12:10:00,2022-10-30 12:10:00,2022-10-30 16:08:00,2022-10-30 17:36:00,2022-10-31 17:44:00,2022-10-31 19:44:00,2022-10-31 23:42:00,2022-10-31 23:42:00,2022-11-01 03:37:00,2022-11-01 03:37:00,2022-11-01 07:43:00,2022-11-01 07:43:00,2022-11-01 11:31:00,0.705
2022-10-31,221031302,2022-10-31 08:00:00,2022-10-31 12:04:00,2022-10-31 12:04:00,2022-10-31 16:13:00,2022-10-31 17:44:00,2022-11-01 17:41:00,2022-11-01 19:41:00,2022-11-01 23:36:00,2022-11-01 23:36:00,2022-11-02 03:27:00,2022-11-02 03:27:00,2022-11-02 07:31:00,2022-11-02 07:31:00,2022-11-02 11:34:00,0.4238
2022-11-01,221101303,2022-11-01 08:00:00,2022-11-01 11:59:00,2022-11-01 11:59:00,2022-11-01 15:49:00,2022-11-01 17:41:00,2022-11-02 18:03:00,2022-11-02 20:03:00,2022-11-02 23:57:00,2022-11-02 23:57:00,2022-11-03 03:45:00,2022-11-03 03:45:00,2022-11-03 07:54:00,2022-11-03 07:54:00,2022-11-03 11:54:00,0.7126
2022-11-02,221102304,2022-11-02 08:00:00,2022-11-02 11:50:00,2022-11-02 11:50:00,2022-11-02 15:55:00,2022-11-02 18:03:00,2022-11-03 18:25:00,2022-11-03 20:25:00,2022-11-04 00:16:00,2022-11-04 00:16:00,2022-11-04 04:25:00,2022-11-04 04:25:00,2022-11-04 08:28:00,2022-11-04 08:28:00,2022-11-04 12:38:00,0.5937
2022-11-03,221103305,2022-11-03 08:00:00,2022-11-03 12:10:00,2022-11-03 12:10:00,2022-11-03 16:03:00,2022-11-03 18:25:00,2022-11-04 18:44:00,2022-11-04 20:44:00,2022-11-05 00:54:00,2022-11-05 00:54:00,2022-11-05 05:05:00,2022-11-05 05:05:00,2022-11-05 09:12:00,2022-11-05 09:12:00,2022-11-05 13:11:00,0.5016
2022-11-04,221104306,2022-11-04 08:00:00,2022-11-04 11:55:00,2022-11-04 11:55:00,2022-11-04 16:06:00,2022-11-04 18:44:00,2022-11-05 18:55:00,2022-11-05 20:55:00,2022-11-06 01:01:00,2022-11-06 01:01:00,2022-11-06 04:55:00,2022-11-06 04:55:00,2022-11-06 08:57:00,2022-11-06 08:57:00,2022-11-06 12:49:00,0.031
2022-11-05,221105307,2022-11-05 08:00:00,2022-11-05 12:02:00,2022-11-05 12:02:00,2022-11-05 16:08:00,2022-11-05 18:55:00,2022-11-06 19:22:00,2022-11-06 21:22:00,2022-11-07 01:26:00,2022-11-07 01:26:00,2022-11-07 05:18:00,2022-11-07 05:18:00,2022-11-07 09:23:00,2022-11-07 09:23:00,2022-11-07 13:27:00,0.406
2022-11-06,221106308,2022-11-06 08:00:00,2022-11-06 11:58:00,2022-11-06 11:58:00,2022-11-06 15:52:00,2022-11-06 19:22:00,2022-11-07 19:18:00,2022-11-07 21:18:00,2022-11-08 01:10:00,2022-11-08 01:10:00,2022-11-08 05:11:00,2022-11-08 05:11:00,2022-11-08 09:18:00,2022-11-08 09:18:00,2022-11-08 13:23:00,0.4787
2022-11-07,221107309,2022-11-07 08:00:00,2022-11-07 11:58:00,2022-11-07 11:58:00,2022-11-07 16:01:00,2022-11-07 19:18:00,2022-11-08 19:28:00,2022-11-08 21:28:00,2022-11-09 01:37:00,2022-11-09 01:37:00,2022-11-09 05:38:00,2022-11-09 05:38:00,2022-11-09 09:46:00,2022-11-09 09:46:00,2022-11-09 13:45:00,0.2152
2022-11-08,221108310,2022-11-08 08:00:00,2022-11-08 11:59:00,2022-11-08 11:59:00,2022-11-08 16:02:00,2022-11-08 19:28:00,2022-11-09 19:52:00,2022-11-09 21:52:00,2022-11-10 01:45:00,2022-11-10 01:45:00,2022-11-10 05:46:00,2022-11-10 05:46:00,2022-11-10 09:54:00,2022-11-10 09:54:00,2022-11-10 14:00:00,0.4552
2022-11-09,221109311,2022-11-09 08:00:00,2022-11-09 12:02:00,2022-11-09 12:02:00,2022-11-09 16:13:00,2022-11-09 19:52:00,2022-11-10 20:01:00,2022-11-10 22:01:00,2022-11-11 01:49:00,2022-11-11 01:49:00,2022-11-11 05:40:00,2022-11-11 05:40:00,2022-11-11 09:42:00,2022-11-11 09:42:00,2022-11-11 13:46:00,0.287
2022-11-10,221110312,2022-11-10 08:00:00,2022-11-10 12:01:00,2022-11-10 12:01:00,2022-11-10 16:03:00,2022-11-10 20:01:00,2022-11-11 19:54:00,2022-11-11 21:54:00,2022-11-12 01:49:00,2022-11-12 01:49:00,2022-11-12 05:52:00,2022-11-12 05:52:00,2022-11-12 09:42:00,2022-11-12 09:42:00,2022-11-12 13:41:00,0.3917
2022-11-11,221111313,2022-11-11 08:00:00,2022-11-11 12:02:00,2022-11-11 12:02:00,2022-11-11 16:08:00,2022-11-11 19:54:00,2022-11-12 19:51:00,2022-11-12 21:51:00,2022-11-13 01:54:00,2022-11-13 01:54:00,2022-11-13 05:52:00,2022-11-13 05:52:00,2022-11-13 09:49:00,2022-11-13 09:49:00,2022-11-13 13:49:00,0.4823
2022-11-12,221112314,2022-11-12 08:00:00,2022-11-12 12:10:00,2022-11-12 12:10:00,2022-11-12 16:11:00,2022-11-12 19:51:00,2022-11-13 19:30:00,2022-11-13 21:30:00,2022-11-14 01:40:00,2022-11-14 01:40:00,2022-11-14 05:37:00,2022-11-14 05:37:00,2022-11-14 09:33:00,2022-11-14 09:33:00,2022-11-14 13:43:00,0.4408
2022-11-13,221113315,2022-11-13 08:00:00,2022-11-13 12:02:00,2022-11-13 12:02:00,2022-11-13 15:57:00,2022-11-13 19:30:00,2022-11-14 19:48:00,2022-11-14 21:48:00,2022-11-15 01:41:00,2022-11-15 01:41:00,2022-11-15 05:39:00,2022-11-15 05:39:00,2022-11-15 09:41:00,2022-11-15 09:41:00,2022-11-15 13:48:00,0.5685
2022-11-14,221114316,2022-11-14 08:00:00,2022-11-14 12:08:00,2022-11-14 12:08:00,2022-11-14 16:01:00,2022-11-14 19:48:00,2022-11-15 19:22:00,2022-11-15 21:22:00,2022-11-16 01:22:00,2022-11-16 01:22:00,2022-11-16 05:29:00,2022-11-16 05:29:00,2022-11-16 09:23:00,2022-11-16 09:23:00,2022-11-16 13:12:00,0.6741
2022-11-15,221115317,2022-11-15 08:00:00,2022-11-15 12:07:00,2022-11-15 12:07:00,2022-11-15 16:08:00,2022-11-15 19:22:00,2022-11-16 19:00:00,2022-11-16 21:00:00,2022-11-17 01:08:00,2022-11-17 01:08:00,2022-11-17 05:01:00,2022-11-17 05:01:00,2022-11-17 09:07:00,2022-11-17 09:07:00,2022-11-17 12:55:00,0.3934
2022-11-16,221116318,2022-11-16 08:00:00,2022-11-16 11:50:00,2022-11-16 11:50:00,2022-11-16 15:51:00,2022-11-16 19:00:00,2022-11-17 19:08:00,2022-11-17 21:08:00,2022-11-18 01:17:00,2022-11-18 01:17:00,2022-11-18 05:27:00,2022-11-18 05:27:00,2022-11-18 09:29:00,2022-11-18 09:29:00,2022-11-18 13:40:00,0.5064
2022-11-17,221117319,2022-11-17 08:00:00,2022-11-17 11:56:00,2022-11-17 11:56:00,2022-11-17 15:54:00,2022-11-17 19:08:00,2022-11-18 19:16:00,2022-11-18 21:16:00,2022-11-19 01:22:00,2022-11-19 01:22:00,2022-11-19 05:20:00,2022-11-19 05:20:00,2022-11-19 09:22:00,2022-11-19 09:22:00,2022-11-19 13:14:00,0.5946
2022-11-18,221118320,2022-11-18 08:00:00,2022-11-18 12:10:00,2022-11-18 12:10:00,2022-11-18 16:00:00,2022-11-18 19:16:00,2022-11-19 19:25:00,2022-11-19 21:25:00,2022-11-20 01:19:00,2022-11-20 01:19:00,2022-11-20 05:25:00,2022-11-20 05:25:00,2022-11-20 09:22:00,2022-11-20 09:22:00,2022-11-20 13:19:00,0.5476
2022-11-19,221119321,2022-11-19 08:00:00,2022-11-19 12:10:00,2022-11-19 12:10:00,2022-11-19 16:12:00,2022-11-19 19:25:00,2022-11-20 19:14:00,2022-11-20 21:14:00,2022-11-21 01:09:00,2022-11-21 01:09:00,2022-11-21 05:15:00,2022-11-21 05:15:00,2022-11-21 09:09:00,2022-11-21 09:09:00,2022-11-21 13:08:00,0.1
2022-11-20,221120322,2022-11-20 08:00:00,2022-11-20 11:48:00,2022-11-20 11:48:00,2022-11-20 15:56:00,2022-11-20 19:14:00,2022-11-21 19:16:00,2022-11-21 21:16:00,2022-11-22 01:07:00,2022-11-22 01:07:00,2022-11-22 05:08:00,2022-11-22 05:08:00,2022-11-22 09:11:00,2022-11-22 09:11:00,2022-11-22 13:04:00,0.5454
2022-11-21,221121323,2022-11-21 08:00:00,2022-11-21 11:57:00,2022-11-21 11:57:00,2022-11-21 16:02:00,2022-11-21 19:16:00,2022-11-22 19:03:00,2022-11-22 21:03:00,2022-11-23 01:13:00,2022-11-23 01:13:00,2022-11-23 05:15:00,2022-11-23 05:15:00,2022-11-23 09:12:00,2022-11-23 09:12:00,2022-11-23 13:12:00,0.3911
2022-11-22,221122324,2022-11-22 08:00:00,2022-11-22 11:57:00,2022-11-22 11:57:00,2022-11-22 15:46:00,2022-11-22 19:03:00,2022-11-23 18:45:00,2022-11-23 20:45:00,2022-11-24 00:49:00,2022-11-24 00:49:00,2022-11-24 04:57:00,2022-11-24 04:57:00,2022-11-24 08:51:00,2022-11-24 08:51:00,2022-11-24 12:42:00,0.7794
2022-11-23,221123325,2022-11-23 08:00:00,2022-11-23 11:48:00,2022-11-23 11:48:00,2022-11-23 15:37:00,2022-11-23 18:45:00,2022-11-24 18:53:00,2022-11-24 20:53:00,2022-11-25 00:51:00,2022-11-25 00:51:00,2022-11-25 04:43:00,2022-11-25 04:43:00,2022-11-25 08:44:00,2022-11-25 08:44:00,2022-11-25 12:54:00,0.601
2022-11-24,221124326,2022-11-24 08:00:00,2022-11-24 12:11:00,2022-11-24 12:11:00,2022-11-24 16:09:00,2022-11-24 18:53:00,2022-11-25 18:46:00,2022-11-25 20:46:00,2022-11-26 00:40:00,2022-11-26 00:40:00,2022-11-26 04:37:00,2022-11-26 04:37:00,2022-11-26 08:41:00,2022-11-26 08:41:00,2022-11-26 12:45:00,0.5235
2022-11-25,221125327,2022-11-25 08:00:00,2022-11-25 12:09:00,2022-11-25 12:09:00,2022-11-25 16:10:00,2022-11-25 18:46:00,2022-11-26 19:10:00,2022-11-26 21:10:00,2022-11-27 01:14:00,2022-11-27 01:14:00,2022-11-27 05:23:00,2022-11-27 05:23:00,2022-11-27 09:18:00,2022-11-27 09:18:00,2022-11-27 13:07:00,0.241
2022-11-26,221126328,2022-11-26 08:00:00,2022-11-26 11:50:00,2022-11-26 11:50:00,2022-11-26 15:54:00,2022-11-26 19:10:00,2022-11-27 18:49:00,2022-11-27 20:49:00,2022-11-28 00:51:00,2022-11-28 00:51:00,2022-11-28 04:42:00,2022-11-28 04:42:00,2022-11-28 08:31:00,2022-11-28 08:31:00,2022-11-28 12:36:00,0.6488
2022-11-27,221127329,2022-11-27 08:00:00,2022-11-27 11:53:00,2022-11-27 11:53:00,2022-11-27 15:43:00,2022-11-27 18:49:00,2022-11-28 18:35:00,2022-11-28 20:35:00,2022-11-29 00:45:00,2022-11-29 00:45:00,2022-11-29 04:52:00,2022-11-29 04:52:00,2022-11-29 08:52:00,2022-11-29 08:52:00,2022-11-29 12:58:00,0.5323
2022-11-28,221128330,2022-11-28 08:00:00,2022-11-28 12:04:00,2022-11-28 12:04:00,2022-11-28 16:00:00,2022-11-28 18:35:00,2022-11-29 18:22:00,2022-11-29 20:22:00,2022-11-30 00:19:00,2022-11-30 00:19:00,2022-11-30 04:29:00,2022-11-30 04:29:00,2022-11-30 08:20:00,2022-11-30 08:20:00,2022-11-30 12:29:00,0.546
2022-11-29,221129331,2022-11-29 08:00:00,2022-11-29 11:56:00,2022-11-29 11:56:00,2022-11-29 15:54:00,2022-11-29 18:22:00,2022-11-30 18:02:00,2022-11-30 20:02:00,2022-12-01 00:12:00,2022-12-01 00:12:00,2022-12-01 04:05:00,2022-12-01 04:05:00,2022-12-01 07:56:00,2022-12-01 07:56:00,2022-12-01 11:59:00,0.4319
2022-11-30,221130332,2022-11-30 08:00:00,2022-11-30 11:52:00,2022-11-30 11:52:00,2022-11-30 15:48:00,2022-11-30 18:02:00,2022-12-01 18:13:00,2022-12-01 20:13:00,2022-12-02 00:05:00,2022-12-02 00:05:00,2022-12-02 04:15:00,2022-12-02 04:15:00,2022-12-02 08:26:00,2022-12-02 08:26:00,2022-12-02 12:21:00,0.4898
2022-12-01,221201333,2022-12-01 08:00:00,2022-12-01 11:58:00,2022-12-01 11:58:00,2022-12-01 16:07:00,2022-12-01 18:13:00,2022-12-02 18:13:00,2022-12-02 20:13:00,2022-12-03 00:24:00,2022-12-03 00:24:00,2022-12-03 04:32:00,2022-12-03 04:32:00,2022-12-03 08:29:00,2022-12-03 08:29:00,2022-12-03 12:22:00,0.4981
2022-12-02,221202334,2022-12-02 08:00:00,2022-12-02 12:00:00,2022-12-02 12:00:00,2022-12-02 15:51:00,2022-12-02 18:13:00,2022-12-03 18:26:00,2022-12-03 20:26:00,2022-12-04 00:25:00,2022-12-04 00:25:00,2022-12-04 04:34:00,2022-12-04 04:34:00,2022-12-04 08:42:00,2022-12-04 08:42:00,2022-12-04 12:47:00,0.4722
2022-12-03,221203335,2022-12-03 08:00:00,2022-12-03 12:10:00,2022-12-03 12:10:00,2022-12-03 16:21:00,2022-12-03 18:26:00,2022-12-04 18:53:00,2022-12-04 20:53:00,2022-12-05 00:42:00,2022-12-05 00:42:00,2022-12-05 04:36:00,2022-12-05 04:36:00,2022-12-05 08:28:00,2022-12-05 08:28:00,2022-12-05 12:31:00,0.794
2022-12-04,221204336,2022-12-04 08:00:00,2022-12-04 11:48:00,2022-12-04 11:48:00,2022-12-04 15:53:00,2022-12-04 18:53:00,2022-12-05 18:54:00,2022-12-05 20:54:00,2022-12-06 00:58:00,2022-12-06 00:58:00,2022-12-06 04:50:00,2022-12-06 04:50:00,2022-12-06 08:45:00,2022-12-06 08:45:00,2022-12-06 12:36:00,0.6756
2022-12-05,221205337,2022-12-05 08:00:00,2022-12-05 12:02:00,2022-12-05 12:02:00,2022-12-05 16:09:00,2022-12-05 18:54:00,2022-12-06 18:27:00,2022-12-06 20:27:00,2022-12-07 00:34:00,2022-12-07 00:34:00,2022-12-07 04:25:00,2022-12-07 04:25:00,2022-12-07 08:18:00,2022-12-07 08:18:00,2022-12-07 12:28:00,0.4799
2022-12-06,221206338,2022-12-06 08:00:00,2022-12-06 12:11:00,2022-12-06 12:11:00,2022-12-06 16:17:00,2022-12-06 18:27:00,2022-12-07 18:54:00,2022-12-07 20:54:00,2022-12-08 00:44:00,2022-12-08 00:44:00,2022-12-08 04:54:00,2022-12-08 04:54:00,2022-12-08 09:04:00,2022-12-08 09:04:00,2022-12-08 12:59:00,0.3878
2022-12-07,221207339,2022-12-07 08:00:00,2022-12-07 12:10:00,2022-12-07 12:10:00,2022-12-07 16:16:00,2022-12-07 18:54:00,2022-12-08 19:08:00,2022-12-08 21:08:00,2022-12-09 01:16:00,2022-12-09 01:16:00,2022-12-09 05:25:00,2022-12-09 05:25:00,2022-12-09 09:31:00,2022-12-09 09:31:00,2022-12-09 13:39:00,0.232
2022-12-08,221208340,2022-12-08 08:00:00,2022-12-08 12:00:00,2022-12-08 12:00:00,2022-12-08 16:11:00,2022-12-08 19:08:00,2022-12-09 18:56:00,2022-12-09 20:56:00,2022-12-10 00:54:00,2022-12-10 00:54:00,2022-12-10 04:43:00,2022-12-10 04:43:00,2022-12-10 08:32:00,2022-12-10 08:32:00,2022-12-10 12:36:00,0.432
2022-12-09,221209341,2022-12-09 08:00:00,2022-12-09 12:08:00,2022-12-09 12:08:00,2022-12-09 16:10:00,2022-12-09 18:56:00,2022-12-10 18:50:00,2022-12-10 20:50:00,2022-12-11 00:54:00,2022-12-11 00:54:00,2022-12-11 04:48:00,2022-12-11 04:48:00,2022-12-11 08:51:00,2022-12-11 08:51:00,2022-12-11 12:57:00,0.58
2022-12-10,221210342,2022-12-10 08:00:00,2022-12-10 11:52:00,2022-12-10 11:52:00,2022-12-10 15:57:00,2022-12-10 18:50:00,2022-12-11 19:16:00,2022-12-11 21:16:00,2022-12-12 01:09:00,2022-12-12 01:09:00,2022-12-12 05:09:00,2022-12-12 05:09:00,2022-12-12 09:17:00,2022-12-12 09:17:00,2022-12-12 13:28:00,0.6123
2022-12-11,221211343,2022-12-11 08:00:00,2022-12-11 12:11:00,2022-12-11 12:11:00,2022-12-11 16:20:00,2022-12-11 19:16:00,2022-12-12 19:06:00,2022-12-12 21:06:00,2022-12-13 01:16:00,2022-12-13 01:16:00,2022-12-13 05:08:00,2022-12-13 05:08:00,2022-12-13 09:10:00,2022-12-13 09:10:00,2022-12-13 13:16:00,0.2687
2022-12-12,221212344,2022-12-12 08:00:00,2022-12-12 12:11:00,2022-12-12 12:11:00,2022-12-12 16:11:00,2022-12-12 19:06:00,2022-12-13 19:26:00,2022-12-13 21:26:00,2022-12-14 01:33:00,2022-12-14 01:33:00,2022-12-14 05:40:00,2022-12-14 05:40:00,2022-12-14 09:51:00,2022-12-14 09:51:00,2022-12-14 13:47:00,0.745
2022-12-13,221213345,2022-12-13 08:00:00,2022-12-13 12:08:00,2022-12-13 12:08:00,2022-12-13 16:16:00,2022-12-13 19:26:00,2022-12-14 19:37:00,2022-12-14 21:37:00,2022-12-15 01:44:00,2022-12-15 01:44:00,2022-12-15 05:55:00,2022-12-15 05:55:00,2022-12-15 09:53:00,2022-12-15 09:53:00,2022-12-15 13:46:00,0.4062
2022-12-14,221214346,2022-12-14 08:00:00,2022-12-14 11:56:00,2022-12-14 11:56:00,2022-12-14 15:51:00,2022-12-14 19:37:00,2022-12-15 19:41:00,2022-12-15 21:41:00,2022-12-16 01:33:00,2022-12-16 01:33:00,2022-12-16 05:33:00,2022-12-16 05:33:00,2022-12-16 09:26:00,2022-12-16 09:26:00,2022-12-16 13:15:00,0.5335
2022-12-15,221215347,2022-12-15 08:00:00,2022-12-15 11:53:00,2022-12-15 11:53:00,2022-12-15 15:52:00,2022-12-15 19:41:00,2022-12-16 19:28:00,2022-12-16 21:28:00,2022-12-17 01:21:00,2022-12-17 01:21:00,2022-12-17 05:32:00,2022-12-17 05:32:00,2022-12-17 09:43:00,2022-12-17 09:43:00,2022-12-17 13:50:00,0.4269
2022-12-16,221216348,2022-12-16 08:00:00,2022-12-16 12:02:00,2022-12-16 12:02:00,2022-12-16 15:55:00,2022-12-16 19:28:00,2022-12-17 19:11:00,2022-12-17 21:11:00,2022-12-18 01:10:00,2022-12-18 01:10:00,2022-12-18 05:18:00,2022-12-18 05:18:00,2022-12-18 09:08:00,2022-12-18 09:08:00,2022-12-18 13:14:00,0.493
2022-12-17,221217349,2022-12-17 08:00:00,2022-12-17 11:48:00,2022-12-17 11:48:00,2022-12-17 15:43:00,2022-12-17 19:11:00,2022-12-18 18:43:00,2022-12-18 20:43:00,2022-12-19 00:46:00,2022-12-19 00:46:00,2022-12-19 04:51:00,2022-12-19 04:51:00,2022-12-19 08:44:00,2022-12-19 08:44:00,2022-12-19 12:46:00,0.5437
2022-12-18,221218350,2022-12-18 08:00:00,2022-12-18 12:03:00,2022-12-18 12:03:00,2022-12-18 16:02:00,2022-12-18 18:43:00,2022-12-19 18:53:00,2022-12-19 20:53:00,2022-12-20 00:52:00,2022-12-20 00:52:00,2022-12-20 04:56:00,2022-12-20 04:56:00,2022-12-20 08:52:00,2022-12-20 08:52:00,2022-12-20 12:46:00,0.307
2022-12-19,221219351,2022-12-19 08:00:00,2022-12-19 12:00:00,2022-12-19 12:00:00,2022-12-19 15:54:00,2022-12-19 18:53:00,2022-12-20 19:19:00,2022-12-20 21:19:00,2022-12-21 01:13:00,2022-12-21 01:13:00,2022-12-21 05:21:00,2022-12-21 05:21:00,2022-12-21 09:30:00,2022-12-21 09:30:00,2022-12-21 13:20:00,0.5754
2022-12-20,221220352,2022-12-20 08:00:00,2022-12-20 12:11:00,2022-12-20 12:11:00,2022-12-20 16:15:00,2022-12-20 19:19:00,2022-12-21 19:43:00,2022-12-21 21:43:00,2022-12-22 01:31:00,2022-12-22 01:31:00,2022-12-22 05:39:00,2022-12-22 05:39:00,2022-12-22 09:39:00,2022-12-22 09:39:00,2022-12-22 13:27:00,0.4881
2022-12-21,221221353,2022-12-21 08:00:00,2022-12-21 11:52:00,2022-12-21 11:52:00,2022-12-21 15:53:00,2022-12-21 19:43:00,2022-12-22 19:23:00,2022-12-22 21:23:00,2022-12-23 01:34:00,2022-12-23 01:34:00,2022-12-23 05:25:00,2022-12-23 05:25:00,2022-12-23 09:35:00,2022-12-23 09:35:00,2022-12-23 13:41:00,0.3652
2022-12-22,221222354,2022-12-22 08:00:00,2022-12-22 11:53:00,2022-12-22 11:53:00,2022-12-22 15:53:00,2022-12-22 19:23:00,2022-12-23 19:31:00,2022-12-23 21:31:00,2022-12-24 01:19:00,2022-12-24 01:19:00,2022-12-24 05:29:00,2022-12-24 05:29:00,2022-12-24 09:29:00,2022-12-24 09:29:00,2022-12-24 13:22:00,0.5372
2022-12-23,221223355,2022-12-23 08:00:00,2022-12-23 12:05:00,2022-12-23 12:05:00,2022-12-23 16:00:00,2022-12-23 19:31:00,2022-12-24 19:24:00,2022-12-24 21:24:00,2022-12-25 01:29:00,2022-12-25 01:29:00,2022-12-25 05:33:00,2022-12-25 05:33:00,2022-12-25 09:37:00,2022-12-25 09:37:00,2022-12-25 13:27:00,0.6032
2022-12-24,221224356,2022-12-24 08:00:00,2022-12-24 11:58:00,2022-12-24 11:58:00,2022-12-24 16:02:00,2022-12-24 19:24:00,2022-12-25 19:31:00,2022-12-25 21:31:00,2022-12-26 01:26:00,2022-12-26 01:26:00,2022-12-26 05:21:00,2022-12-26 05:21:00,2022-12-26 09:18:00,2022-12-26 09:18:00,2022-12-26 13:15:00,0.7486
2022-12-25,221225357,2022-12-25 08:00:00,2022-12-25 12:11:00,2022-12-25 12:11:00,2022-12-25 16:14:00,2022-12-25 19:31:00,2022-12-26 19:42:00,2022-12-26 21:42:00,2022-12-27 01:53:00,2022-12-27 01:53:00,2022-12-27 05:52:00,2022-12-27 05:52:00,2022-12-27 09:56:00,2022-12-27 09:56:00,2022-12-27 13:50:00,0.6077
2022-12-26,221226358,2022-12-26 08:00:00,2022-12-26 12:04:00,2022-12-26 12:04:00,2022-12-26 16:08:00,2022-12-26 19:42:00,2022-12-27 20:02:00,2022-12-27 22:02:00,2022-12-28 02:05:00,2022-12-28 02:05:00,2022-12-28 06:11:00,2022-12-28 06:11:00,2022-12-28 10:01:00,2022-12-28 10:01:00,2022-12-28 14:05:00,0.2756
2022-12-27,221227359,2022-12-27 08:00:00,2022-12-27 12:06:00,2022-12-27 12:06:00,2022-12-27 16:14:00,2022-12-27 20:02:00,2022-12-28 20:28:00,2022-12-28 22:28:00,2022-12-29 02:30:00,2022-12-29 02:30:00,2022-12-29 06:34:00,2022-12-29 06:34:00,2022-12-29 10:24:00,2022-12-29 10:24:00,2022-12-29 14:27:00,0.485
2022-12-28,221228360,2022-12-28 08:00:00,2022-12-28 11:58:00,2022-12-28 11:58:00,2022-12-28 15:47:00,2022-12-28 20:28:00,2022-12-29 20:49:00,2022-12-29 22:49:00,2022-12-30 02:58:00,2022-12-30 02:58:00,2022-12-30 07:03:00,2022-12-30 07:03:00,2022-12-30 10:56:00,2022-12-30 10:56:00,2022-12-30 14:50:00,0.5404
2022-12-29,221229361,2022-12-29 08:00:00,2022-12-29 11:54:00,2022-12-29 11:54:00,2022-12-29 15:56:00,2022-12-29 20:49:00,2022-12-30 20:43:00,2022-12-30 22:43:00,2022-12-31 02:33:00,2022-12-31 02:33:00,2022-12-31 06:22:00,2022-12-31 06:22:00,2022-12-31 10:22:00,2022-12-31 10:22:00,2022-12-31 14:33:00,0.7012
