time,Temperature,Humidity,WaterTemp
2025.7.1 0:00:00.343,29.89999962,51.5,30.5
2025.7.1 0:00:01.342,29.20000076,49.09999847,30.25
2025.7.1 0:00:02.346,29.20000076,54.40000153,30.25
2025.7.1 0:00:03.359,29.5,51.20000076,30.562
2025.7.1 0:00:04.349,29.29999924,50.20000076,30.437
2025.7.1 0:00:05.358,29.5,49.29999924,30.437
2025.7.1 0:00:06.353,29.70000076,46.70000076,30.312
2025.7.1 0:00:07.349,29.89999962,42.09999847,30.562
2025.7.1 0:00:08.356,29.70000076,44.59999847,30.625
2025.7.1 0:00:09.360,32.29999924,49.29999924,26
2025.7.1 0:00:10.359,32,48.90000153,26
2025.7.1 0:00:11.356,32.5,48.70000076,26.062
2025.7.1 0:00:12.353,32.59999847,49.40000153,26.062
2025.7.1 0:00:13.373,33.29999924,45.5,26.062
2025.7.1 0:00:14.359,31.79999924,47.40000153,26.125
2025.7.1 0:00:15.357,32.09999847,48.20000076,26.125
2025.7.1 0:00:16.366,31.10000038,50.09999847,26.187
2025.7.1 0:00:17.361,30.89999962,49.70000076,26.187
2025.7.1 0:00:18.364,30.60000038,51.59999847,26.187
2025.7.1 0:00:19.369,29.89999962,52.59999847,26.187
2025.7.1 0:00:20.367,29.5,54.79999924,26.125
2025.7.1 0:00:21.376,29,55.90000153,26.125
2025.7.1 0:00:22.367,29,59.29999924,26.125
2025.7.1 0:00:23.376,28.89999962,59.20000076,26.062
2025.7.1 0:00:24.382,28.79999924,60.59999847,26
2025.7.1 0:00:25.377,29.20000076,61.70000076,26
2025.7.1 0:00:26.365,29,61.09999847,25.937
2025.7.1 0:00:27.384,29,58.59999847,25.937
2025.7.1 0:00:28.372,29.10000038,59.5,25.875
2025.7.1 0:00:29.378,28.79999924,60,25.875
2025.7.1 0:00:30.379,28.79999924,59.29999924,25.875
2025.7.1 0:00:31.379,28.5,59.59999847,25.812
2025.7.1 0:00:32.381,28.29999924,60.09999847,25.75
2025.7.1 0:00:33.389,28,61.70000076,25.75
2025.7.1 0:00:34.376,27.79999924,67.09999847,25.687
2025.7.1 0:00:35.374,27.70000076,68.5,25.687
2025.7.1 0:00:36.383,27.70000076,69.69999695,25.625
2025.7.1 0:00:37.400,27.60000038,72.69999695,25.625
2025.7.1 0:00:38.396,27.5,72.40000153,25.562
2025.7.1 0:00:39.389,27.39999962,74.09999847,25.5
2025.7.1 0:00:40.404,27.39999962,75.69999695,25.5
2025.7.1 0:00:41.391,27.5,75,25.437
2025.7.1 0:00:42.384,27.39999962,77.5,25.375
2025.7.1 0:00:43.395,27.29999924,77.90000153,25.375
2025.7.1 0:00:44.393,27.29999924,74.80000305,25.375
2025.7.1 0:00:45.396,27.20000076,75.59999847,25.312
2025.7.1 0:00:46.403,27.39999962,73.90000153,25.312
2025.7.1 0:00:47.403,27.29999924,74,25.25
2025.7.1 0:00:48.399,27.29999924,75.19999695,25.25
2025.7.1 0:00:49.400,27.29999924,78.80000305,25.25
2025.7.1 0:00:50.401,27.20000076,82,25.187
2025.7.1 0:00:51.400,27.20000076,83.09999847,25.187
2025.7.1 0:00:52.400,27.10000038,91.90000153,25.187
2025.7.1 0:00:53.405,26.60000038,93.40000153,25.187
2025.7.1 0:00:54.411,26.5,95.90000153,25.125
2025.7.1 0:00:55.402,26.20000076,96.5,25.125
2025.7.1 0:00:56.409,26.10000038,99.69999695,25.062
2025.7.1 0:00:57.410,26.20000076,99.30000305,25.062
2025.7.1 0:00:58.401,26,99.90000153,25
2025.7.1 0:00:59.423,25.89999962,99.90000153,24.937
2025.7.1 0:01:00.417,26,99.90000153,24.937
2025.7.1 0:01:01.415,25.79999924,99.90000153,24.937
2025.7.1 0:01:02.417,25.79999924,99.90000153,24.875
2025.7.1 0:01:03.417,25.70000076,99.40000153,24.875
2025.7.1 0:01:04.419,25.29999924,96.80000305,24.812
2025.7.1 0:01:05.416,25.10000038,98,24.812
2025.7.1 0:01:06.423,25.20000076,99,24.75
2025.7.1 0:01:07.423,25.10000038,99.90000153,24.75
2025.7.1 0:01:08.429,25.10000038,99.69999695,24.687
2025.7.1 0:01:09.424,25.10000038,98.09999847,24.687
2025.7.1 0:01:10.423,24.89999962,97.09999847,24.625
2025.7.1 0:01:11.432,24.89999962,95.59999847,24.625
2025.7.1 0:01:12.428,24.79999924,95.09999847,24.625
2025.7.1 0:01:13.428,24.70000076,95.90000153,24.562
2025.7.1 0:01:14.424,24.70000076,96.69999695,24.5
2025.7.1 0:01:15.441,24.79999924,95.69999695,24.5
2025.7.1 0:01:16.435,24.60000038,95.59999847,24.437
2025.7.1 0:01:17.433,24.5,92.90000153,24.437
2025.7.1 0:01:18.443,24.5,95.69999695,24.375
2025.7.1 0:01:19.441,24.5,93.30000305,24.312
2025.7.1 0:01:20.440,24.39999962,95.09999847,24.25
2025.7.1 0:01:21.438,24.60000038,93.80000305,24.25
2025.7.1 0:01:22.436,24.60000038,96.30000305,24.187
2025.7.1 0:01:23.445,24.5,98.09999847,24.187
2025.7.1 0:01:24.444,24.60000038,95.19999695,24.187
2025.7.1 0:01:25.434,24.70000076,97.69999695,24.125
2025.7.1 0:01:26.447,24.60000038,98.80000305,24.125
2025.7.1 0:01:27.450,24.5,99.90000153,24.062
2025.7.1 0:01:28.447,24.39999962,97.5,24
2025.7.1 0:01:29.447,24.29999924,97.09999847,24
2025.7.1 0:01:30.447,24.39999962,98,24
2025.7.1 0:01:31.458,24.29999924,94.40000153,23.937
2025.7.1 0:01:32.451,24.10000038,94.59999847,23.937
2025.7.1 0:01:33.442,24,96.59999847,23.875
2025.7.1 0:01:34.462,24.10000038,94.90000153,23.875
2025.7.1 0:01:35.452,24.20000076,95.09999847,23.875
2025.7.1 0:01:36.447,24,95.09999847,23.812
2025.7.1 0:01:37.457,23.89999962,96.09999847,23.75
2025.7.1 0:01:38.452,23.89999962,96.80000305,23.75
2025.7.1 0:01:39.471,23.89999962,96.19999695,23.687
2025.7.1 0:01:40.458,23.89999962,95.80000305,23.687
2025.7.1 0:01:41.456,24,97.09999847,23.625
2025.7.1 0:01:42.461,23.79999924,96.40000153,23.625
2025.7.1 0:01:43.468,23.89999962,95.90000153,23.562
2025.7.1 0:01:44.454,23.89999962,95.59999847,23.562
2025.7.1 0:01:45.464,23.79999924,96.5,23.562
2025.7.1 0:01:46.471,23.70000076,97.19999695,23.562
2025.7.1 0:01:47.466,23.79999924,94.30000305,23.437
2025.7.1 0:01:48.471,23.70000076,93.90000153,23.437
2025.7.1 0:01:49.466,23.79999924,93.59999847,23.437
2025.7.1 0:01:50.470,23.70000076,94.80000305,23.375
2025.7.1 0:01:51.469,23.60000038,93.09999847,23.312
2025.7.1 0:01:52.471,23.39999962,96.09999847,23.312
2025.7.1 0:01:53.474,23.29999924,96.40000153,23.25
2025.7.1 0:01:54.473,23.20000076,94.90000153,23.25
2025.7.1 0:01:55.469,23.29999924,94.30000305,23.25
2025.7.1 0:01:56.480,23.29999924,94.19999695,23.187
2025.7.1 0:01:57.473,23.20000076,95.30000305,23.125
2025.7.1 0:01:58.485,23.20000076,95.59999847,23.125
2025.7.1 0:01:59.481,23.10000038,98.5,23.062
2025.7.1 0:02:00.477,23.10000038,95.90000153,23.062
2025.7.1 0:02:01.495,23.20000076,95.80000305,23.062
2025.7.1 0:02:02.492,23,97.59999847,23
2025.7.1 0:02:03.503,23,96.59999847,23
2025.7.1 0:02:04.493,23,99.40000153,23
2025.7.1 0:02:05.492,22.89999962,99.90000153,22.937
2025.7.1 0:02:06.499,23,99.90000153,22.937
2025.7.1 0:02:07.491,22.60000038,99.69999695,22.875
2025.7.1 0:02:08.494,22.79999924,99.69999695,22.812
2025.7.1 0:02:09.494,22.79999924,98.59999847,22.812
2025.7.1 0:02:10.492,22.79999924,98.59999847,22.812
2025.7.1 0:02:11.487,22.5,98.19999695,22.75
2025.7.1 0:02:12.513,22.5,99,22.75
2025.7.1 0:02:13.492,22.60000038,99.90000153,22.687
2025.7.1 0:02:14.505,22.70000076,99.19999695,22.687
2025.7.1 0:02:15.492,22.70000076,99.90000153,22.625
2025.7.1 0:02:16.495,22.70000076,98.30000305,22.625
2025.7.1 0:02:17.514,22.70000076,98.80000305,22.625
2025.7.1 0:02:18.510,23,97.30000305,22.562
2025.7.1 0:02:19.498,23,95.80000305,22.562
2025.7.1 0:02:20.519,23.39999962,96.90000153,22.5
2025.7.1 0:02:21.501,23.70000076,95.19999695,22.5
2025.7.1 0:02:22.514,24.10000038,90.40000153,22.562
2025.7.1 0:02:23.510,24.20000076,87.30000305,22.437
2025.7.1 0:02:24.511,24.39999962,88.30000305,22.5
2025.7.1 0:02:25.522,25.20000076,83.19999695,22.5
2025.7.1 0:02:26.512,25.89999962,76.80000305,22.437
2025.7.1 0:02:27.509,26.60000038,71.40000153,22.437
2025.7.1 0:02:28.518,27.10000038,65.30000305,22.5
2025.7.1 0:02:29.525,28.29999924,61.70000076,22.5
2025.7.1 0:02:30.530,28.79999924,60.20000076,22.5
2025.7.1 0:02:31.519,28.79999924,60.90000153,22.5
2025.7.1 0:02:32.519,28.29999924,62.59999847,22.5
2025.7.1 0:02:33.522,28.79999924,63.70000076,22.562
2025.7.1 0:02:34.523,29.5,60.5,22.562
2025.7.1 0:02:35.517,30.89999962,55.5,22.562
2025.7.1 0:02:36.526,31.10000038,54.29999924,22.625
2025.7.1 0:02:37.522,31.10000038,53.79999924,22.625
2025.7.1 0:02:38.526,30.10000038,53.70000076,22.625
2025.7.1 0:02:39.528,31.70000076,53.90000153,22.687
2025.7.1 0:02:40.524,32.09999847,50.29999924,22.75
2025.7.1 0:02:41.547,33.09999847,49.79999924,22.812
2025.7.1 0:02:42.533,32.40000153,51.40000153,22.812
2025.7.1 0:02:43.528,34.29999924,46.09999847,22.875
2025.7.1 0:02:44.532,35.20000076,42.79999924,22.875
2025.7.1 0:02:45.532,35.09999847,43.20000076,22.937
2025.7.1 0:02:46.528,32.90000153,49.29999924,23
2025.7.1 0:02:47.538,32.29999924,51.09999847,23.062
2025.7.1 0:02:48.535,32.79999924,48.40000153,23.125
2025.7.1 0:02:49.539,32.59999847,49.79999924,23.187
2025.7.1 0:02:50.540,32.90000153,50,23.312
2025.7.1 0:02:51.532,33,48.09999847,23.375
2025.7.1 0:02:52.542,32.79999924,47.5,23.375
2025.7.1 0:02:53.553,33.59999847,46.20000076,23.437
2025.7.1 0:02:54.560,33.70000076,46.40000153,23.562
2025.7.1 0:02:55.544,34.79999924,45.20000076,23.687
2025.7.1 0:02:56.541,33.70000076,49,23.687
2025.7.1 0:02:57.546,33.59999847,48.20000076,23.812
2025.7.1 0:02:58.554,33,45.90000153,23.875
2025.7.1 0:02:59.542,34.09999847,49.40000153,23.937
2025.7.1 0:03:00.564,34.09999847,48.5,24
2025.7.1 0:03:02.555,33.5,46.59999847,24.187
2025.7.1 0:03:03.556,34.20000076,44.90000153,24.25
2025.7.1 0:03:04.551,33.79999924,48.5,24.375
2025.7.1 0:03:05.557,35.20000076,50.70000076,24.437
2025.7.1 0:03:06.564,32.5,51.59999847,24.5
2025.7.1 0:03:07.564,31.60000038,53.59999847,24.5
2025.7.1 0:03:08.576,32,55.79999924,24.562
2025.7.1 0:03:09.572,34.29999924,48,24.625
2025.7.1 0:03:10.558,34.59999847,50.90000153,24.687
2025.7.1 0:03:11.562,34.5,52.20000076,24.812
2025.7.1 0:03:12.562,33.79999924,52.90000153,24.812
2025.7.1 0:03:13.565,32.5,52.79999924,24.875
2025.7.1 0:03:14.573,31.10000038,52.40000153,24.875
2025.7.1 0:03:16.568,32.20000076,53.40000153,24.937
2025.7.1 0:03:17.585,31.5,50.90000153,25.062
2025.7.1 0:03:18.582,31.70000076,52,25.125
2025.7.1 0:03:19.593,33,49.29999924,25.125
2025.7.1 0:03:20.576,33.09999847,49.29999924,25.187
2025.7.1 0:03:21.578,32.09999847,51.70000076,25.187
2025.7.1 0:03:22.583,31.89999962,51.29999924,25.25
2025.7.1 0:03:23.584,30.70000076,55.20000076,25.25
2025.7.1 0:03:24.576,30.70000076,56.20000076,25.312
2025.7.1 0:03:25.593,31.89999962,51.90000153,25.375
2025.7.1 0:03:26.589,34,47,25.375
2025.7.1 0:03:27.592,32.59999847,50.79999924,25.437
2025.7.1 0:03:28.590,33.29999924,49,25.437
2025.7.1 0:03:29.586,31.5,90.90000153,25.5
2025.7.1 0:03:30.591,30.60000038,66.40000153,25.562
2025.7.1 0:03:31.589,30.70000076,64.5,25.562
2025.7.1 0:03:32.589,30.29999924,61.09999847,25.562
2025.7.1 0:03:33.599,30.10000038,61,25.562
2025.7.1 0:03:34.590,30.70000076,60.40000153,25.562
2025.7.1 0:03:35.586,30.79999924,56.90000153,25.562
2025.7.1 0:03:36.594,30.89999962,58.09999847,25.625
2025.7.1 0:03:37.594,31.39999962,55,25.625
2025.7.1 0:03:38.593,30.89999962,58.59999847,25.625
2025.7.1 0:03:39.586,31,56.79999924,25.625
2025.7.1 0:03:40.595,31.29999924,56.5,25.687
2025.7.1 0:03:41.600,31.79999924,52.79999924,25.687
2025.7.1 0:03:42.595,31.70000076,53.5,25.687
2025.7.1 0:03:43.594,31.60000038,53.40000153,25.687
2025.7.1 0:03:44.597,31,54.5,25.75
2025.7.1 0:03:45.597,30.89999962,54.90000153,25.75
2025.7.1 0:03:46.599,31.39999962,54.40000153,25.75
2025.7.1 0:03:47.611,31.5,53.59999847,25.812
2025.7.1 0:03:48.600,31.29999924,53.29999924,25.812
2025.7.1 0:03:49.600,30.70000076,53.5,25.812
2025.7.1 0:03:50.606,30.29999924,55.59999847,25.812
2025.7.1 0:03:51.599,30.10000038,55.90000153,25.812
2025.7.1 0:03:52.615,30.39999962,54,25.75
2025.7.1 0:03:53.607,29.89999962,54.29999924,25.812
2025.7.1 0:03:54.607,29.5,56.20000076,25.75
2025.7.1 0:03:55.617,29.60000038,57.20000076,25.75
2025.7.1 0:03:56.604,29.79999924,55.79999924,25.812
2025.7.1 0:03:57.611,29.29999924,56.79999924,25.75
2025.7.1 0:03:58.622,29.10000038,58.29999924,25.75
2025.7.1 0:03:59.619,28.79999924,59.90000153,25.75
2025.7.1 0:04:00.614,29.10000038,59.79999924,25.687
2025.7.1 0:04:01.613,28.5,62.29999924,25.687
2025.7.1 0:04:02.607,28.29999924,65.09999847,25.687
2025.7.1 0:04:03.622,28.39999962,67.90000153,25.625
2025.7.1 0:04:04.620,28.20000076,68.69999695,25.625
2025.7.1 0:04:05.620,28.10000038,70.59999847,25.625
2025.7.1 0:04:06.623,27.79999924,69.90000153,25.562
2025.7.1 0:04:07.624,28,68.69999695,25.562
2025.7.1 0:04:08.621,27.5,66,25.5
2025.7.1 0:04:09.624,27.60000038,67.69999695,25.437
2025.7.1 0:04:10.618,27.60000038,67.80000305,25.437
2025.7.1 0:04:11.635,27.60000038,69.80000305,25.437
2025.7.1 0:04:12.624,27.29999924,72.40000153,25.375
2025.7.1 0:04:13.626,27.39999962,74.59999847,25.375
2025.7.1 0:04:14.628,27.39999962,75.59999847,25.312
2025.7.1 0:04:15.621,27.10000038,77,25.312
2025.7.1 0:04:16.644,26.89999962,79,25.312
2025.7.1 0:04:17.630,26.89999962,80.40000153,25.312
2025.7.1 0:04:18.630,26.89999962,80.5,25.25
2025.7.1 0:04:19.635,26.79999924,81.80000305,25.25
2025.7.1 0:04:20.633,26.79999924,81.19999695,25.25
2025.7.1 0:04:21.626,26.60000038,82.40000153,25.187
2025.7.1 0:04:22.634,26.60000038,84.09999847,25.187
2025.7.1 0:04:23.635,26.5,84.69999695,25.125
2025.7.1 0:04:24.642,26.5,84.69999695,25.125
2025.7.1 0:04:25.642,26.29999924,86.5,25.062
2025.7.1 0:04:26.640,26.29999924,87.59999847,25.062
2025.7.1 0:04:27.655,26.29999924,87.90000153,25
2025.7.1 0:04:28.644,26.29999924,88.19999695,25
2025.7.1 0:04:29.649,26.20000076,89.19999695,25
2025.7.1 0:04:30.657,26.20000076,88.5,24.937
2025.7.1 0:04:31.648,26.20000076,89,24.875
2025.7.1 0:04:32.647,25.89999962,91.30000305,24.875
2025.7.1 0:04:33.643,25.79999924,92.59999847,24.875
2025.7.1 0:04:34.648,25.89999962,93.19999695,24.812
2025.7.1 0:04:35.670,26,93.69999695,24.812
2025.7.1 0:04:36.656,26,94.80000305,24.812
2025.7.1 0:04:37.663,25.89999962,95.09999847,24.812
2025.7.1 0:04:38.661,25.70000076,95.40000153,24.75
2025.7.1 0:04:39.653,25.60000038,99.90000153,24.75
2025.7.1 0:04:40.658,25.39999962,99.90000153,24.75
2025.7.1 0:04:41.663,25.20000076,99.90000153,24.75
2025.7.1 0:04:42.666,25.10000038,99.90000153,24.687
2025.7.1 0:04:43.672,25.10000038,99.90000153,24.687
2025.7.1 0:04:44.663,25.10000038,99.90000153,24.687
2025.7.1 0:04:45.658,25.10000038,99.90000153,24.687
2025.7.1 0:04:46.664,25,99.90000153,24.687
2025.7.1 0:04:47.667,24.89999962,99.90000153,24.625
2025.7.1 0:04:48.682,24.79999924,99.90000153,24.687
2025.7.1 0:04:49.678,24.70000076,99.90000153,24.625
2025.7.1 0:04:50.665,24.39999962,99.90000153,24.625
2025.7.1 0:04:51.685,24.60000038,99.90000153,24.625
2025.7.1 0:04:52.677,24.5,99.90000153,24.625
2025.7.1 0:04:53.668,24.39999962,99.90000153,24.562
2025.7.1 0:04:54.678,24.39999962,99.90000153,24.562
2025.7.1 0:04:55.673,24.5,99.90000153,24.5
2025.7.1 0:04:56.666,24.20000076,99.90000153,24.5
2025.7.1 0:04:57.682,24,99.90000153,24.5
2025.7.1 0:04:58.685,23.89999962,99.90000153,24.437
2025.7.1 0:04:59.683,23.89999962,99.90000153,24.437
2025.7.1 0:05:00.673,23.79999924,99.90000153,24.375
2025.7.1 0:05:01.679,23.70000076,99.90000153,24.312
2025.7.1 0:05:02.685,23.70000076,99.90000153,24.312
2025.7.1 0:05:03.685,23.5,99.90000153,24.312
2025.7.1 0:05:04.678,23.20000076,99.90000153,24.25
2025.7.1 0:05:05.686,23.29999924,99.90000153,24.25
2025.7.1 0:05:06.695,23.39999962,99.90000153,24.187
2025.7.1 0:05:07.694,23.29999924,99.90000153,24.187
2025.7.1 0:05:08.702,23.29999924,99.90000153,24.187
2025.7.1 0:05:09.688,23.29999924,99.90000153,24.125
2025.7.1 0:05:10.696,23.29999924,99.90000153,24.062
2025.7.1 0:05:11.697,23.29999924,99.90000153,24.062
2025.7.1 0:05:12.694,23.39999962,99.90000153,24.062
2025.7.1 0:05:13.701,23.20000076,99.90000153,24
2025.7.1 0:05:14.704,23.10000038,99.90000153,24
2025.7.1 0:05:15.700,23.10000038,99.90000153,24
2025.7.1 0:05:16.700,23.20000076,99.40000153,23.937
2025.7.1 0:05:17.696,23.10000038,99.90000153,23.937
2025.7.1 0:05:18.711,23.10000038,99.59999847,23.875
2025.7.1 0:05:19.708,23,99.90000153,23.812
2025.7.1 0:05:20.706,23,99.90000153,23.875
2025.7.1 0:05:21.717,23,99.69999695,23.812
2025.7.1 0:05:22.705,23,99.90000153,23.812
2025.7.1 0:05:23.715,23,99.59999847,23.75
2025.7.1 0:05:24.717,22.89999962,99.90000153,23.75
2025.7.1 0:05:25.715,22.79999924,99.90000153,23.687
2025.7.1 0:05:26.714,22.79999924,99.90000153,23.687
2025.7.1 0:05:27.722,22.70000076,99.90000153,23.687
2025.7.1 0:05:28.708,22.70000076,98.5,23.687
2025.7.1 0:05:29.729,22.79999924,97.69999695,23.562
2025.7.1 0:05:30.725,22.79999924,95.59999847,23.562
2025.7.1 0:05:31.710,22.79999924,97.19999695,23.562
2025.7.1 0:05:32.728,22.89999962,99.19999695,23.5
2025.7.1 0:05:33.711,22.89999962,99.40000153,23.5
2025.7.1 0:05:34.709,23,99.90000153,23.5
2025.7.1 0:05:35.720,22.79999924,99.90000153,23.437
2025.7.1 0:05:36.717,22.79999924,99.90000153,23.437
2025.7.1 0:05:37.733,22.60000038,99.90000153,23.437
2025.7.1 0:05:38.732,22.5,99.90000153,23.375
2025.7.1 0:05:39.717,22.39999962,98.59999847,23.375
2025.7.1 0:05:40.727,22.5,97.90000153,23.375
2025.7.1 0:05:41.723,22.60000038,99.90000153,23.312
2025.7.1 0:05:42.738,22.60000038,96.59999847,23.312
2025.7.1 0:05:43.728,22.70000076,96.19999695,23.312
2025.7.1 0:05:44.729,22.60000038,97.5,23.312
2025.7.1 0:05:45.735,22.79999924,97.40000153,23.25
2025.7.1 0:05:46.732,22.79999924,96.30000305,23.25
2025.7.1 0:05:47.728,22.70000076,96.90000153,23.25
2025.7.1 0:05:48.736,22.79999924,96.19999695,23.25
2025.7.1 0:05:49.736,22.70000076,97.5,23.187
2025.7.1 0:05:50.728,22.70000076,96.30000305,23.125
2025.7.1 0:05:51.740,22.70000076,95.19999695,23.187
2025.7.1 0:05:52.737,22.79999924,96.80000305,23.125
2025.7.1 0:05:53.752,23.10000038,96.40000153,23.125
2025.7.1 0:05:54.745,22.89999962,96.30000305,23.062
2025.7.1 0:05:55.747,23.10000038,95.59999847,23.062
2025.7.1 0:05:56.755,23,95.59999847,23.062
2025.7.1 0:05:57.745,23.29999924,94.69999695,23
2025.7.1 0:05:58.739,23.29999924,94.30000305,23
2025.7.1 0:05:59.749,23.5,93.69999695,22.937
2025.7.1 0:06:00.745,23.60000038,93.59999847,23
2025.7.1 0:06:01.755,24,92.69999695,22.937
2025.7.1 0:06:02.752,24.5,89.59999847,22.937
2025.7.1 0:06:03.746,24.79999924,88.09999847,22.937
2025.7.1 0:06:04.752,25.89999962,76.5,22.937
2025.7.1 0:06:05.752,27.10000038,68.80000305,23
2025.7.1 0:06:06.748,26.5,73.80000305,23
2025.7.1 0:06:07.756,25.39999962,84.30000305,23
2025.7.1 0:06:08.756,25.10000038,86.09999847,23
2025.7.1 0:06:09.747,25,84.90000153,23
2025.7.1 0:06:10.758,24.89999962,84.59999847,23
2025.7.1 0:06:11.754,25.39999962,83.5,22.937
2025.7.1 0:06:12.768,25.60000038,81,23
2025.7.1 0:06:13.758,25.79999924,81.90000153,23
2025.7.1 0:06:14.756,25.89999962,80.69999695,23
2025.7.1 0:06:15.760,26.20000076,80.09999847,23
2025.7.1 0:06:16.766,26.20000076,81.30000305,23
2025.7.1 0:06:17.764,26.20000076,82.09999847,23
2025.7.1 0:06:18.772,26.10000038,82,23
2025.7.1 0:06:19.766,26,83.80000305,23
2025.7.1 0:06:20.757,25.89999962,83.59999847,23
2025.7.1 0:06:21.774,26.20000076,83.69999695,23
2025.7.1 0:06:22.778,26.29999924,83,23
2025.7.1 0:06:23.762,26.79999924,80,23.062
2025.7.1 0:06:24.769,26.79999924,80.09999847,23.062
2025.7.1 0:06:25.768,27,79.5,23.062
2025.7.1 0:06:26.786,26.70000076,81.69999695,23.062
2025.7.1 0:06:27.774,27.29999924,75.90000153,23.062
2025.7.1 0:06:28.766,28.89999962,68.69999695,23.125
2025.7.1 0:06:29.783,28.70000076,65.09999847,23.187
2025.7.1 0:06:30.774,30.20000076,59.79999924,23.25
2025.7.1 0:06:31.787,30.29999924,57.40000153,23.25
2025.7.1 0:06:32.790,29.89999962,62.5,23.312
2025.7.1 0:06:33.776,32.70000076,53,23.375
2025.7.1 0:06:34.781,33.5,50.59999847,23.375
2025.7.1 0:06:35.782,34,48.5,23.5
2025.7.1 0:06:36.778,34.40000153,45.29999924,23.562
2025.7.1 0:06:37.786,34.40000153,45,23.625
2025.7.1 0:06:38.780,34.90000153,43,23.75
2025.7.1 0:06:39.778,35.79999924,44.09999847,23.812
2025.7.1 0:06:40.788,35.29999924,41.5,23.875
2025.7.1 0:06:41.787,34,44.5,23.937
2025.7.1 0:06:42.806,33.09999847,45.40000153,24
2025.7.1 0:06:43.799,33.79999924,44,24.062
2025.7.1 0:06:44.798,34.29999924,43.09999847,24.062
2025.7.1 0:06:45.795,35.20000076,41.79999924,24.187
2025.7.1 0:06:46.794,35.20000076,41.90000153,24.25
2025.7.1 0:06:47.796,33.59999847,42.90000153,24.25
2025.7.1 0:06:48.797,33.70000076,43.29999924,24.375
2025.7.1 0:06:49.799,33.59999847,43.40000153,24.375
2025.7.1 0:06:50.800,34.79999924,40.79999924,24.437
2025.7.1 0:06:51.802,34.09999847,41.90000153,24.5
2025.7.1 0:06:52.798,34.79999924,41.40000153,24.5
2025.7.1 0:06:53.806,33.40000153,42.59999847,24.5
2025.7.1 0:06:54.803,32.59999847,45.5,24.625
2025.7.1 0:06:55.803,32.09999847,46.90000153,24.625
2025.7.1 0:06:56.817,33.70000076,45.20000076,24.687
2025.7.1 0:06:57.805,34.20000076,44.40000153,24.687
2025.7.1 0:06:58.828,35,44.09999847,24.687
2025.7.1 0:06:59.816,34.79999924,44.79999924,24.75
2025.7.1 0:07:00.810,35,45,24.812
2025.7.1 0:07:01.829,34.40000153,44.20000076,24.875
2025.7.1 0:07:02.824,35.59999847,43.59999847,24.875
2025.7.1 0:07:03.809,35.29999924,44.29999924,24.937
2025.7.1 0:07:04.819,34.90000153,44.59999847,25
2025.7.1 0:07:05.814,34.90000153,45.09999847,25.062
2025.7.1 0:07:06.832,34.40000153,45.20000076,25.062
2025.7.1 0:07:07.817,34.20000076,44.5,25.125
2025.7.1 0:07:08.820,34.70000076,44.20000076,25.187
2025.7.1 0:07:09.835,34.20000076,44.90000153,25.187
2025.7.1 0:07:10.826,34.20000076,45.5,25.25
2025.7.1 0:07:11.828,34.40000153,46,25.25
2025.7.1 0:07:12.836,34.5,45.09999847,25.312
2025.7.1 0:07:13.828,33.70000076,46.5,25.375
2025.7.1 0:07:14.820,33.20000076,47.70000076,25.375
2025.7.1 0:07:15.834,32.70000076,48.09999847,25.437
2025.7.1 0:07:16.829,33.09999847,48,25.5
2025.7.1 0:07:17.841,33,49,25.5
2025.7.1 0:07:18.839,32,49.29999924,25.437
2025.7.1 0:07:19.832,31.70000076,50.20000076,25.5
2025.7.1 0:07:20.843,31.89999962,49.79999924,25.562
2025.7.1 0:07:21.841,32,49.70000076,25.562
2025.7.1 0:07:22.832,31.70000076,50.70000076,25.562
2025.7.1 0:07:23.842,31.79999924,50.5,25.562
2025.7.1 0:07:24.839,31.29999924,51.59999847,25.625
2025.7.1 0:07:25.851,31.29999924,52.09999847,25.625
2025.7.1 0:07:26.847,31.60000038,49.79999924,25.687
2025.7.1 0:07:27.844,31.5,52.40000153,25.687
2025.7.1 0:07:28.853,31.5,51.09999847,25.687
2025.7.1 0:07:29.848,31.29999924,51.79999924,25.687
2025.7.1 0:07:30.859,30.89999962,53.5,25.687
2025.7.1 0:07:31.854,30.89999962,53.09999847,25.687
2025.7.1 0:07:32.849,30.70000076,53.09999847,25.687
2025.7.1 0:07:33.861,30.79999924,52.90000153,25.687
2025.7.1 0:07:34.857,30.5,53.90000153,25.687
2025.7.1 0:07:35.867,30.39999962,54.90000153,25.687
2025.7.1 0:07:36.868,30.10000038,54.79999924,25.687
2025.7.1 0:07:37.857,30.10000038,55.09999847,25.687
2025.7.1 0:07:38.861,29.89999962,55.09999847,25.687
2025.7.1 0:07:39.863,29.79999924,56.29999924,25.687
2025.7.1 0:07:40.860,29.70000076,56,25.687
2025.7.1 0:07:41.874,29.70000076,56.20000076,25.687
2025.7.1 0:07:42.864,29.5,57.5,25.687
2025.7.1 0:07:43.861,29.39999962,58.40000153,25.687
2025.7.1 0:07:44.882,29.39999962,59.20000076,25.687
2025.7.1 0:07:45.864,29.29999924,63.40000153,25.687
2025.7.1 0:07:46.871,29.10000038,67.5,25.687
2025.7.1 0:07:47.884,28.89999962,68.80000305,25.687
2025.7.1 0:07:48.868,28.89999962,68.5,25.687
2025.7.1 0:07:49.866,28.60000038,70.30000305,25.687
2025.7.1 0:07:50.874,28.39999962,72.5,25.687
2025.7.1 0:07:51.879,28.20000076,74.09999847,25.687
2025.7.1 0:07:52.879,28.10000038,75.5,25.625
2025.7.1 0:07:53.877,28,76.19999695,25.625
2025.7.1 0:07:54.882,27.79999924,77.69999695,25.625
2025.7.1 0:07:55.874,27.79999924,77.59999847,25.625
2025.7.1 0:07:56.878,27.60000038,77.59999847,25.562
2025.7.1 0:07:57.873,27.60000038,75.59999847,25.562
2025.7.1 0:07:58.887,27.5,78.09999847,25.562
2025.7.1 0:07:59.880,27.5,78,25.562
2025.7.1 0:08:00.879,27.39999962,78.59999847,25.5
2025.7.1 0:08:01.878,27.29999924,78.69999695,25.5
2025.7.1 0:08:02.887,27.20000076,79.30000305,25.5
2025.7.1 0:08:03.885,27.10000038,79.5,25.437
2025.7.1 0:08:04.883,27,79.69999695,25.437
2025.7.1 0:08:05.893,27,79.90000153,25.375
2025.7.1 0:08:06.886,26.79999924,82.09999847,25.375
2025.7.1 0:08:07.889,26.79999924,82.09999847,25.375
2025.7.1 0:08:08.890,26.79999924,82.30000305,25.312
2025.7.1 0:08:09.899,26.60000038,83.80000305,25.312
2025.7.1 0:08:10.901,26.70000076,83.80000305,25.25
2025.7.1 0:08:11.903,26.5,84.90000153,25.312
2025.7.1 0:08:12.895,26.60000038,84.80000305,25.25
2025.7.1 0:08:13.893,26.60000038,84.59999847,25.187
2025.7.1 0:08:14.906,26.39999962,84.59999847,25.187
2025.7.1 0:08:15.897,26.39999962,85,25.187
2025.7.1 0:08:16.900,26.39999962,85.80000305,25.125
2025.7.1 0:08:17.908,26.20000076,87.90000153,25.125
2025.7.1 0:08:18.906,26.10000038,88.80000305,25.062
2025.7.1 0:08:19.912,26.10000038,87.5,25.062
2025.7.1 0:08:20.913,26.10000038,89.5,25.062
2025.7.1 0:08:21.914,26,90.80000305,25.062
2025.7.1 0:08:22.906,26,90.30000305,25.062
2025.7.1 0:08:23.906,25.89999962,89.59999847,25
2025.7.1 0:08:24.912,25.89999962,90.40000153,24.937
2025.7.1 0:08:25.921,25.70000076,91,25
2025.7.1 0:08:26.910,25.60000038,91.5,25
2025.7.1 0:08:27.923,25.60000038,91.69999695,24.937
2025.7.1 0:08:28.911,25.5,92.69999695,24.937
2025.7.1 0:08:29.919,25.5,92.30000305,24.875
2025.7.1 0:08:30.912,25.5,92,24.875
2025.7.1 0:08:31.929,25.39999962,92.09999847,24.875
2025.7.1 0:08:32.920,25.39999962,92.40000153,24.812
2025.7.1 0:08:33.920,25.29999924,92.90000153,24.812
2025.7.1 0:08:34.921,25.20000076,92.30000305,24.75
2025.7.1 0:08:35.931,25.39999962,92,24.75
2025.7.1 0:08:36.925,25.10000038,92.90000153,24.75
2025.7.1 0:08:37.922,25.10000038,92.69999695,24.687
2025.7.1 0:08:38.927,24.89999962,93.59999847,24.687
2025.7.1 0:08:39.928,24.89999962,93.5,24.625
2025.7.1 0:08:40.937,24.89999962,93.30000305,24.687
2025.7.1 0:08:41.929,24.79999924,93.80000305,24.625
2025.7.1 0:08:42.932,24.79999924,94.19999695,24.625
2025.7.1 0:08:43.933,24.89999962,94.09999847,24.562
2025.7.1 0:08:44.941,24.79999924,93.40000153,24.562
2025.7.1 0:08:45.932,24.79999924,93.5,24.5
2025.7.1 0:08:46.939,24.89999962,93.59999847,24.5
2025.7.1 0:08:47.935,24.89999962,93.19999695,24.5
2025.7.1 0:08:48.938,24.89999962,93.80000305,24.437
2025.7.1 0:08:49.946,25,94.59999847,24.437
2025.7.1 0:08:50.936,24.79999924,94.40000153,24.437
2025.7.1 0:08:51.947,24.89999962,94.30000305,24.375
2025.7.1 0:08:52.944,24.70000076,94.69999695,24.437
2025.7.1 0:08:53.940,24.79999924,93.69999695,24.375
2025.7.1 0:08:54.949,24.89999962,93.40000153,24.312
2025.7.1 0:08:55.953,24.70000076,94,24.375
2025.7.1 0:08:56.952,24.70000076,93.69999695,24.312
2025.7.1 0:08:57.946,24.60000038,93.90000153,24.312
2025.7.1 0:08:58.956,24.60000038,93.90000153,24.312
2025.7.1 0:08:59.948,24.5,94.40000153,24.25
2025.7.1 0:09:00.949,24.60000038,93.80000305,24.25
2025.7.1 0:09:01.950,24.5,93.90000153,24.187
2025.7.1 0:09:02.959,24.29999924,95.40000153,24.187
2025.7.1 0:09:03.959,24.10000038,95.5,24.125
2025.7.1 0:09:04.976,24.10000038,95,24.125
2025.7.1 0:09:05.956,24.20000076,95.30000305,24.125
2025.7.1 0:09:06.961,24,96.90000153,24.062
2025.7.1 0:09:07.966,24.10000038,94.59999847,24.125
2025.7.1 0:09:08.969,24,94.69999695,24.062
2025.7.1 0:09:09.961,23.89999962,94.59999847,24.062
2025.7.1 0:09:10.963,23.79999924,95.09999847,24
2025.7.1 0:09:11.962,23.60000038,95.90000153,24
2025.7.1 0:09:12.979,23.70000076,96.69999695,24
2025.7.1 0:09:13.970,23.70000076,96.30000305,24
2025.7.1 0:09:14.975,23.89999962,96.30000305,24
2025.7.1 0:09:15.980,23.5,96.19999695,23.875
2025.7.1 0:09:16.969,23.60000038,96,23.875
2025.7.1 0:09:17.975,23.70000076,95.40000153,23.875
2025.7.1 0:09:18.981,23.60000038,95,23.812
2025.7.1 0:09:19.986,23.79999924,94.90000153,23.875
2025.7.1 0:09:20.992,23.89999962,94.40000153,23.812
2025.7.1 0:09:21.984,23.79999924,94.59999847,23.812
2025.7.1 0:09:22.981,23.70000076,94.69999695,23.75
2025.7.1 0:09:23.997,23.70000076,94.90000153,23.75
2025.7.1 0:09:24.984,23.70000076,95.19999695,23.75
2025.7.1 0:09:25.984,23.79999924,94.80000305,23.75
2025.7.1 0:09:26.994,23.89999962,95.5,23.687
2025.7.1 0:09:27.987,24,95.5,23.687
2025.7.1 0:09:28.987,24.10000038,95.59999847,23.687
2025.7.1 0:09:29.995,24.39999962,94.40000153,23.687
2025.7.1 0:09:30.997,24.29999924,94.59999847,23.687
2025.7.1 0:09:31.987,24.29999924,94.5,23.687
2025.7.1 0:09:32.998,24.29999924,94.59999847,23.625
2025.7.1 0:09:33.991,24.70000076,93.5,23.625
2025.7.1 0:09:34.999,24.39999962,93.69999695,23.625
2025.7.1 0:09:36.007,24.89999962,92.80000305,23.625
2025.7.1 0:09:37.000,25.39999962,91.90000153,23.625
2025.7.1 0:09:38.002,26.29999924,89.80000305,23.625
2025.7.1 0:09:39.006,29.20000076,72.30000305,23.687
2025.7.1 0:09:39.998,31.60000038,58.90000153,23.687
2025.7.1 0:09:41.008,32.90000153,54.59999847,23.687
2025.7.1 0:09:42.000,32.70000076,53.5,23.75
2025.7.1 0:09:43.010,33.20000076,52,23.75
2025.7.1 0:09:44.001,33.90000153,49.59999847,23.75
2025.7.1 0:09:45.004,35,48.70000076,23.75
2025.7.1 0:09:46.015,32.90000153,51.79999924,23.812
2025.7.1 0:09:47.006,30.5,57.79999924,23.812
2025.7.1 0:09:48.007,30.89999962,58.09999847,23.812
2025.7.1 0:09:49.013,31.39999962,57.20000076,23.937
2025.7.1 0:09:50.021,30.10000038,59,23.937
2025.7.1 0:09:51.016,30.70000076,58.29999924,24
2025.7.1 0:09:52.012,30.29999924,59.20000076,24.062
2025.7.1 0:09:53.013,30.20000076,59.70000076,24.062
2025.7.1 0:09:54.024,30.79999924,58.90000153,24.125
2025.7.1 0:09:55.017,31.29999924,56.70000076,24.187
2025.7.1 0:09:56.039,31.79999924,55.09999847,24.25
2025.7.1 0:09:57.028,32.29999924,54.20000076,24.312
2025.7.1 0:09:58.018,33.20000076,51.90000153,24.375
2025.7.1 0:09:59.032,33.09999847,51.20000076,24.375
2025.7.1 0:10:00.028,33.79999924,50,24.437
2025.7.1 0:10:01.039,32.40000153,52.20000076,24.5
2025.7.1 0:10:02.033,32.5,51.59999847,24.562
2025.7.1 0:10:03.030,30.70000076,56.90000153,24.625
2025.7.1 0:10:04.048,32.70000076,53.59999847,24.687
2025.7.1 0:10:05.044,33.40000153,50.09999847,24.687
2025.7.1 0:10:06.033,34.70000076,47.70000076,24.75
2025.7.1 0:10:07.037,34.5,45.79999924,24.875
2025.7.1 0:10:08.042,35.40000153,44.5,24.875
2025.7.1 0:10:09.043,36.20000076,44.90000153,25
2025.7.1 0:10:10.049,36.29999924,44.29999924,25.062
2025.7.1 0:10:11.048,36.70000076,41.90000153,25.125
2025.7.1 0:10:12.046,35.59999847,44,25.25
2025.7.1 0:10:13.048,33.40000153,48.5,25.25
2025.7.1 0:10:14.043,32.29999924,50.29999924,25.312
2025.7.1 0:10:15.063,32.5,51.59999847,25.312
2025.7.1 0:10:16.049,31.70000076,53,25.312
2025.7.1 0:10:17.044,31.70000076,53.09999847,25.312
2025.7.1 0:10:18.056,32.90000153,49.79999924,25.312
2025.7.1 0:10:19.048,33.29999924,48,25.437
2025.7.1 0:10:20.043,36.09999847,43.70000076,25.562
2025.7.1 0:10:21.064,35.59999847,43.59999847,25.5
2025.7.1 0:10:22.051,34.20000076,46.09999847,25.562
2025.7.1 0:10:23.069,35,44.90000153,25.625
2025.7.1 0:10:24.056,36.5,42.29999924,25.687
2025.7.1 0:10:25.052,34.40000153,47.79999924,25.75
2025.7.1 0:10:26.071,32.09999847,53.40000153,25.687
2025.7.1 0:10:27.060,31.79999924,54.70000076,25.687
2025.7.1 0:10:28.053,32,55.40000153,25.687
2025.7.1 0:10:29.072,31.60000038,55.20000076,25.75
2025.7.1 0:10:30.060,34.40000153,49.79999924,25.75
2025.7.1 0:10:31.068,32.90000153,52.09999847,25.75
2025.7.1 0:10:32.071,31.60000038,55.70000076,25.812
2025.7.1 0:10:33.072,31.29999924,55,25.812
2025.7.1 0:10:34.073,34.5,48.5,25.75
2025.7.1 0:10:35.061,35.70000076,46.20000076,25.875
2025.7.1 0:10:36.066,35.90000153,45.79999924,25.937
2025.7.1 0:10:37.077,36.20000076,44.90000153,25.937
2025.7.1 0:10:38.071,35.70000076,44.59999847,26
2025.7.1 0:10:39.086,36.79999924,43.90000153,26.062
2025.7.1 0:10:40.073,35.90000153,44.20000076,26.125
2025.7.1 0:10:41.071,35.29999924,46.09999847,26.125
2025.7.1 0:10:42.088,36.20000076,47.09999847,26.187
2025.7.1 0:10:43.079,35.59999847,45.29999924,26.25
2025.7.1 0:10:44.074,35.5,46.29999924,26.312
2025.7.1 0:10:45.093,36,45.70000076,26.312
2025.7.1 0:10:46.079,36.20000076,45.40000153,26.375
2025.7.1 0:10:47.095,35.79999924,45.20000076,26.437
2025.7.1 0:10:49.083,35.40000153,47.40000153,26.5
2025.7.1 0:10:50.098,35.5,46.59999847,26.5
2025.7.1 0:10:51.088,35,46.90000153,26.562
2025.7.1 0:10:52.108,34.70000076,48.5,26.625
2025.7.1 0:10:53.103,34.40000153,49.59999847,26.687
2025.7.1 0:10:54.092,35.29999924,47.79999924,26.75
2025.7.1 0:10:55.112,34.59999847,47.70000076,26.75
2025.7.1 0:10:56.097,32.59999847,52.5,26.687
2025.7.1 0:10:57.088,32,53.90000153,26.687
2025.7.1 0:10:58.108,32,55.29999924,26.687
2025.7.1 0:10:59.112,32.09999847,54.70000076,26.625
2025.7.1 0:11:00.093,32.29999924,53.70000076,26.625
2025.7.1 0:11:01.103,32,52.59999847,26.625
2025.7.1 0:11:02.091,32.20000076,52.09999847,26.625
2025.7.1 0:11:03.114,31.89999962,52.29999924,26.687
2025.7.1 0:11:04.104,31.70000076,53.29999924,26.687
2025.7.1 0:11:05.101,32.29999924,52.70000076,26.687
2025.7.1 0:11:06.116,32.29999924,52.70000076,26.687
2025.7.1 0:11:07.110,32,53.59999847,26.687
2025.7.1 0:11:08.105,32,53.40000153,26.687
2025.7.1 0:11:09.115,31.60000038,54.59999847,26.75
2025.7.1 0:11:10.109,31.29999924,55,26.687
2025.7.1 0:11:11.116,31.5,57.70000076,26.687
2025.7.1 0:11:12.125,31.39999962,56.5,26.687
2025.7.1 0:11:13.120,31.10000038,57.90000153,26.687
2025.7.1 0:11:14.119,31,59,26.75
2025.7.1 0:11:15.118,30.89999962,60,26.687
2025.7.1 0:11:18.121,30.60000038,63.40000153,26.625
2025.7.1 0:11:19.124,30.39999962,63.29999924,26.687
2025.7.1 0:11:20.125,30.39999962,63.90000153,26.687
2025.7.1 0:11:21.133,30.20000076,64.69999695,26.687
2025.7.1 0:11:22.136,30.10000038,64.69999695,26.687
2025.7.1 0:11:23.141,29.89999962,67.19999695,26.687
2025.7.1 0:11:24.125,29.70000076,68.09999847,26.625
2025.7.1 0:11:25.144,29.60000038,68.90000153,26.562
2025.7.1 0:11:26.133,29.5,68.59999847,26.562
2025.7.1 0:11:27.134,29.39999962,67.90000153,26.562
2025.7.1 0:11:28.136,29.20000076,69.40000153,26.5
2025.7.1 0:11:29.138,29,71.09999847,26.5
2025.7.1 0:11:30.133,29.10000038,71.80000305,26.5
2025.7.1 0:11:31.147,29.10000038,72.90000153,26.5
2025.7.1 0:11:32.141,28.89999962,70.40000153,26.437
2025.7.1 0:11:33.139,28.70000076,71.5,26.437
2025.7.1 0:11:34.139,28.29999924,74.19999695,26.437
2025.7.1 0:11:35.135,27.89999962,80,26.312
2025.7.1 0:11:36.147,27.79999924,79,26.312
2025.7.1 0:11:37.146,27.5,76.69999695,26.312
2025.7.1 0:11:38.143,27.20000076,75.5,26.25
2025.7.1 0:11:39.146,26.89999962,77.80000305,26.25
2025.7.1 0:11:40.140,27,77.5,26.187
2025.7.1 0:11:41.155,26.79999924,82,26.125
2025.7.1 0:11:42.147,26.70000076,88.40000153,26.125
2025.7.1 0:11:43.155,26.20000076,89.5,26.062
2025.7.1 0:11:44.151,26.10000038,89.40000153,26
2025.7.1 0:11:45.159,25.89999962,87.5,25.937
2025.7.1 0:11:46.155,25.70000076,88.30000305,25.937
2025.7.1 0:11:47.154,25.79999924,98.09999847,25.937
2025.7.1 0:11:48.151,25,99.5,25.812
2025.7.1 0:11:49.168,24.5,99.90000153,25.812
2025.7.1 0:11:50.156,24.39999962,99.90000153,25.75
2025.7.1 0:11:51.152,24.60000038,99.90000153,25.75
2025.7.1 0:11:52.161,25.10000038,99.90000153,25.75
2025.7.1 0:11:53.160,25.29999924,99.90000153,25.687
2025.7.1 0:11:54.154,25.10000038,99.90000153,25.687
2025.7.1 0:11:55.173,25.20000076,99.90000153,25.625
2025.7.1 0:11:56.171,25.10000038,99.90000153,25.562
2025.7.1 0:11:57.179,24.70000076,99.90000153,25.562
2025.7.1 0:11:58.167,25,99.90000153,25.562
2025.7.1 0:11:59.163,24.60000038,99.90000153,25.562
2025.7.1 0:12:00.172,24,99.90000153,25.5
2025.7.1 0:12:01.176,23.79999924,99.90000153,25.5
2025.7.1 0:12:02.164,23.79999924,99.90000153,25.437
2025.7.1 0:12:03.172,23.70000076,99.90000153,25.437
2025.7.1 0:12:04.179,23.70000076,99.90000153,25.375
2025.7.1 0:12:05.172,24.20000076,99.90000153,25.312
2025.7.1 0:12:06.169,24.5,99.90000153,25.312
2025.7.1 0:12:07.176,24.5,99.90000153,25.312
2025.7.1 0:12:08.171,24.39999962,99.90000153,25.25
2025.7.1 0:12:09.172,24.20000076,99.90000153,25.25
2025.7.1 0:12:10.173,23.89999962,99.90000153,25.25
2025.7.1 0:12:11.192,23.89999962,99.90000153,25.187
2025.7.1 0:12:12.189,24.10000038,99.90000153,25.187
2025.7.1 0:12:13.173,24,99.90000153,25.125
2025.7.1 0:12:14.186,24.5,99.90000153,25.125
2025.7.1 0:12:15.181,24.20000076,99.90000153,25.125
2025.7.1 0:12:16.197,24.10000038,99.90000153,25.062
2025.7.1 0:12:17.195,24.20000076,99.90000153,25.062
2025.7.1 0:12:18.183,24.29999924,99.90000153,25.062
2025.7.1 0:12:19.203,24.29999924,99.90000153,25.062
2025.7.1 0:12:20.203,24.29999924,99.90000153,25
2025.7.1 0:12:21.184,24,99.90000153,25
2025.7.1 0:12:22.195,23.70000076,99.90000153,25
2025.7.1 0:12:23.192,23.79999924,99.90000153,24.937
2025.7.1 0:12:24.205,23.70000076,99.90000153,24.937
2025.7.1 0:12:25.204,23.79999924,99.90000153,24.875
2025.7.1 0:12:26.192,23.70000076,99.90000153,24.812
2025.7.1 0:12:27.200,23.79999924,99.90000153,24.812
2025.7.1 0:12:28.198,23.70000076,99.90000153,24.812
2025.7.1 0:12:29.195,23.70000076,99.90000153,24.75
2025.7.1 0:12:30.205,23.60000038,99.90000153,24.812
2025.7.1 0:12:31.198,23.5,99.90000153,24.75
2025.7.1 0:12:32.194,23.29999924,99.90000153,24.75
2025.7.1 0:12:33.196,23.39999962,99.90000153,24.75
2025.7.1 0:12:34.203,23.60000038,99.90000153,24.687
2025.7.1 0:12:35.218,23.79999924,99.90000153,24.687
2025.7.1 0:12:36.207,23.60000038,99.90000153,24.687
2025.7.1 0:12:37.211,23.70000076,99.90000153,24.687
2025.7.1 0:12:38.212,23.60000038,99.90000153,24.625
2025.7.1 0:12:39.209,23.70000076,99.90000153,24.625
2025.7.1 0:12:40.230,23.70000076,99.90000153,24.625
2025.7.1 0:12:41.227,23.70000076,99.90000153,24.562
2025.7.1 0:12:42.213,23.79999924,99.90000153,24.562
2025.7.1 0:12:43.219,23.70000076,99.90000153,24.562
2025.7.1 0:12:44.220,23.60000038,99.90000153,24.5
2025.7.1 0:12:45.212,23.29999924,99.90000153,24.5
2025.7.1 0:12:46.232,23.70000076,99.90000153,24.437
2025.7.1 0:12:47.220,23.89999962,99.90000153,24.5
2025.7.1 0:12:48.239,23.79999924,99.90000153,24.437
2025.7.1 0:12:49.225,23.89999962,99.90000153,24.437
2025.7.1 0:12:50.232,23.70000076,99.90000153,24.375
2025.7.1 0:12:51.216,23.60000038,99.90000153,24.375
2025.7.1 0:12:52.225,23.5,99.90000153,24.312
2025.7.1 0:12:53.223,23.60000038,99.90000153,24.312
2025.7.1 0:12:54.229,23.79999924,99.90000153,24.312
2025.7.1 0:12:55.228,24,99.90000153,24.312
2025.7.1 0:12:56.228,23.79999924,99.90000153,24.25
2025.7.1 0:12:57.231,23.89999962,99.90000153,24.25
2025.7.1 0:12:58.240,23.89999962,99.90000153,24.312
2025.7.1 0:12:59.224,23.89999962,99.90000153,24.187
2025.7.1 0:13:00.247,23.89999962,99.90000153,24.25
2025.7.1 0:13:01.241,24.10000038,99.90000153,24.25
2025.7.1 0:13:02.241,24,99.90000153,24.187
2025.7.1 0:13:03.244,23.70000076,99.90000153,24.125
2025.7.1 0:13:04.234,23.70000076,99.90000153,24.125
2025.7.1 0:13:05.247,23.60000038,99.90000153,24.125
2025.7.1 0:13:06.242,23.70000076,99.90000153,24.125
2025.7.1 0:13:07.256,23.70000076,99.90000153,24.125
2025.7.1 0:13:08.244,23.79999924,99.80000305,24.125
2025.7.1 0:13:09.243,23.79999924,98.90000153,24.125
2025.7.1 0:13:10.251,23.70000076,99.40000153,24.062
2025.7.1 0:13:11.247,24,98.69999695,24.062
2025.7.1 0:13:12.252,24.20000076,97.90000153,24.062
2025.7.1 0:13:13.254,24.20000076,97,24.062
2025.7.1 0:13:14.253,24.70000076,97.40000153,24.062
2025.7.1 0:13:15.256,24.79999924,97.30000305,24
2025.7.1 0:13:16.257,24.60000038,96.80000305,23.937
2025.7.1 0:13:17.254,24.39999962,97.09999847,24
2025.7.1 0:13:18.275,24.39999962,96.80000305,24
2025.7.1 0:13:19.269,24.60000038,96.40000153,24
2025.7.1 0:13:20.256,25.20000076,96.09999847,24
2025.7.1 0:13:21.276,25.10000038,96,24
2025.7.1 0:13:22.261,25,97,24
2025.7.1 0:13:23.268,25.70000076,94.5,24
2025.7.1 0:13:24.266,26.10000038,93.80000305,24.062
2025.7.1 0:13:25.263,26.89999962,91.5,24
2025.7.1 0:13:26.281,26.70000076,92.80000305,24
2025.7.1 0:13:27.277,26.5,92.59999847,24
2025.7.1 0:13:28.265,26.29999924,93.90000153,24
2025.7.1 0:13:29.277,27.10000038,90.59999847,24
2025.7.1 0:13:30.282,26.29999924,91.69999695,24.062
2025.7.1 0:13:31.278,25.89999962,93.30000305,24
2025.7.1 0:13:32.283,25.79999924,93.30000305,24
2025.7.1 0:13:33.273,25.39999962,94.59999847,23.937
2025.7.1 0:13:34.282,25.70000076,94.40000153,24
2025.7.1 0:13:35.280,26.20000076,92.80000305,24
2025.7.1 0:13:36.287,26.39999962,92.30000305,24
2025.7.1 0:13:37.274,26.39999962,90.80000305,24
2025.7.1 0:13:38.283,26.20000076,91.19999695,24
2025.7.1 0:13:39.289,26.39999962,91,24
2025.7.1 0:13:40.295,26.79999924,91.09999847,24
2025.7.1 0:13:41.279,26.79999924,90,24.062
2025.7.1 0:13:42.292,27.10000038,87.69999695,24
2025.7.1 0:13:43.297,27.60000038,84.30000305,24
2025.7.1 0:13:44.290,27.60000038,83.30000305,24
2025.7.1 0:13:45.286,27.39999962,86,24.062
2025.7.1 0:13:46.292,27.29999924,86,24.062
2025.7.1 0:13:47.297,27.29999924,88.19999695,24.062
2025.7.1 0:13:48.308,27.5,88.59999847,24.062
2025.7.1 0:13:49.292,26.89999962,90.40000153,24.062
2025.7.1 0:13:50.302,27.20000076,88.80000305,24.062
2025.7.1 0:13:51.306,27.5,83.90000153,24.062
2025.7.1 0:13:52.301,27.60000038,85,24.062
2025.7.1 0:13:53.293,28.20000076,82.30000305,24.125
2025.7.1 0:13:54.302,28.20000076,81.59999847,24.125
2025.7.1 0:13:55.304,28,78.30000305,24.125
2025.7.1 0:13:56.318,29.79999924,71.19999695,24.187
2025.7.1 0:13:57.304,30.5,65.30000305,24.25
2025.7.1 0:13:58.312,31.39999962,60.90000153,24.312
2025.7.1 0:13:59.309,32.09999847,59.5,24.312
2025.7.1 0:14:00.307,32.59999847,55.09999847,24.312
2025.7.1 0:14:01.316,33.5,54,24.375
2025.7.1 0:14:02.314,34.5,51.79999924,24.437
2025.7.1 0:14:03.333,33.29999924,55,24.5
2025.7.1 0:14:05.314,29.5,66,24.5
2025.7.1 0:14:06.327,29.39999962,72.90000153,24.5
2025.7.1 0:14:07.321,28.89999962,71.30000305,24.5
2025.7.1 0:14:08.319,29.20000076,77.69999695,24.5
2025.7.1 0:14:09.330,28.5,86.59999847,24.437
2025.7.1 0:14:10.322,27.70000076,90.40000153,24.5
2025.7.1 0:14:11.313,27.29999924,92.09999847,24.437
2025.7.1 0:14:12.329,27.20000076,91.69999695,24.437
2025.7.1 0:14:13.322,26.79999924,93.09999847,24.437
2025.7.1 0:14:14.326,26.79999924,94.80000305,24.375
2025.7.1 0:14:15.330,26.60000038,95.19999695,24.375
2025.7.1 0:14:16.324,26.20000076,97.5,24.312
2025.7.1 0:14:17.340,25.5,99.90000153,24.375
2025.7.1 0:14:18.330,25.10000038,99.90000153,24.312
2025.7.1 0:14:19.323,24.70000076,99.90000153,24.312
2025.7.1 0:14:20.336,24.39999962,99.90000153,24.25
2025.7.1 0:14:21.331,24.10000038,99.90000153,24.25
2025.7.1 0:14:22.346,24,99.90000153,24.25
2025.7.1 0:14:23.341,23.70000076,99.90000153,24.187
2025.7.1 0:14:24.336,23.60000038,99.90000153,24.187
2025.7.1 0:14:25.358,23.20000076,99.90000153,24.125
2025.7.1 0:14:26.340,23.39999962,99.90000153,24.125
2025.7.1 0:14:27.356,24,99.90000153,24.062
2025.7.1 0:14:28.356,24.20000076,99.90000153,24
2025.7.1 0:14:29.352,24.29999924,99.90000153,24
2025.7.1 0:14:30.364,24.60000038,99.90000153,24
2025.7.1 0:14:31.349,24.39999962,99.90000153,24
2025.7.1 0:14:32.343,24.10000038,99.90000153,23.937
2025.7.1 0:14:33.362,23.60000038,99.90000153,23.875
2025.7.1 0:14:34.360,23.60000038,99.90000153,23.875
2025.7.1 0:14:35.348,23.60000038,99.90000153,23.875
2025.7.1 0:14:36.358,23.5,99.90000153,23.812
2025.7.1 0:14:37.351,23.29999924,99.90000153,23.812
2025.7.1 0:14:38.365,23.20000076,99.90000153,23.75
2025.7.1 0:14:39.365,23.29999924,99.90000153,23.687
2025.7.1 0:14:40.358,23.5,99.90000153,23.687
2025.7.1 0:14:41.363,23.5,99.90000153,23.687
2025.7.1 0:14:42.368,23.10000038,99.90000153,23.625
2025.7.1 0:14:43.366,22.70000076,99.90000153,23.562
2025.7.1 0:14:44.369,22.60000038,99.90000153,23.562
2025.7.1 0:14:45.361,22.5,99.90000153,23.437
2025.7.1 0:14:46.373,22.70000076,99.90000153,23.437
2025.7.1 0:14:47.367,22.79999924,99.90000153,23.437
2025.7.1 0:14:48.372,22.70000076,99.90000153,23.437
2025.7.1 0:14:49.380,22.89999962,99.90000153,23.375
2025.7.1 0:14:50.369,22.29999924,99.90000153,23.375
2025.7.1 0:14:51.367,22.20000076,99.90000153,23.312
2025.7.1 0:14:52.374,22.20000076,99.90000153,23.312
2025.7.1 0:14:53.372,21.89999962,99.90000153,23.187
2025.7.1 0:14:54.394,21.79999924,99.90000153,23.187
2025.7.1 0:14:55.378,21.70000076,99.90000153,23.125
2025.7.1 0:14:56.374,21.60000038,99.90000153,23.062
2025.7.1 0:14:57.382,21.39999962,99.90000153,23.062
2025.7.1 0:14:58.392,21.29999924,99.90000153,23
2025.7.1 0:14:59.376,21.39999962,99.90000153,22.937
2025.7.1 0:15:00.389,21.79999924,99.90000153,22.937
2025.7.1 0:15:01.386,21.79999924,99.90000153,22.875
2025.7.1 0:15:02.390,21.70000076,99.90000153,22.875
2025.7.1 0:15:03.392,21.60000038,99.90000153,22.875
2025.7.1 0:15:04.384,21.60000038,99.90000153,22.875
2025.7.1 0:15:05.394,21.39999962,99.90000153,22.812
2025.7.1 0:15:06.394,21.5,99.90000153,22.812
2025.7.1 0:15:07.398,21.5,99.90000153,22.75
2025.7.1 0:15:08.398,21.29999924,99.90000153,22.75
2025.7.1 0:15:09.404,21.39999962,99.90000153,22.687
2025.7.1 0:15:10.400,21.39999962,99.90000153,22.687
2025.7.1 0:15:11.401,21.10000038,99.90000153,22.625
2025.7.1 0:15:12.397,21.20000076,99.90000153,22.625
2025.7.1 0:15:13.409,21.29999924,99.90000153,22.625
2025.7.1 0:15:14.404,21.29999924,99.90000153,22.5
2025.7.1 0:15:15.415,21.29999924,99.90000153,22.5
2025.7.1 0:15:16.411,21.39999962,99.90000153,22.437
2025.7.1 0:15:17.406,21.5,99.90000153,22.437
2025.7.1 0:15:18.419,21.60000038,99.90000153,22.375
2025.7.1 0:15:19.404,21.70000076,99.90000153,22.375
2025.7.1 0:15:20.403,21.70000076,99.90000153,22.375
2025.7.1 0:15:21.413,21.70000076,99.90000153,22.312
2025.7.1 0:15:22.411,21.5,99.90000153,22.312
2025.7.1 0:15:23.421,21.70000076,99.90000153,22.375
2025.7.1 0:15:24.425,21.79999924,99.90000153,22.312
2025.7.1 0:15:25.415,21.89999962,99.90000153,22.25
2025.7.1 0:15:26.432,22,99.90000153,22.312
2025.7.1 0:15:27.420,21.89999962,99.90000153,22.25
2025.7.1 0:15:28.426,21.89999962,99.90000153,22.25
2025.7.1 0:15:29.435,22,99.90000153,22.187
2025.7.1 0:15:30.425,21.70000076,99.90000153,22.187
2025.7.1 0:15:31.428,21.89999962,99.90000153,22.25
2025.7.1 0:15:32.440,21.89999962,99.90000153,22.187
2025.7.1 0:15:33.427,21.79999924,99.90000153,22.187
2025.7.1 0:15:34.441,21.79999924,99.90000153,22.187
2025.7.1 0:15:35.439,21.60000038,99.90000153,22.187
2025.7.1 0:15:36.443,21.5,99.90000153,22.187
2025.7.1 0:15:37.439,21.70000076,99.90000153,22.125
2025.7.1 0:15:38.436,21.79999924,99.90000153,22.125
2025.7.1 0:15:39.445,21.89999962,99.90000153,22.125
2025.7.1 0:15:40.442,21.79999924,99.90000153,22.062
2025.7.1 0:15:41.446,21.70000076,99.90000153,22.062
2025.7.1 0:15:42.446,21.79999924,99.90000153,22.062
2025.7.1 0:15:43.446,21.70000076,99.90000153,22
2025.7.1 0:15:44.455,21.70000076,99.90000153,22.062
2025.7.1 0:15:45.449,21.60000038,99.90000153,22.062
2025.7.1 0:15:46.453,21.79999924,99.90000153,22
2025.7.1 0:15:47.459,21.79999924,99.90000153,22
2025.7.1 0:15:48.443,21.70000076,99.90000153,22
2025.7.1 0:15:49.454,21.60000038,99.90000153,22
2025.7.1 0:15:50.463,21.60000038,99.90000153,22
2025.7.1 0:15:51.453,21.60000038,99.90000153,21.937
2025.7.1 0:15:52.457,21.79999924,99.90000153,21.937
2025.7.1 0:15:53.470,21.39999962,99.90000153,21.937
2025.7.1 0:15:54.457,21.70000076,99.90000153,21.875
2025.7.1 0:15:55.467,21.60000038,99.90000153,21.937
2025.7.1 0:15:56.463,21.79999924,99.90000153,21.937
2025.7.1 0:15:57.481,21.70000076,99.90000153,21.937
2025.7.1 0:15:58.466,21.70000076,99.90000153,21.875
2025.7.1 0:15:59.466,21.70000076,99.90000153,21.875
2025.7.1 0:16:00.471,21.79999924,99.90000153,21.875
2025.7.1 0:16:01.482,21.70000076,99.90000153,21.875
2025.7.1 0:16:02.466,21.70000076,99.90000153,21.875
2025.7.1 0:16:03.481,21.60000038,99.90000153,21.812
2025.7.1 0:16:04.480,21.60000038,99.90000153,21.812
2025.7.1 0:16:05.476,21.70000076,99.90000153,21.812
2025.7.1 0:16:06.480,21.70000076,99.90000153,21.812
2025.7.1 0:16:07.476,21.70000076,99.90000153,21.812
2025.7.1 0:16:08.495,21.70000076,99.90000153,21.75
2025.7.1 0:16:09.488,21.79999924,99.90000153,21.75
2025.7.1 0:16:10.485,21.79999924,99.90000153,21.75
2025.7.1 0:16:11.481,21.70000076,99.90000153,21.75
2025.7.1 0:16:12.492,21.89999962,99.90000153,21.75
2025.7.1 0:16:13.486,21.70000076,99.90000153,21.75
2025.7.1 0:16:14.490,21.70000076,99.90000153,21.687
2025.7.1 0:16:15.482,21.70000076,99.90000153,21.75
2025.7.1 0:16:16.483,21.70000076,99.90000153,21.687
2025.7.1 0:16:17.492,21.70000076,99.90000153,21.687
2025.7.1 0:16:18.486,21.60000038,99.90000153,21.687
2025.7.1 0:16:19.488,21.70000076,99.90000153,21.625
2025.7.1 0:16:20.491,21.70000076,99.90000153,21.625
2025.7.1 0:16:21.486,21.70000076,99.90000153,21.687
2025.7.1 0:16:22.487,21.70000076,99.90000153,21.625
2025.7.1 0:16:23.504,21.60000038,99.90000153,21.625
2025.7.1 0:16:24.514,21.70000076,99.90000153,21.625
2025.7.1 0:16:25.498,21.79999924,99.90000153,21.625
2025.7.1 0:16:26.496,21.60000038,99.90000153,21.625
2025.7.1 0:16:27.494,21.5,99.90000153,21.625
2025.7.1 0:16:28.503,21.70000076,99.90000153,21.562
2025.7.1 0:16:29.506,21.70000076,99.90000153,21.625
2025.7.1 0:16:30.497,21.79999924,99.90000153,21.625
2025.7.1 0:16:31.503,21.70000076,99.90000153,21.562
2025.7.1 0:16:32.503,21.70000076,99.90000153,21.562
2025.7.1 0:16:33.519,21.79999924,99.90000153,21.5
2025.7.1 0:16:34.514,21.79999924,99.90000153,21.562
2025.7.1 0:16:35.515,21.79999924,99.90000153,21.562
2025.7.1 0:16:36.515,21.60000038,99.90000153,21.5
2025.7.1 0:16:37.509,21.60000038,99.90000153,21.5
2025.7.1 0:16:38.510,21.5,99.90000153,21.5
2025.7.1 0:16:39.522,21.5,99.90000153,21.5
2025.7.1 0:16:40.522,21.5,99.90000153,21.5
2025.7.1 0:16:41.514,21.60000038,99.90000153,21.5
2025.7.1 0:16:42.517,21.5,99.90000153,21.5
2025.7.1 0:16:43.525,21.70000076,99.90000153,21.437
2025.7.1 0:16:44.520,21.79999924,99.90000153,21.437
2025.7.1 0:16:45.529,21.79999924,99.90000153,21.437
2025.7.1 0:16:46.527,21.79999924,99.90000153,21.437
2025.7.1 0:16:47.525,21.70000076,99.90000153,21.437
2025.7.1 0:16:48.522,21.70000076,99.90000153,21.437
2025.7.1 0:16:49.524,21.70000076,99.90000153,21.375
2025.7.1 0:16:50.526,21.70000076,99.90000153,21.375
2025.7.1 0:16:51.531,21.70000076,99.90000153,21.375
2025.7.1 0:16:52.529,21.60000038,99.90000153,21.437
2025.7.1 0:16:53.529,21.70000076,99.90000153,21.312
2025.7.1 0:16:54.539,21.70000076,99.90000153,21.375
2025.7.1 0:16:55.526,21.70000076,99.90000153,21.375
2025.7.1 0:16:56.549,21.60000038,99.90000153,21.375
2025.7.1 0:16:57.530,21.5,99.90000153,21.375
2025.7.1 0:16:58.535,21.60000038,99.90000153,21.375
2025.7.1 0:16:59.540,21.39999962,99.90000153,21.375
2025.7.1 0:17:00.542,21.60000038,99.90000153,21.375
2025.7.1 0:17:01.540,21.79999924,99.90000153,21.312
2025.7.1 0:17:02.538,21.79999924,99.90000153,21.312
2025.7.1 0:17:03.543,21.79999924,99.90000153,21.312
2025.7.1 0:17:04.549,21.79999924,99.90000153,21.312
2025.7.1 0:17:05.557,22,99.90000153,21.312
2025.7.1 0:17:06.558,21.89999962,99.90000153,21.312
2025.7.1 0:17:07.560,22,99.90000153,21.312
2025.7.1 0:17:08.552,22.5,99.90000153,21.312
2025.7.1 0:17:09.552,22.60000038,99.90000153,21.312
2025.7.1 0:17:10.554,22.70000076,99.90000153,21.312
2025.7.1 0:17:11.553,22.5,99.90000153,21.312
2025.7.1 0:17:12.554,22.39999962,99.90000153,21.312
2025.7.1 0:17:13.556,22.39999962,99.90000153,21.312
2025.7.1 0:17:14.558,22.39999962,99.90000153,21.312
2025.7.1 0:17:15.557,22.29999924,99.90000153,21.312
2025.7.1 0:17:16.571,22.39999962,99.90000153,21.25
2025.7.1 0:17:17.562,22.60000038,99.90000153,21.312
2025.7.1 0:17:18.563,22.70000076,99.90000153,21.312
2025.7.1 0:17:19.577,22.70000076,99.90000153,21.25
2025.7.1 0:17:20.570,22.79999924,99.90000153,21.312
2025.7.1 0:17:21.573,23.10000038,99.90000153,21.312
2025.7.1 0:17:22.566,23.29999924,99.90000153,21.312
2025.7.1 0:17:23.579,23.60000038,99.90000153,21.312
2025.7.1 0:17:24.578,24.10000038,99.90000153,21.312
2025.7.1 0:17:25.575,24.39999962,99.90000153,21.312
2025.7.1 0:17:26.576,24.60000038,99.90000153,21.312
2025.7.1 0:17:27.589,25.20000076,99.90000153,21.375
2025.7.1 0:17:28.584,25.39999962,99.90000153,21.375
2025.7.1 0:17:29.584,25.20000076,99.90000153,21.437
2025.7.1 0:17:30.580,25.39999962,99.90000153,21.375
2025.7.1 0:17:31.597,26,99.90000153,21.437
2025.7.1 0:17:32.585,25.70000076,99.90000153,21.437
2025.7.1 0:17:33.585,25.60000038,99.90000153,21.5
2025.7.1 0:17:34.592,25.89999962,99.90000153,21.5
2025.7.1 0:17:35.589,25.5,99.90000153,21.562
2025.7.1 0:17:36.589,25.29999924,99.90000153,21.5
2025.7.1 0:17:37.587,25.20000076,99.90000153,21.562
2025.7.1 0:17:38.595,25.29999924,99.90000153,21.562
2025.7.1 0:17:41.599,27.79999924,99.69999695,22
2025.7.1 0:17:42.602,26.79999924,99.90000153,22.062
2025.7.1 0:17:44.605,26.5,99.90000153,22.125
2025.7.1 0:17:45.596,28.70000076,99.90000153,22.125
2025.7.1 0:17:46.604,31.10000038,98.30000305,22.187
2025.7.1 0:17:47.607,31.70000076,96.90000153,22.25
2025.7.1 0:17:48.608,31.5,97.80000305,22.375
2025.7.1 0:17:49.604,31.5,95.69999695,22.437
2025.7.1 0:17:50.604,30,97.19999695,22.5
2025.7.1 0:17:51.602,28.70000076,99.90000153,22.5
2025.7.1 0:17:52.610,28.20000076,99.90000153,22.5
2025.7.1 0:17:53.605,29.39999962,99.90000153,22.5
2025.7.1 0:17:54.615,30.60000038,99.90000153,22.625
2025.7.1 0:17:55.612,30.10000038,97.19999695,22.687
2025.7.1 0:17:56.617,31,92.30000305,22.75
2025.7.1 0:17:58.612,34.90000153,58.09999847,24
2025.7.1 0:17:59.612,35.79999924,53.59999847,24.062
2025.7.1 0:18:00.618,36.40000153,50.70000076,24.062
2025.7.1 0:18:01.616,35.79999924,56.29999924,24.062
2025.7.1 0:18:02.612,34.59999847,57.29999924,24.062
2025.7.1 0:18:03.614,33.70000076,60.29999924,24.125
2025.7.1 0:18:04.615,33.70000076,62.20000076,24.187
2025.7.1 0:18:05.618,33.70000076,62.79999924,24.187
2025.7.1 0:18:06.633,33.20000076,64.30000305,24.187
2025.7.1 0:18:07.629,33,68.5,24.25
2025.7.1 0:18:08.621,33,67.09999847,24.25
2025.7.1 0:18:09.626,33.40000153,66,24.312
2025.7.1 0:18:10.631,33.29999924,63.79999924,24.312
2025.7.1 0:18:11.625,33.5,64.59999847,24.375
2025.7.1 0:18:12.632,33.59999847,60.29999924,24.437
2025.7.1 0:18:13.627,32.70000076,64.5,24.375
2025.7.1 0:18:14.630,32.29999924,67.69999695,24.437
2025.7.1 0:18:15.630,32.20000076,68.5,24.437
2025.7.1 0:18:16.631,32,70.30000305,24.437
2025.7.1 0:18:17.634,31.5,74.69999695,24.437
2025.7.1 0:18:18.634,31.29999924,77.80000305,24.437
2025.7.1 0:18:19.638,30.89999962,83.40000153,24.5
2025.7.1 0:18:20.639,30.79999924,84.09999847,24.437
2025.7.1 0:18:21.636,30.39999962,86.09999847,24.437
2025.7.1 0:18:22.655,29.89999962,92.40000153,24.5
2025.7.1 0:18:23.640,29.5,92.69999695,24.437
2025.7.1 0:18:24.639,29.29999924,92.90000153,24.5
2025.7.1 0:18:25.644,29,94,24.5
2025.7.1 0:18:26.644,28.70000076,94.90000153,24.5
2025.7.1 0:18:27.655,28.29999924,95.80000305,24.562
2025.7.1 0:18:28.648,28,97.40000153,24.5
2025.7.1 0:18:29.649,27.70000076,97.59999847,24.562
2025.7.1 0:18:30.650,27.39999962,98,24.562
2025.7.1 0:18:31.653,27.20000076,99,24.562
2025.7.1 0:18:32.670,27.10000038,99.19999695,24.562
2025.7.1 0:18:33.650,27.20000076,99.19999695,24.562
2025.7.1 0:18:34.665,27.20000076,98.09999847,24.562
2025.7.1 0:18:35.669,27.10000038,98.59999847,24.562
2025.7.1 0:18:36.660,27.10000038,98.59999847,24.5
2025.7.1 0:18:37.668,27,97.90000153,24.562
2025.7.1 0:18:38.660,26.89999962,96.09999847,24.437
2025.7.1 0:18:39.661,27,96.30000305,24.5
2025.7.1 0:18:40.674,27.10000038,96.80000305,24.5
2025.7.1 0:18:41.672,27,97,24.437
2025.7.1 0:18:42.668,27,97.19999695,24.437
2025.7.1 0:18:43.678,26.89999962,97.30000305,24.437
2025.7.1 0:18:44.666,26.79999924,97.69999695,24.375
2025.7.1 0:18:45.681,26.89999962,97.59999847,24.437
2025.7.1 0:18:46.689,26.70000076,97.5,24.375
2025.7.1 0:18:47.671,26.70000076,98.09999847,24.375
2025.7.1 0:18:48.684,26.60000038,98.19999695,24.375
2025.7.1 0:18:49.682,26.60000038,98.5,24.375
2025.7.1 0:18:50.686,26.5,99.19999695,24.312
2025.7.1 0:18:51.699,26.5,99.30000305,24.312
2025.7.1 0:18:52.686,26.60000038,99,24.25
2025.7.1 0:18:53.678,26.5,99.19999695,24.25
2025.7.1 0:18:54.684,26.39999962,99.69999695,24.187
2025.7.1 0:18:55.690,26.5,99.90000153,24.25
2025.7.1 0:18:56.690,26.60000038,99.80000305,24.25
2025.7.1 0:18:57.700,26.70000076,99.5,24.25
2025.7.1 0:18:58.688,26.70000076,99.90000153,24.187
2025.7.1 0:18:59.698,26.60000038,99.90000153,24.25
2025.7.1 0:19:00.691,26.60000038,99.90000153,24.187
2025.7.1 0:19:01.699,26.5,99.90000153,24.187
2025.7.1 0:19:02.700,26.39999962,99.90000153,24.187
2025.7.1 0:19:03.690,26.20000076,99.90000153,24.187
2025.7.1 0:19:04.699,26,99.90000153,24.187
2025.7.1 0:19:05.704,25.89999962,99.90000153,24.125
2025.7.1 0:19:06.698,25.89999962,99.90000153,24.187
2025.7.1 0:19:07.706,26,99.90000153,24.125
2025.7.1 0:19:08.713,26.10000038,99.90000153,24.125
2025.7.1 0:19:09.702,26.10000038,99.90000153,24.062
2025.7.1 0:19:10.712,26,99.90000153,24.062
2025.7.1 0:19:11.708,26,99.90000153,24.062
2025.7.1 0:19:12.714,25.89999962,99.90000153,24.062
2025.7.1 0:19:13.711,25.70000076,99.90000153,24.062
2025.7.1 0:19:14.718,25.5,99.90000153,24.062
2025.7.1 0:19:15.725,25.60000038,99.90000153,24
2025.7.1 0:19:16.723,25.79999924,99.90000153,24
2025.7.1 0:19:17.719,26,99.90000153,24
2025.7.1 0:19:18.721,26.10000038,99.80000305,24
2025.7.1 0:19:19.708,26,99.80000305,23.937
2025.7.1 0:19:20.723,25.89999962,99.90000153,23.937
2025.7.1 0:19:21.718,25.70000076,99.90000153,23.937
2025.7.1 0:19:22.724,25.5,99.90000153,23.937
2025.7.1 0:19:23.723,25.5,99.90000153,23.937
2025.7.1 0:19:24.721,25.5,99.90000153,23.875
2025.7.1 0:19:25.715,25.5,99.90000153,23.875
2025.7.1 0:19:26.726,25.5,99.90000153,23.875
2025.7.1 0:19:27.734,25.60000038,99.90000153,23.875
2025.7.1 0:19:28.745,25.60000038,99.90000153,23.875
2025.7.1 0:19:29.725,25.60000038,99.90000153,23.812
2025.7.1 0:19:30.744,25.60000038,99.90000153,23.812
2025.7.1 0:19:31.741,25.5,99.90000153,23.812
2025.7.1 0:19:32.732,25.5,99.90000153,23.75
2025.7.1 0:19:33.731,25.5,99.90000153,23.812
2025.7.1 0:19:34.745,25.60000038,99.90000153,23.812
2025.7.1 0:19:35.738,25.60000038,99.90000153,23.75
2025.7.1 0:19:36.743,25.70000076,99.90000153,23.75
2025.7.1 0:19:37.741,25.60000038,99.90000153,23.75
2025.7.1 0:19:38.737,25.70000076,99.90000153,23.75
2025.7.1 0:19:39.736,25.70000076,99.90000153,23.687
2025.7.1 0:19:40.743,25.60000038,99.90000153,23.687
2025.7.1 0:19:41.739,25.60000038,99.90000153,23.687
2025.7.1 0:19:42.746,25.70000076,99.90000153,23.687
2025.7.1 0:19:43.744,25.60000038,99.90000153,23.625
2025.7.1 0:19:44.759,25.5,99.90000153,23.687
2025.7.1 0:19:45.764,25.10000038,99.90000153,23.625
2025.7.1 0:19:46.746,25,99.90000153,23.625
2025.7.1 0:19:47.760,25,99.90000153,23.625
2025.7.1 0:19:48.745,25,99.90000153,23.625
2025.7.1 0:19:49.748,24.89999962,99.90000153,23.562
2025.7.1 0:19:50.759,25,99.90000153,23.625
2025.7.1 0:19:51.753,25.10000038,99.90000153,23.562
2025.7.1 0:19:52.757,25.20000076,99.90000153,23.562
2025.7.1 0:19:53.764,25.20000076,99.90000153,23.562
2025.7.1 0:19:54.752,25.20000076,99.90000153,23.562
2025.7.1 0:19:55.752,25.20000076,99.90000153,23.5
2025.7.1 0:19:56.768,25.20000076,99.90000153,23.5
2025.7.1 0:19:57.755,25.20000076,99.90000153,23.5
2025.7.1 0:19:58.772,25.20000076,99.90000153,23.5
2025.7.1 0:19:59.769,25.29999924,99.90000153,23.5
2025.7.1 0:20:00.756,25.29999924,99.90000153,23.437
2025.7.1 0:20:01.777,25.29999924,99.90000153,23.437
2025.7.1 0:20:02.766,25.29999924,99.90000153,23.437
2025.7.1 0:20:03.766,25.39999962,99.90000153,23.437
2025.7.1 0:20:04.780,25.5,99.90000153,23.437
2025.7.1 0:20:05.772,25.5,99.90000153,23.437
2025.7.1 0:20:06.771,25.5,99.90000153,23.375
2025.7.1 0:20:07.769,25.60000038,99.90000153,23.437
2025.7.1 0:20:08.765,25.60000038,99.90000153,23.375
2025.7.1 0:20:09.783,25.70000076,99.80000305,23.375
2025.7.1 0:20:10.772,25.89999962,99.09999847,23.375
2025.7.1 0:20:11.768,26,98.69999695,23.312
2025.7.1 0:20:12.778,27.39999962,96.09999847,23.375
2025.7.1 0:20:13.777,34,62.5,23.375
2025.7.1 0:20:14.768,37.5,49.29999924,23.437
2025.7.1 0:20:15.780,39.40000153,43.5,23.437
2025.7.1 0:20:16.772,40.40000153,42,23.5
2025.7.1 0:20:17.789,40.70000076,40.59999847,23.5
2025.7.1 0:20:18.782,37.70000076,44.59999847,23.5
2025.7.1 0:20:19.779,36.5,47.5,23.562
2025.7.1 0:20:20.794,39.40000153,43.09999847,23.5
2025.7.1 0:20:21.797,37,45.5,23.562
2025.7.1 0:20:22.786,34.70000076,51.20000076,23.625
2025.7.1 0:20:23.792,35,50.09999847,23.625
2025.7.1 0:20:24.790,34.5,50.90000153,23.625
2025.7.1 0:20:25.793,34.90000153,51.5,23.625
2025.7.1 0:20:26.791,33.20000076,53.70000076,23.687
2025.7.1 0:20:27.796,33.90000153,52.5,23.75
2025.7.1 0:20:28.797,35.90000153,48.59999847,23.812
2025.7.1 0:20:29.801,37.20000076,46.90000153,23.875
2025.7.1 0:20:30.799,37.70000076,46,23.875
2025.7.1 0:20:31.803,38.09999847,44.29999924,23.937
2025.7.1 0:20:32.797,38.70000076,42.90000153,24
2025.7.1 0:20:33.805,38.70000076,42.29999924,24.062
2025.7.1 0:20:34.805,38.70000076,43.09999847,24.125
2025.7.1 0:20:35.800,39.40000153,42,24.187
2025.7.1 0:20:36.818,37.70000076,43.09999847,24.25
2025.7.1 0:20:37.817,38.29999924,42.09999847,24.312
2025.7.1 0:20:38.806,39.90000153,40,24.312
2025.7.1 0:20:40.806,34.5,48.90000153,24.562
2025.7.1 0:20:41.819,33.59999847,51.09999847,24.562
2025.7.1 0:20:42.817,32.5,55.09999847,24.562
2025.7.1 0:20:43.818,33.59999847,54.29999924,24.625
2025.7.1 0:20:44.816,37.5,46.5,24.625
2025.7.1 0:20:46.812,40,40.20000076,24.625
2025.7.1 0:20:47.828,41,38.59999847,24.75
2025.7.1 0:20:48.816,41.70000076,37.5,24.75
2025.7.1 0:20:49.827,41.90000153,36.29999924,24.875
2025.7.1 0:20:50.827,41.79999924,36.20000076,24.875
2025.7.1 0:20:51.818,42.59999847,35.90000153,24.937
2025.7.1 0:20:57.819,36.4,44,25.25
2025.7.1 0:20:58.841,35.7,45.7,25.25
2025.7.1 0:20:59.836,35.3,47.7,25.19
2025.7.1 0:21:00.835,34.5,48.5,25.31
2025.7.1 0:21:01.832,37,44.1,25.31
2025.7.1 0:21:02.830,39.3,39.3,25.31
2025.7.1 0:21:03.834,36.6,42.9,25.38
2025.7.1 0:21:04.836,34.5,47.3,25.38
2025.7.1 0:21:05.844,34.5,46.7,25.38
2025.7.1 0:21:06.840,38.1,40.8,25.44
2025.7.1 0:21:07.840,36.2,43.6,25.44
2025.7.1 0:21:08.845,35.7,44.1,25.44
2025.7.1 0:21:09.846,39,37.4,25.5
2025.7.1 0:21:10.841,36.7,40,25.5
2025.7.1 0:21:11.853,33.9,46.2,25.56
2025.7.1 0:21:12.848,32.8,48.2,25.56
2025.7.1 0:21:13.852,32.4,49.2,25.56
2025.7.1 0:21:14.857,32,52.1,25.5
2025.7.1 0:21:18.856,31.2,69.4,26
2025.7.1 0:21:19.864,31.4,66.7,26
2025.7.1 0:21:20.856,33.2,57.4,26.06
2025.7.1 0:21:21.871,33.1,56.4,26.06
2025.7.1 0:21:22.865,32.9,58.4,26.06
2025.7.1 0:21:23.861,32.8,58.5,26.13
2025.7.1 0:21:24.878,33.3,58.1,26.13
2025.7.1 0:21:25.866,32.4,63.6,26.13
2025.7.1 0:21:26.862,32.3,69,26.19
2025.7.1 0:21:27.871,32.6,67.2,26.19
2025.7.1 0:21:28.869,32.5,66.6,26.19
2025.7.1 0:21:29.881,32.4,67.5,26.19
2025.7.1 0:21:30.877,32.3,69.1,26.25
2025.7.1 0:21:31.872,32.6,67.5,26.25
2025.7.1 0:21:32.880,31.7,72.2,26.25
2025.7.1 0:21:33.877,30.9,75.6,26.25
2025.7.1 0:21:34.872,30.1,81.3,26.25
2025.7.1 0:21:35.883,29.8,83.7,26.25
2025.7.1 0:21:36.881,29.6,85.5,26.19
2025.7.1 0:21:37.873,30,83.1,26.25
2025.7.1 0:21:38.885,30.2,83.7,26.25
2025.7.1 0:21:39.889,29.5,87.2,26.25
2025.7.1 0:21:40.879,29.6,87.9,26.25
2025.7.1 0:21:41.897,29.4,88.6,26.25
2025.7.1 0:21:42.884,29.2,90.6,26.19
2025.7.1 0:21:43.899,29,91.5,26.19
2025.7.1 0:21:44.887,28.6,92.5,26.19
2025.7.1 0:21:45.883,28.2,93.8,26.19
2025.7.1 0:21:46.887,28.2,93.9,26.19
2025.7.1 0:21:47.890,28.1,94.7,26.19
2025.7.1 0:21:48.896,27.9,95,26.13
2025.7.1 0:21:49.902,27.8,95.6,26.13
2025.7.1 0:21:50.899,27.7,95.5,26.13
2025.7.1 0:21:51.891,27.5,95.8,26.13
2025.7.1 0:21:52.894,27.5,96.6,26.06
2025.7.1 0:21:53.898,27.4,96.7,26.06
2025.7.1 0:21:54.903,27.3,97.1,26.06
2025.7.1 0:21:55.899,27.3,96.9,26
2025.7.1 0:21:56.897,27.2,97.7,26
2025.7.1 0:21:57.897,27.1,98.2,26
2025.7.1 0:21:58.905,26.9,98.8,26
2025.7.1 0:21:59.906,26.8,98.4,26
2025.7.1 0:22:00.914,26.8,98.7,25.94
2025.7.1 0:22:01.904,26.7,99.2,25.88
2025.7.1 0:22:02.919,26.6,99.3,25.88
2025.7.1 0:22:03.910,26.5,99.6,25.88
2025.7.1 0:22:04.916,26.5,99.4,25.88
2025.7.1 0:22:05.916,26.4,98.8,25.81
2025.7.1 0:22:06.915,26.4,99.2,25.81
2025.7.1 0:22:07.920,26.4,99.1,25.81
2025.7.1 0:22:08.917,26.4,99.1,25.75
2025.7.1 0:22:09.927,26.3,99,25.75
2025.7.1 0:22:10.922,26.4,99.6,25.75
2025.7.1 0:22:11.932,26.3,99.5,25.75
2025.7.1 0:22:12.934,26.2,99.3,25.69
2025.7.1 0:22:13.925,26.2,99.4,25.69
2025.7.1 0:22:14.933,26.3,99.5,25.69
2025.7.1 0:22:15.939,26.2,99.5,25.63
2025.7.1 0:22:16.936,26.2,99.6,25.63
2025.7.1 0:22:17.940,26.2,99.3,25.63
2025.7.1 0:22:18.932,26.1,99.9,25.56
2025.7.1 0:22:19.943,26,99.9,25.56
2025.7.1 0:22:20.935,26,99.9,25.56
2025.7.1 0:22:21.933,26.1,99.9,25.56
2025.7.1 0:22:22.935,26.2,99.9,25.56
2025.7.1 0:22:23.949,26.2,99.9,25.56
2025.7.1 0:22:24.948,26.1,99.9,25.5
2025.7.1 0:22:25.942,26,99.9,25.5
2025.7.1 0:22:26.941,26,99.9,25.5
2025.7.1 0:22:27.951,26,99.9,25.5
2025.7.1 0:22:28.941,25.9,99.9,25.44
2025.7.1 0:22:29.943,25.8,99.9,25.44
2025.7.1 0:22:30.944,25.8,99.9,25.44
2025.7.1 0:22:31.956,25.8,99.9,25.44
2025.7.1 0:22:32.948,25.7,99.9,25.38
2025.7.1 0:22:33.947,25.8,99.7,25.44
2025.7.1 0:22:34.956,25.8,99.7,25.38
2025.7.1 0:22:35.952,25.8,99.9,25.38
2025.7.1 0:22:36.953,25.7,99.9,25.38
2025.7.1 0:22:37.954,25.7,99.9,25.31
2025.7.1 0:22:38.959,25.6,99.9,25.38
2025.7.1 0:22:39.963,25.6,99.9,25.25
2025.7.1 0:22:40.972,25.5,99.9,25.25
2025.7.1 0:22:41.972,25.4,99.9,25.25
2025.7.1 0:22:42.971,25.3,99.9,25.25
2025.7.1 0:22:43.963,25.2,99.9,25.25
2025.7.1 0:22:44.962,25.2,99.9,25.25
2025.7.1 0:22:45.978,25.2,99.9,25.25
2025.7.1 0:22:46.971,25.2,99.9,25.19
2025.7.1 0:22:47.967,25.2,99.9,25.19
2025.7.1 0:22:48.973,25.2,99.9,25.13
2025.7.1 0:22:49.970,25.1,99.9,25.13
2025.7.1 0:22:50.972,25.1,99.9,25.13
2025.7.1 0:22:51.973,24.9,99.9,25.13
2025.7.1 0:22:52.988,24.8,99.9,25.06
2025.7.1 0:22:53.978,24.8,99.9,25.06
2025.7.1 0:22:54.978,24.8,99.9,25.06
2025.7.1 0:22:55.984,24.7,99.9,25
2025.7.1 0:22:56.983,24.7,99.9,25.06
2025.7.1 0:22:57.981,24.6,99.9,25
2025.7.1 0:22:58.984,24.6,99.9,25
2025.7.1 0:22:59.982,24.6,99.9,25
2025.7.1 0:23:00.985,24.5,99.9,24.94
2025.7.1 0:23:01.995,24.4,99.9,24.94
2025.7.1 0:23:02.988,24.4,99.9,24.94
2025.7.1 0:23:04.000,24.4,99.9,24.94
2025.7.1 0:23:04.997,24.4,99.9,24.88
2025.7.1 0:23:05.994,24.2,99.9,24.88
2025.7.1 0:23:07.000,24.2,99.9,24.81
2025.7.1 0:23:07.998,24.1,99.9,24.81
2025.7.1 0:23:08.996,24.1,99.9,24.81
2025.7.1 0:23:09.997,24.1,99.9,24.75
2025.7.1 0:23:10.996,24.1,99.9,24.69
2025.7.1 0:23:12.002,24.1,99.9,24.69
2025.7.1 0:23:12.999,24,99.9,24.69
2025.7.1 0:23:14.008,24,99.9,24.69
2025.7.1 0:23:15.000,23.9,99.9,24.63
2025.7.1 0:23:16.009,23.9,99.9,24.63
2025.7.1 0:23:17.010,23.9,99.9,24.63
2025.7.1 0:23:18.013,23.8,99.9,24.56
2025.7.1 0:23:19.007,23.7,99.9,24.56
2025.7.1 0:23:20.015,23.6,99.9,24.56
2025.7.1 0:23:21.019,23.7,99.9,24.5
2025.7.1 0:23:22.017,23.8,99.9,24.56
2025.7.1 0:23:23.013,23.8,99.9,24.5
2025.7.1 0:23:24.010,23.9,99.9,24.44
2025.7.1 0:23:25.014,24.1,99.9,24.44
2025.7.1 0:23:26.014,24.4,99.9,24.44
2025.7.1 0:23:27.025,24.7,99.9,24.44
2025.7.1 0:23:28.012,25,99.9,24.44
2025.7.1 0:23:29.026,25.2,99.5,24.38
2025.7.1 0:23:30.025,25.4,98.6,24.38
2025.7.1 0:23:31.027,25.3,97.4,24.44
2025.7.1 0:23:32.019,25.3,98.2,24.31
2025.7.1 0:23:33.022,25.6,97.7,24.38
2025.7.1 0:23:34.033,25.8,96.9,24.38
2025.7.1 0:23:35.022,26.4,95.5,24.38
2025.7.1 0:23:36.025,28.4,89.5,24.31
2025.7.1 0:23:37.031,29.4,81.2,24.38
2025.7.1 0:23:38.031,28.5,88,24.38
2025.7.1 0:23:39.029,28.3,89.8,24.31
2025.7.1 0:23:40.037,29.8,81.4,24.38
2025.7.1 0:23:41.032,30,76.1,24.38
2025.7.1 0:23:42.045,29.1,84.1,24.38
2025.7.1 0:23:43.040,28.7,85.1,24.44
2025.7.1 0:23:44.037,28.5,86.5,24.44
2025.7.1 0:23:45.046,28.5,88.8,24.38
2025.7.1 0:23:46.037,28.8,87.2,24.44
2025.7.1 0:23:47.039,29.3,81.9,24.44
2025.7.1 0:23:48.050,29.7,81.6,24.5
2025.7.1 0:23:49.042,30,76.4,24.5
2025.7.1 0:23:50.041,33.4,61.5,24.63
2025.7.1 0:23:51.049,33.3,58.8,24.63
2025.7.1 0:23:52.045,35.1,54.9,24.63
2025.7.1 0:23:53.046,34.4,53.4,24.69
2025.7.1 0:23:54.046,32.1,58.8,24.69
2025.7.1 0:23:55.045,31.7,58.9,24.69
2025.7.1 0:23:56.057,32.6,56.9,24.69
2025.7.1 0:23:57.048,33.6,53.9,24.75
2025.7.1 0:23:58.060,33,55.5,24.81
2025.7.1 0:23:59.075,33.9,54.9,24.81
2025.7.1 0:24:00.061,35.7,49.6,24.88
2025.7.1 0:24:01.056,34.6,51.6,24.88
2025.7.1 0:24:02.064,34.6,51.1,24.88
2025.7.1 0:24:03.068,34.5,50.1,24.94
2025.7.1 0:24:04.058,34.5,52,25
2025.7.1 0:24:05.059,35.5,51.2,25
2025.7.1 0:24:07.090,34.8,51.4,25.06
2025.7.1 0:24:08.066,35.4,49.4,25.06
2025.7.1 0:24:09.064,35.4,50.4,25.19
2025.7.1 0:24:10.088,34.9,51.3,25.13
2025.7.1 0:24:11.067,35.3,51.3,25.25
2025.7.1 0:24:12.077,35.5,48.1,25.25
2025.7.1 0:24:13.086,34.5,48.7,25.31
2025.7.1 0:24:14.071,35.4,48.4,25.31
2025.7.1 0:24:15.072,34.5,50.8,25.31
2025.7.1 0:24:16.084,33,52.8,25.31
2025.7.1 0:24:17.077,33.3,54.6,25.38
2025.7.1 0:24:18.081,33.7,51.2,25.38
2025.7.1 0:24:19.084,33.9,52.7,25.38
2025.7.1 0:24:20.076,34.9,51,25.44
2025.7.1 0:24:21.090,33.5,51.8,25.5
2025.7.1 0:24:23.079,33.2,52.6,25.63
2025.7.1 0:24:24.090,35.6,48.1,25.69
2025.7.1 0:24:25.082,34.6,51,25.69
2025.7.1 0:24:26.084,35.7,47.6,25.75
2025.7.1 0:24:29.108,35.6,46.6,25.88
2025.7.1 0:24:30.103,37.8,43.5,25.94
2025.7.1 0:24:32.103,37.3,43.8,26.06
2025.7.1 0:24:37.128,36.9,43.7,26.31
2025.7.1 0:24:38.107,36.4,44.8,26.31
2025.7.1 0:24:39.098,35.9,47,26.44
2025.7.1 0:24:40.109,36.2,45,26.44
2025.7.1 0:24:41.109,36.6,44.5,26.44
2025.7.1 0:24:42.113,34.2,47.8,26.44
2025.7.1 0:24:46.115,33.3,53.5,26.69
2025.7.1 0:24:49.119,32.5,55.4,26.56
2025.7.1 0:24:51.123,32.3,56.1,26.63
2025.7.1 0:24:52.127,31.9,56.5,26.69
2025.7.1 0:24:54.133,32.6,55.4,26.63
2025.7.1 0:24:55.118,32.4,55.1,26.63
2025.7.1 0:24:57.136,32.5,56.4,26.69
2025.7.1 0:25:02.136,31.8,57.2,26.88
2025.7.1 0:25:03.138,31.8,58.3,26.81
2025.7.1 0:25:04.137,31.9,56.9,26.88
2025.7.1 0:25:05.137,31.9,57.1,26.88
2025.7.1 0:25:06.130,31.6,59.4,26.88
2025.7.1 0:25:07.145,31.2,60.6,26.88
2025.7.1 0:25:08.136,31,63.9,26.88
2025.7.1 0:25:09.153,30.8,66.6,26.88
2025.7.1 0:25:10.144,30.3,69.5,26.88
2025.7.1 0:25:11.148,30.2,73.4,26.88
2025.7.1 0:25:12.148,30.1,73.7,26.81
2025.7.1 0:25:13.148,29.9,77.1,26.88
2025.7.1 0:25:14.148,29.4,83.1,26.88
2025.7.1 0:25:15.153,29.3,84.1,26.88
2025.7.1 0:25:16.148,28.9,87.3,26.81
2025.7.1 0:25:17.166,28.8,90.1,26.88
2025.7.1 0:25:18.141,28.5,91.1,26.81
2025.7.1 0:25:19.151,28.3,91.9,26.75
2025.7.1 0:25:20.161,28.3,91.5,26.75
2025.7.1 0:25:21.152,28.3,91.9,26.75
2025.7.1 0:25:22.152,28.3,92.3,26.75
2025.7.1 0:25:23.156,28.2,92.3,26.75
2025.7.1 0:25:24.168,27.9,93.3,26.69
2025.7.1 0:25:25.152,27.7,93.3,26.69
2025.7.1 0:25:26.162,27.6,94.5,26.63
2025.7.1 0:25:27.159,27.6,94.6,26.56
2025.7.1 0:25:28.181,27.3,95,26.56
2025.7.1 0:25:29.165,27.5,94.7,26.56
2025.7.1 0:25:30.163,27.2,94.9,26.5
2025.7.1 0:25:31.169,27.1,95.6,26.5
2025.7.1 0:25:32.168,27,96.3,26.5
2025.7.1 0:25:33.164,27,97,26.44
2025.7.1 0:25:34.174,26.9,97.2,26.44
2025.7.1 0:25:35.168,26.9,97.3,26.38
2025.7.1 0:25:36.164,26.9,96.9,26.38
2025.7.1 0:25:37.172,26.8,97.4,26.31
2025.7.1 0:25:38.174,26.7,97.9,26.31
2025.7.1 0:25:39.187,26.5,98.4,26.31
2025.7.1 0:25:40.185,26.5,98.4,26.25
2025.7.1 0:25:41.177,26.5,98.2,26.25
2025.7.1 0:25:42.177,26.5,98.1,26.19
2025.7.1 0:25:43.181,26.4,98.3,26.19
2025.7.1 0:25:44.195,26.4,98.1,26.19
2025.7.1 0:25:45.188,26.5,98.8,26.13
2025.7.1 0:25:46.185,26.4,98.5,26.13
2025.7.1 0:25:47.192,26.3,98.6,26.06
2025.7.1 0:25:48.191,26.3,99.6,26.13
2025.7.1 0:25:49.209,26.2,99.3,26.06
2025.7.1 0:25:50.194,26.1,99.4,26.06
2025.7.1 0:25:51.194,26.2,99.4,26
2025.7.1 0:25:52.205,26.1,99.3,26
2025.7.1 0:25:53.204,26.2,99.3,26
2025.7.1 0:25:54.195,26,99.4,25.94
2025.7.1 0:25:55.204,26,99.4,25.94
2025.7.1 0:25:56.200,26,99.7,25.94
2025.7.1 0:25:57.197,25.9,99.6,25.94
2025.7.1 0:25:58.198,25.9,99.3,25.88
2025.7.1 0:25:59.198,25.7,99.6,25.88
2025.7.1 0:26:00.207,25.6,99.8,25.88
2025.7.1 0:26:01.207,25.5,99.9,25.81
2025.7.1 0:26:02.201,25.5,99.9,25.81
2025.7.1 0:26:03.213,25.4,99.1,25.81
2025.7.1 0:26:04.209,25.5,99.2,25.81
2025.7.1 0:26:05.212,25.4,98.6,25.75
2025.7.1 0:26:06.214,25.3,99.5,25.75
2025.7.1 0:26:07.206,25.1,99.9,25.69
2025.7.1 0:26:08.219,25.2,99.9,25.69
2025.7.1 0:26:09.209,25.2,99.9,25.69
2025.7.1 0:26:10.224,25.1,99.9,25.63
2025.7.1 0:26:11.222,25,99.9,25.63
2025.7.1 0:26:12.219,25,99.9,25.63
2025.7.1 0:26:13.233,25.1,99.9,25.63
2025.7.1 0:26:14.233,25,99.9,25.56
2025.7.1 0:26:15.229,24.9,99.9,25.56
2025.7.1 0:26:16.231,24.9,99.9,25.56
2025.7.1 0:26:17.225,24.8,99.9,25.56
2025.7.1 0:26:18.227,24.9,99.9,25.5
2025.7.1 0:26:19.233,24.8,99.9,25.44
2025.7.1 0:26:20.230,24.7,99.9,25.44
2025.7.1 0:26:21.247,24.6,99.9,25.44
2025.7.1 0:26:22.235,24.6,99.9,25.38
2025.7.1 0:26:23.230,24.5,99.9,25.38
2025.7.1 0:26:24.246,24.6,99.9,25.38
2025.7.1 0:26:25.229,24.5,99.9,25.31
2025.7.1 0:26:26.241,24.6,99.3,25.31
2025.7.1 0:26:27.250,24.5,99.4,25.25
2025.7.1 0:26:28.246,24.4,99.4,25.25
2025.7.1 0:26:29.254,24.4,99,25.25
2025.7.1 0:26:30.245,24.4,98.3,25.19
2025.7.1 0:26:31.250,24.4,98.9,25.19
2025.7.1 0:26:32.248,24.4,98.9,25.19
2025.7.1 0:26:33.255,24.3,99.8,25.13
2025.7.1 0:26:34.243,24.3,99.9,25.13
2025.7.1 0:26:35.261,24.1,99.9,25.13
2025.7.1 0:26:36.248,23.9,99.9,25.06
2025.7.1 0:26:37.261,24.1,99.9,25.06
2025.7.1 0:26:38.257,24,99.9,25.06
2025.7.1 0:26:39.257,24.1,99.8,24.94
2025.7.1 0:26:40.266,23.9,99.9,24.94
2025.7.1 0:26:41.258,23.9,99.9,24.94
2025.7.1 0:26:42.256,23.8,99.9,24.94
2025.7.1 0:26:43.265,23.8,99.9,24.88
2025.7.1 0:26:44.267,23.8,99.9,24.88
2025.7.1 0:26:45.277,23.9,99.9,24.88
2025.7.1 0:26:46.271,23.8,99.9,24.88
2025.7.1 0:26:47.260,23.8,99.9,24.81
2025.7.1 0:26:48.278,23.7,99.9,24.75
2025.7.1 0:26:49.269,23.6,99.9,24.75
2025.7.1 0:26:50.264,23.6,99.9,24.75
2025.7.1 0:26:51.275,23.7,99.9,24.81
2025.7.1 0:26:52.271,23.8,99.9,24.69
2025.7.1 0:26:53.278,24,99.9,24.69
2025.7.1 0:26:54.278,24,99.9,24.69
2025.7.1 0:26:55.272,24.3,99.9,24.69
2025.7.1 0:26:56.285,24.3,99.9,24.69
2025.7.1 0:26:57.278,24.4,99.9,24.63
2025.7.1 0:26:58.275,24.8,99.9,24.56
2025.7.1 0:26:59.294,25.1,99,24.63
2025.7.1 0:27:00.279,25.4,98.1,24.63
2025.7.1 0:27:01.290,25.8,98.9,24.56
2025.7.1 0:27:02.286,25.9,97.4,24.63
2025.7.1 0:27:03.289,26,97.4,24.56
2025.7.1 0:27:04.295,26.2,96.7,24.63
2025.7.1 0:27:05.303,26.9,95.1,24.56
2025.7.1 0:27:06.282,27.9,91.6,24.63
2025.7.1 0:27:07.302,28.7,85.3,24.63
2025.7.1 0:27:08.290,30.3,73.7,24.56
2025.7.1 0:27:09.297,31.6,64.6,24.63
2025.7.1 0:27:10.297,31.7,61.3,24.63
2025.7.1 0:27:11.292,33.5,57.3,24.69
2025.7.1 0:27:12.310,33.7,55.2,24.69
2025.7.1 0:27:13.291,33.1,57,24.69
2025.7.1 0:27:14.302,32.4,60.2,24.69
2025.7.1 0:27:15.310,16,62.4,24.75
2025.7.1 0:27:16.311,31.1,64.7,24.75
2025.7.1 0:27:17.306,31.3,62.6,24.81
2025.7.1 0:27:18.308,31.1,66.8,24.81
2025.7.1 0:27:19.303,31.9,63.5,24.94
2025.7.1 0:27:20.322,32.5,60.5,24.94
2025.7.1 0:27:21.311,33.1,57.2,25
2025.7.1 0:27:22.312,32.6,59.6,25.06
2025.7.1 0:27:23.321,32.4,59,25.06
2025.7.1 0:27:24.311,32.9,58.3,25.13
2025.7.1 0:27:25.319,32.5,56.9,25.19
2025.7.1 0:27:26.327,33.8,54.3,25.19
2025.7.1 0:27:27.312,34.3,53.5,25.31
2025.7.1 0:27:28.329,34,52,25.31
2025.7.1 0:27:29.320,33.6,53.1,25.38
2025.7.1 0:27:30.316,33.7,52.6,25.38
2025.7.1 0:27:31.318,33.8,52.2,25.44
2025.7.1 0:27:32.321,33,55.2,25.5
2025.7.1 0:27:35.331,33.2,54.3,25.69
2025.7.1 0:27:36.337,33.2,54.5,25.69
2025.7.1 0:27:37.339,33.4,53.5,25.69
2025.7.1 0:27:39.336,32.6,55.4,25.63
2025.7.1 0:27:40.331,31.9,59.6,25.63
2025.7.1 0:27:41.336,31.9,60.4,25.69
2025.7.1 0:27:44.340,26.9,89.9,25.75
2025.7.1 0:27:45.342,26.5,91,25.69
2025.7.1 0:27:46.348,26.4,93,25.69
2025.7.1 0:27:47.343,26.7,93.5,25.63
2025.7.1 0:27:48.343,26.9,94,25.63
2025.7.1 0:27:49.349,26.9,93.4,25.63
2025.7.1 0:27:50.359,27.3,91.6,25.63
2025.7.1 0:27:51.341,27.4,91.1,25.69
2025.7.1 0:27:52.348,27,91.6,25.63
2025.7.1 0:27:53.357,26.5,91.6,25.63
2025.7.1 0:27:54.358,26.9,90.8,25.56
2025.7.1 0:27:55.353,27.1,87.5,25.56
2025.7.1 0:27:56.351,27.5,87.5,25.63
2025.7.1 0:27:57.356,28,86.8,25.56
2025.7.1 0:27:58.363,28.3,84.2,25.56
2025.7.1 0:27:59.361,28.6,82.5,25.63
2025.7.1 0:28:00.358,28.2,81.2,25.63
2025.7.1 0:28:01.351,28.2,80.4,25.63
2025.7.1 0:28:02.363,28.3,82.8,25.69
2025.7.1 0:28:03.374,27.9,82.5,25.63
2025.7.1 0:28:04.361,28.3,82.6,25.63
2025.7.1 0:28:05.381,28.7,82.5,25.69
2025.7.1 0:28:06.371,28,86.4,25.63
2025.7.1 0:28:07.370,28,85.3,25.63
2025.7.1 0:28:08.377,28.2,86.1,25.63
2025.7.1 0:28:09.370,28.3,80.8,25.69
2025.7.1 0:28:10.365,27.7,86.3,25.69
2025.7.1 0:28:11.381,27.8,83.7,25.75
2025.7.1 0:28:13.364,27.6,90.9,25.69
2025.7.1 0:28:14.375,27.6,88.7,25.63
2025.7.1 0:28:15.373,28.3,88.7,25.63
2025.7.1 0:28:16.394,28.1,88.1,25.63
2025.7.1 0:28:17.377,27.8,88.7,25.69
2025.7.1 0:28:18.374,28,90,25.69
2025.7.1 0:28:19.385,28.2,92.1,25.63
2025.7.1 0:28:20.381,28.4,91.4,25.69
2025.7.1 0:28:21.374,28,90.7,25.69
2025.7.1 0:28:22.395,27.9,89.5,25.69
2025.7.1 0:28:23.384,27.7,90.8,25.69
2025.7.1 0:28:24.388,27.9,91.2,25.69
2025.7.1 0:28:25.395,27.6,90.2,25.69
2025.7.1 0:28:26.383,27.7,91.2,25.69
2025.7.1 0:28:27.393,27.8,91.2,25.69
2025.7.1 0:28:28.389,27.9,90,25.69
2025.7.1 0:28:29.385,27.6,90.2,25.69
2025.7.1 0:28:30.396,27.6,90,25.69
2025.7.1 0:28:31.394,27.6,90.5,25.69
2025.7.1 0:28:32.406,27.2,91.1,25.69
2025.7.1 0:28:33.390,26.9,92.4,25.69
2025.7.1 0:28:34.391,26.7,92.7,25.63
2025.7.1 0:28:35.397,26.7,93.4,25.63
2025.7.1 0:28:36.403,26.6,94.1,25.63
2025.7.1 0:28:37.401,26.5,93.6,25.63
2025.7.1 0:28:38.410,26.4,94.8,25.56
2025.7.1 0:28:39.402,26.3,96.2,25.63
2025.7.1 0:28:40.407,26.1,97.7,25.56
2025.7.1 0:28:41.405,26.2,95.7,25.56
2025.7.1 0:28:42.404,26.3,94.5,25.56
2025.7.1 0:28:43.410,26.2,94.8,25.56
2025.7.1 0:28:44.408,26.1,95.2,25.5
2025.7.1 0:28:45.412,26,96.2,25.56
2025.7.1 0:28:46.421,26,97.9,25.56
2025.7.1 0:28:47.412,25.8,99.9,25.56
2025.7.1 0:28:48.425,25.6,99.7,25.5
2025.7.1 0:28:49.416,25.6,99.9,25.5
2025.7.1 0:28:50.421,25.6,99.3,25.5
2025.7.1 0:28:51.421,25.7,98.8,25.44
2025.7.1 0:28:52.419,25.6,99.9,25.44
2025.7.1 0:28:53.415,25.5,99.9,25.44
2025.7.1 0:28:54.434,25.6,99.9,25.44
2025.7.1 0:28:55.422,25.5,99.9,25.38
2025.7.1 0:28:56.414,25.5,99.8,25.44
2025.7.1 0:28:57.422,25.4,98.8,25.38
2025.7.1 0:28:58.420,25.4,98.9,25.38
2025.7.1 0:28:59.427,25.2,99.2,25.31
2025.7.1 0:29:00.432,25.2,97.9,25.38
2025.7.1 0:29:01.422,25.1,98.1,25.31
2025.7.1 0:29:02.437,25,99,25.25
2025.7.1 0:29:03.434,24.9,99.9,25.25
2025.7.1 0:29:04.434,25.1,99.9,25.25
2025.7.1 0:29:05.422,25.1,99.9,25.25
2025.7.1 0:29:06.438,25.1,99.9,25.25
2025.7.1 0:29:07.437,25.1,99.9,25.25
2025.7.1 0:29:08.440,25.1,99.9,25.19
2025.7.1 0:29:09.438,25,99.9,25.19
2025.7.1 0:29:10.447,25,99.9,25.19
2025.7.1 0:29:11.443,24.9,99.9,25.19
2025.7.1 0:29:12.448,25,99.9,25.13
2025.7.1 0:29:13.443,24.9,99.9,25.13
2025.7.1 0:29:14.443,24.9,99.9,25.13
2025.7.1 0:29:15.435,24.8,99.9,25.06
2025.7.1 0:29:16.452,24.8,99.9,25.13
2025.7.1 0:29:17.443,24.7,99.9,25.06
2025.7.1 0:29:18.455,24.7,99.9,25.06
2025.7.1 0:29:19.450,24.7,99.9,25
2025.7.1 0:29:20.445,24.7,99.9,25.06
2025.7.1 0:29:21.444,24.7,99.9,25
2025.7.1 0:29:22.458,24.7,99.9,25
2025.7.1 0:29:23.454,24.7,99.9,25
2025.7.1 0:29:24.461,24.6,99.9,25
2025.7.1 0:29:25.457,24.6,99.9,24.94
2025.7.1 0:29:26.459,24.5,99.9,24.94
2025.7.1 0:29:27.468,24.3,99.9,24.94
2025.7.1 0:29:28.455,24.2,99.9,24.94
2025.7.1 0:29:29.467,24.2,99.9,24.94
2025.7.1 0:29:30.461,24.1,99.9,24.88
2025.7.1 0:29:31.456,24.1,99.9,24.88
2025.7.1 0:29:32.468,24.2,99.9,24.88
2025.7.1 0:29:33.463,24.4,99.9,24.88
2025.7.1 0:29:34.473,24.4,99.9,24.81
2025.7.1 0:29:35.481,24.4,99.9,24.81
2025.7.1 0:29:36.464,24.4,99.9,24.81
2025.7.1 0:29:37.478,24.4,99.9,24.81
2025.7.1 0:29:38.472,24.4,99.9,24.81
2025.7.1 0:29:39.480,24.2,99.9,24.75
2025.7.1 0:29:40.490,24.3,99.9,24.75
2025.7.1 0:29:41.474,24.2,99.9,24.75
2025.7.1 0:29:42.480,23.9,99.9,24.75
2025.7.1 0:29:43.492,23.5,99.9,24.75
2025.7.1 0:29:44.478,22.8,99.9,24.69
2025.7.1 0:29:45.492,22.6,99.9,24.69
2025.7.1 0:29:46.485,22,99.9,24.63
2025.7.1 0:29:47.487,21.9,99.9,24.56
2025.7.1 0:29:48.492,22.2,99.9,24.63
2025.7.1 0:29:49.487,22,99.9,24.56
2025.7.1 0:29:50.493,22,99.9,24.5
2025.7.1 0:29:51.490,22,99.9,24.44
2025.7.1 0:29:52.496,22.2,99.9,24.5
2025.7.1 0:29:53.495,22.2,99.9,24.44
2025.7.1 0:29:54.493,22.3,99.9,24.44
2025.7.1 0:29:55.484,21.8,99.9,24.38
2025.7.1 0:29:56.498,21.9,99.9,24.38
2025.7.1 0:29:57.502,22,99.9,24.38
2025.7.1 0:29:58.503,22.1,99.9,24.31
2025.7.1 0:29:59.508,22.1,99.9,24.25
2025.7.1 0:30:00.495,22,99.9,24.25
2025.7.1 0:30:01.506,22,99.9,24.19
2025.7.1 0:30:02.509,22.1,99.9,24.19
2025.7.1 0:30:03.508,22.1,99.9,24.19
2025.7.1 0:30:04.510,22.1,99.9,24.13
2025.7.1 0:30:05.504,22.1,99.9,24.13
2025.7.1 0:30:06.512,21.8,99.9,24.13
2025.7.1 0:30:07.520,21.7,99.9,24.06
2025.7.1 0:30:08.503,22,99.9,24.06
2025.7.1 0:30:09.515,22,99.9,24.06
2025.7.1 0:30:10.513,22,99.9,24
2025.7.1 0:30:11.505,22,99.9,24
2025.7.1 0:30:12.525,22.1,99.9,23.94
2025.7.1 0:30:13.523,22.1,99.9,23.94
2025.7.1 0:30:14.535,22.1,99.9,23.94
2025.7.1 0:30:15.523,21.9,99.9,23.94
2025.7.1 0:30:16.516,22,99.9,23.94
2025.7.1 0:30:17.524,21.9,99.9,23.88
2025.7.1 0:30:18.522,22,99.9,23.88
2025.7.1 0:30:19.514,22,99.9,23.81
2025.7.1 0:30:20.532,22.1,99.9,23.81
2025.7.1 0:30:21.522,22.1,99.9,23.81
2025.7.1 0:30:22.532,22.2,99.9,23.81
2025.7.1 0:30:23.529,22.2,99.9,23.81
2025.7.1 0:30:24.525,22.2,99.9,23.75
2025.7.1 0:30:25.540,22.2,99.9,23.75
2025.7.1 0:30:26.539,22.1,99.9,23.75
2025.7.1 0:30:27.526,22,99.9,23.75
2025.7.1 0:30:28.531,22.1,99.9,23.69
2025.7.1 0:30:29.540,22,99.9,23.69
2025.7.1 0:30:30.526,22.2,99.9,23.69
2025.7.1 0:30:31.540,22.2,99.9,23.63
2025.7.1 0:30:32.533,22.2,99.9,23.63
2025.7.1 0:30:33.541,22.1,99.9,23.63
2025.7.1 0:30:34.548,22.3,99.9,23.63
2025.7.1 0:30:35.545,22.4,99.9,23.63
2025.7.1 0:30:36.554,22.7,99.9,23.56
2025.7.1 0:30:37.541,22.8,99.9,23.63
2025.7.1 0:30:38.555,23.1,99.9,23.56
2025.7.1 0:30:39.553,23.5,99.9,23.56
2025.7.1 0:30:40.542,24.1,99.9,23.56
2025.7.1 0:30:41.559,25.2,99.9,23.56
2025.7.1 0:30:42.547,24.7,99.9,23.56
2025.7.1 0:30:43.553,24.6,99.9,23.63
2025.7.1 0:30:44.566,24.2,99.9,23.63
2025.7.1 0:30:45.552,24.3,99.9,23.56
2025.7.1 0:30:46.548,24.2,99.9,23.63
2025.7.1 0:30:47.561,24.6,99.9,23.63
2025.7.1 0:30:48.561,24.9,99.9,23.63
2025.7.1 0:30:49.550,25.1,99.9,23.63
2025.7.1 0:30:50.558,25.1,99.9,23.63
2025.7.1 0:30:51.565,25.1,99.9,23.63
2025.7.1 0:30:52.575,25.4,99.9,23.63
2025.7.1 0:30:53.561,25.6,99.9,23.63
2025.7.1 0:30:54.564,25.5,99.9,23.63
2025.7.1 0:30:55.574,25.2,99.9,23.63
2025.7.1 0:30:56.563,25.8,99.9,23.69
2025.7.1 0:30:57.574,27.1,99,23.69
2025.7.1 0:30:58.569,28.1,95.8,23.69
2025.7.1 0:30:59.567,28.2,95.5,23.75
2025.7.1 0:31:00.582,26.8,99.4,23.75
2025.7.1 0:31:01.578,27,97.6,23.75
2025.7.1 0:31:02.566,27.2,98.7,23.81
2025.7.1 0:31:03.577,27.4,97.5,23.81
2025.7.1 0:31:04.576,27.9,96.4,23.88
2025.7.1 0:31:05.598,27.6,95.6,23.88
2025.7.1 0:31:06.587,27.4,97.2,23.94
2025.7.1 0:31:07.576,27.2,96.3,23.94
2025.7.1 0:31:08.593,28.8,92.1,24
2025.7.1 0:31:09.590,29.2,87,24
2025.7.1 0:31:10.584,28.8,93.8,24
2025.7.1 0:31:11.592,29.1,88.7,24.13
2025.7.1 0:31:13.607,28.8,79.2,24.69
2025.7.1 0:31:14.595,28.3,83.7,24.75
2025.7.1 0:31:15.594,28.1,83.2,24.69
2025.7.1 0:31:16.593,27.5,85.4,24.81
2025.7.1 0:31:17.597,27,90.1,24.69
2025.7.1 0:31:18.594,26.8,92.7,24.69
2025.7.1 0:31:19.599,26.8,92.7,24.75
2025.7.1 0:31:20.603,27.4,91.5,24.69
2025.7.1 0:31:21.595,28.2,90.6,24.75
2025.7.1 0:31:22.614,29.6,79.6,24.75
2025.7.1 0:31:23.603,29.3,71.7,24.81
2025.7.1 0:31:24.613,29.8,71.7,24.81
2025.7.1 0:31:25.604,30.4,66.4,24.88
2025.7.1 0:31:26.602,30.6,67.6,24.88
2025.7.1 0:31:27.613,30.3,66.7,24.94
2025.7.1 0:31:28.607,31.4,64,24.94
2025.7.1 0:31:29.607,31.2,64,25
2025.7.1 0:31:30.612,31.5,61.6,25
2025.7.1 0:31:31.613,30.9,64.6,25.06
2025.7.1 0:31:32.619,30.7,61.6,25.06
2025.7.1 0:31:33.620,31,63.6,25.13
2025.7.1 0:31:34.615,31.7,59.9,25.19
2025.7.1 0:31:35.612,31,62.2,25.19
2025.7.1 0:31:36.625,31.2,66.3,25.25
2025.7.1 0:31:37.623,31.6,64.4,25.31
2025.7.1 0:31:38.628,32,60.7,25.38
2025.7.1 0:31:39.622,31,62.3,25.38
2025.7.1 0:31:40.618,31.3,64.8,25.44
2025.7.1 0:31:41.630,31.3,65.1,25.44
2025.7.1 0:31:42.622,31.7,63.1,25.5
2025.7.1 0:31:43.631,31.4,61.1,25.56
2025.7.1 0:31:44.632,31,60,25.56
2025.7.1 0:31:45.622,30.9,61.4,25.63
2025.7.1 0:31:46.630,30.3,65.2,25.63
2025.7.1 0:31:47.639,29.9,69.6,25.63
2025.7.1 0:31:48.626,30.5,68.2,25.63
2025.7.1 0:31:49.638,30.2,65.2,25.69
2025.7.1 0:31:50.634,30.1,66.9,25.75
2025.7.1 0:31:52.644,29.9,75.6,25.75
2025.7.1 0:31:53.633,29.6,80.8,25.69
2025.7.1 0:31:55.636,29,83.2,25.75
2025.7.1 0:31:56.638,29.3,84.2,25.75
2025.7.1 0:31:58.636,28.7,89.2,25.81
2025.7.1 0:31:59.644,28.6,90.6,25.88
2025.7.1 0:32:01.635,28.2,91.5,25.69
2025.7.1 0:32:02.650,28.3,92,25.75
2025.7.1 0:32:04.636,27.7,93.5,25.75
2025.7.1 0:32:07.659,28.5,87.9,24.31
2025.7.1 0:32:08.662,28.8,85.5,24.38
2025.7.1 0:32:09.646,29,86.3,24.44
2025.7.1 0:32:10.661,28.3,90.5,24.44
2025.7.1 0:32:11.670,28.7,90.4,24.5
2025.7.1 0:32:12.662,28.8,87.6,24.56
2025.7.1 0:32:13.653,28.9,86.8,24.56
2025.7.1 0:32:14.654,28.9,85.2,24.56
2025.7.1 0:32:15.662,30.6,75.4,24.69
2025.7.1 0:32:16.671,30.9,72.7,24.69
2025.7.1 0:32:17.656,29.8,79,24.75
2025.7.1 0:32:18.673,30.3,76,24.75
2025.7.1 0:32:19.673,31.2,69.5,24.81
2025.7.1 0:32:20.665,31.2,68.7,24.88
2025.7.1 0:32:21.667,30,73,24.88
2025.7.1 0:32:22.662,29.2,80.5,24.88
2025.7.1 0:32:23.671,28.7,84.1,24.88
2025.7.1 0:32:24.670,29.6,81.4,24.94
2025.7.1 0:32:25.676,29.2,86.2,24.94
2025.7.1 0:32:26.676,30,84.4,25
2025.7.1 0:32:27.679,30.4,79.9,25
2025.7.1 0:32:28.676,30.3,76.7,25.06
2025.7.1 0:32:29.688,30.3,73.8,25.06
2025.7.1 0:32:30.678,31.3,70.6,25.13
2025.7.1 0:32:31.690,31.5,65.3,25.13
2025.7.1 0:32:32.675,31,66.1,25.19
2025.7.1 0:32:33.684,30.6,63.7,25.25
2025.7.1 0:32:34.685,30.7,62.5,25.25
2025.7.1 0:32:35.683,30.6,62,25.31
2025.7.1 0:32:36.678,31,60.8,25.31
2025.7.1 0:32:37.704,31.7,60.5,25.38
2025.7.1 0:32:38.693,31.7,60,25.44
2025.7.1 0:32:39.692,31.8,59.2,25.44
2025.7.1 0:32:40.700,31.7,61.8,25.5
2025.7.1 0:32:41.691,31.5,59.8,25.5
2025.7.1 0:32:42.697,32.2,60,25.56
2025.7.1 0:32:43.695,31.6,59.8,25.63
2025.7.1 0:32:44.702,31.4,61.6,25.63
2025.7.1 0:32:45.698,31.6,62.2,25.69
2025.7.1 0:32:46.696,30.8,64.5,25.69
2025.7.1 0:32:47.702,30.9,65.9,25.75
2025.7.1 0:32:48.715,30.8,62.6,25.75
2025.7.1 0:32:49.709,31.3,62.7,25.81
2025.7.1 0:32:50.704,31,61.3,25.81
2025.7.1 0:32:51.703,30.8,61.9,25.88
2025.7.1 0:32:52.699,31.1,62.8,25.88
2025.7.1 0:32:53.706,30.7,63.2,25.88
2025.7.1 0:32:54.713,30,66.2,25.88
2025.7.1 0:32:55.711,30.2,66.4,25.94
2025.7.1 0:32:56.708,30.9,65,25.94
2025.7.1 0:32:57.706,30.9,62.2,26
2025.7.1 0:32:58.715,30.8,63.5,26
2025.7.1 0:32:59.712,30.4,67.5,26
2025.7.1 0:33:00.706,30.1,67.9,26
2025.7.1 0:33:01.722,29.6,71.9,26.06
2025.7.1 0:33:02.715,29.6,71.3,26
2025.7.1 0:33:03.731,29.8,73.8,26
2025.7.1 0:33:04.716,29.4,75.2,26.06
2025.7.1 0:33:06.716,29.1,78.2,26.06
2025.7.1 0:33:07.730,29,78.8,26.06
2025.7.1 0:33:08.726,28.8,80.5,26.06
2025.7.1 0:33:10.723,31.8,57.6,24.88
2025.7.1 0:33:11.720,32.4,55.8,24.88
2025.7.1 0:33:12.738,31.7,56,25
2025.7.1 0:33:13.727,31.8,56.5,25
2025.7.1 0:33:14.743,30.9,59,25
2025.7.1 0:33:15.732,31.3,55.2,25.06
2025.7.1 0:33:16.724,31.1,55.1,25
2025.7.1 0:33:17.733,32.4,52.4,25.13
2025.7.1 0:33:18.743,32,53,25.13
2025.7.1 0:33:19.727,32.3,52,25.13
2025.7.1 0:33:20.737,31.8,55,25.19
2025.7.1 0:33:21.735,32.6,53.8,25.25
2025.7.1 0:33:22.740,32.5,53.6,25.31
2025.7.1 0:33:23.742,31.8,52.4,25.25
2025.7.1 0:33:24.737,32.4,53,25.31
2025.7.1 0:33:25.728,32.6,51.1,25.38
2025.7.1 0:33:26.748,32.3,52.5,25.38
2025.7.1 0:33:27.731,32.3,51.1,25.44
2025.7.1 0:33:28.746,31.2,51.2,25.44
2025.7.1 0:33:29.738,32.3,52.1,25.44
2025.7.1 0:33:30.739,32.4,51.5,25.5
2025.7.1 0:33:31.755,32.7,50.5,25.5
2025.7.1 0:33:32.741,32,52.5,25.56
2025.7.1 0:33:33.756,32,52.4,25.56
2025.7.1 0:33:34.753,32.8,50.5,25.63
2025.7.1 0:33:35.751,32.9,51.3,25.69
2025.7.1 0:33:36.761,32,53.2,25.69
2025.7.1 0:33:37.754,31.1,55.7,25.69
2025.7.1 0:33:38.748,31.5,53.6,25.69
2025.7.1 0:33:39.760,31.9,54.3,25.75
2025.7.1 0:33:40.756,31.8,53.1,25.75
2025.7.1 0:33:41.761,31.8,53.8,25.81
2025.7.1 0:33:42.763,30.9,55.7,25.81
2025.7.1 0:33:43.764,30.9,54.9,25.81
2025.7.1 0:33:44.767,31.6,53.7,25.88
2025.7.1 0:33:45.763,31.9,53.6,25.81
2025.7.1 0:33:46.769,31.9,54.6,25.94
2025.7.1 0:33:47.773,31.9,54.1,25.94
2025.7.1 0:33:48.768,31.5,54.7,26
2025.7.1 0:33:49.771,31.5,57.6,26
2025.7.1 0:33:50.771,32,55.9,26
2025.7.1 0:33:51.777,31.5,56,26
2025.7.1 0:33:52.784,31.1,57.6,26.06
2025.7.1 0:33:53.773,30.2,61,26
2025.7.1 0:33:54.773,29.9,64.3,26.06
2025.7.1 0:33:55.780,29.9,62.9,26.06
2025.7.1 0:33:56.784,30.7,60.8,26.13
2025.7.1 0:33:57.789,30.5,61.2,26.13
2025.7.1 0:33:58.783,29.5,68.8,26.13
2025.7.1 0:33:59.778,30.2,65.4,26.13
2025.7.1 0:34:00.788,29.3,69.1,26.13
2025.7.1 0:34:01.793,28.1,75.1,26.13
2025.7.1 0:34:02.783,28,76.6,26.13
2025.7.1 0:34:03.788,27.9,79.6,26.13
2025.7.1 0:34:04.783,27.5,84.5,26.06
2025.7.1 0:34:05.783,27.6,85.2,26.13
2025.7.1 0:34:06.790,27.9,85.2,26.06
2025.7.1 0:34:07.795,27.8,84.1,26.06
2025.7.1 0:34:08.796,27.6,85.8,26.06
2025.7.1 0:34:09.793,27.8,85.5,26.06
2025.7.1 0:34:10.799,27.5,83.9,26.06
2025.7.1 0:34:11.794,27.3,83.8,26.06
2025.7.1 0:34:12.799,27.5,84.1,26.06
2025.7.1 0:34:13.789,27.5,83.4,26
2025.7.1 0:34:14.805,27.4,83.2,26
2025.7.1 0:34:15.795,27.4,83.5,26
2025.7.1 0:34:16.809,27.3,84,26
2025.7.1 0:34:17.803,27.2,87.4,26
2025.7.1 0:34:18.808,27.3,86.6,26
2025.7.1 0:34:19.810,27.1,86.8,26
2025.7.1 0:34:20.804,27.1,89,25.94
2025.7.1 0:34:21.800,27.1,90.1,25.94
2025.7.1 0:34:22.817,27,91,25.94
2025.7.1 0:34:23.807,26.9,91.7,25.94
2025.7.1 0:34:24.812,26.8,92.8,25.94
2025.7.1 0:34:25.812,26.8,92.4,25.94
2025.7.1 0:34:26.812,26.7,92.8,25.94
2025.7.1 0:34:27.828,26.6,93.5,25.94
2025.7.1 0:34:28.812,26.6,93.6,25.88
2025.7.1 0:34:29.815,26.5,94.8,25.88
2025.7.1 0:34:30.816,26.4,94.5,25.88
2025.7.1 0:34:31.814,26.4,94.4,25.88
2025.7.1 0:34:32.810,26.4,94.7,25.88
2025.7.1 0:34:33.823,26.4,95.4,25.81
2025.7.1 0:34:34.826,26.4,96.1,25.81
2025.7.1 0:34:35.828,26.3,96.5,25.81
2025.7.1 0:34:36.824,26.2,96,25.81
2025.7.1 0:34:37.818,26.1,96.1,25.75
2025.7.1 0:34:38.836,26,96.2,25.75
2025.7.1 0:34:39.834,25.9,96.4,25.81
2025.7.1 0:34:40.840,26,96.2,25.75
2025.7.1 0:34:41.834,25.9,96.2,25.75
2025.7.1 0:34:42.834,25.8,97.7,25.75
2025.7.1 0:34:43.838,25.8,97,25.69
2025.7.1 0:34:44.841,25.8,97.4,25.69
2025.7.1 0:34:45.841,25.7,97.3,25.75
2025.7.1 0:34:46.835,25.7,97.2,25.69
2025.7.1 0:34:47.834,25.8,96.8,25.69
2025.7.1 0:34:48.844,25.7,97.3,25.63
2025.7.1 0:34:49.832,25.7,97.5,25.69
2025.7.1 0:34:50.847,25.6,98.4,25.63
2025.7.1 0:34:51.854,25.5,99.2,25.56
2025.7.1 0:34:52.843,25.6,98.9,25.63
2025.7.1 0:34:53.847,25.5,99.1,25.56
2025.7.1 0:34:54.852,25.5,98.6,25.56
2025.7.1 0:34:55.849,25.5,98.2,25.56
2025.7.1 0:34:56.855,25.5,98.7,25.5
2025.7.1 0:34:57.856,25.4,99.8,25.56
2025.7.1 0:34:58.852,25.2,99.9,25.5
2025.7.1 0:34:59.855,25.3,99.5,25.44
2025.7.1 0:35:00.856,25.3,99.8,25.5
2025.7.1 0:35:01.852,25.3,99.8,25.44
2025.7.1 0:35:02.845,25.3,99.6,25.44
2025.7.1 0:35:03.856,25.4,99.1,25.38
2025.7.1 0:35:04.852,25.3,99.4,25.38
2025.7.1 0:35:05.864,25.1,99.9,25.38
2025.7.1 0:35:06.861,25.1,99.6,25.38
2025.7.1 0:35:07.867,25.1,99.4,25.31
2025.7.1 0:35:08.863,25.1,99.3,25.38
2025.7.1 0:35:09.859,25.1,98.7,25.31
2025.7.1 0:35:10.872,25.1,98.7,25.31
2025.7.1 0:35:11.868,25.1,99.1,25.31
2025.7.1 0:35:12.862,25.1,99.4,25.31
2025.7.1 0:35:13.874,24.9,99.6,25.31
2025.7.1 0:35:14.869,24.9,99.9,25.25
2025.7.1 0:35:15.876,24.9,99.9,25.25
2025.7.1 0:35:16.876,24.8,99.6,25.25
2025.7.1 0:35:17.871,24.7,99.1,25.25
2025.7.1 0:35:18.881,24.7,99.3,25.19
2025.7.1 0:35:19.875,24.7,98.9,25.19
2025.7.1 0:35:20.870,24.7,99.9,25.19
2025.7.1 0:35:21.881,24.6,99.9,25.13
2025.7.1 0:35:22.875,24.5,99.9,25.19
2025.7.1 0:35:23.868,24.5,99.9,25.13
2025.7.1 0:35:24.883,24.5,99.8,25.06
2025.7.1 0:35:25.875,24.5,99.6,25.06
2025.7.1 0:35:26.873,24.4,99.8,25
2025.7.1 0:35:27.891,24.4,99.9,25
2025.7.1 0:35:28.887,24.2,99.9,25
2025.7.1 0:35:29.884,24.2,99.9,25
2025.7.1 0:35:30.894,24.3,99.9,24.94
2025.7.1 0:35:31.881,24.2,99.8,25
2025.7.1 0:35:32.889,24,99.9,24.94
2025.7.1 0:35:33.887,24,99.9,24.88
2025.7.1 0:35:34.883,23.9,99.9,24.88
2025.7.1 0:35:35.902,23.9,99.9,24.88
2025.7.1 0:35:36.884,23.9,99.9,24.88
2025.7.1 0:35:37.888,23.9,99.9,24.81
2025.7.1 0:35:38.895,24.1,99.7,24.81
2025.7.1 0:35:39.889,24,99.9,24.81
2025.7.1 0:35:40.893,23.8,99.9,24.81
2025.7.1 0:35:41.896,23.7,99.9,24.75
2025.7.1 0:35:42.895,23.7,99.9,24.75
2025.7.1 0:35:43.893,23.7,99.9,24.75
2025.7.1 0:35:44.903,23.7,99.9,24.75
2025.7.1 0:35:45.895,23.7,99.9,24.69
2025.7.1 0:35:46.908,23.7,99.9,24.69
2025.7.1 0:35:47.902,23.8,99.9,24.69
2025.7.1 0:35:48.903,23.9,99.9,24.63
2025.7.1 0:35:49.905,23.9,99.9,24.63
2025.7.1 0:35:50.914,23.8,99.9,24.63
2025.7.1 0:35:51.913,23.7,99.9,24.63
2025.7.1 0:35:52.907,23.8,99.9,24.63
2025.7.1 0:35:53.909,23.7,99.9,24.63
2025.7.1 0:35:54.919,23.7,99.9,24.56
2025.7.1 0:35:55.920,23.6,99.9,24.56
2025.7.1 0:35:56.922,23.7,99.9,24.56
2025.7.1 0:35:57.923,23.7,99.9,24.56
2025.7.1 0:35:58.914,23.6,99.9,24.44
2025.7.1 0:35:59.914,23.6,99.9,24.44
2025.7.1 0:36:00.915,23.5,99.9,24.44
2025.7.1 0:36:01.920,23.5,99.9,24.44
2025.7.1 0:36:02.912,23.6,99.9,24.44
2025.7.1 0:36:03.926,23.5,99.9,24.38
2025.7.1 0:36:04.923,23.5,99.9,24.38
2025.7.1 0:36:05.927,23.5,99.9,24.38
2025.7.1 0:36:06.918,23.5,99.9,24.38
2025.7.1 0:36:07.927,23.5,99.9,24.38
2025.7.1 0:36:08.920,23.5,99.9,24.38
2025.7.1 0:36:09.926,23.6,99.9,24.38
2025.7.1 0:36:10.922,23.6,99.9,24.31
2025.7.1 0:36:11.924,23.6,99.9,24.31
2025.7.1 0:36:12.927,23.4,99.9,24.31
2025.7.1 0:36:13.927,23.5,99.9,24.31
2025.7.1 0:36:14.931,23.5,99.9,24.31
2025.7.1 0:36:15.929,23.6,99.9,24.25
2025.7.1 0:36:16.929,23.7,99.9,24.25
2025.7.1 0:36:17.934,23.8,99.9,24.25
2025.7.1 0:36:18.945,24.1,99.9,24.19
2025.7.1 0:36:19.944,24,99.4,24.25
2025.7.1 0:36:20.938,24.2,99.6,24.25
2025.7.1 0:36:21.941,24.6,98.8,24.25
2025.7.1 0:36:22.949,24.3,99.9,24.19
2025.7.1 0:36:23.951,24.9,99.8,24.19
2025.7.1 0:36:24.945,24.7,99.1,24.19
2025.7.1 0:36:25.944,24.8,99.6,24.19
2025.7.1 0:36:26.955,24.6,99.9,24.25
2025.7.1 0:36:27.948,25.1,98.5,24.19
2025.7.1 0:36:28.949,25.2,96.7,24.19
2025.7.1 0:36:29.951,25,98.1,24.19
2025.7.1 0:36:30.960,25,97.7,24.19
2025.7.1 0:36:31.952,25.2,97,24.19
2025.7.1 0:36:32.962,24.9,97,24.19
2025.7.1 0:36:33.962,25.2,97.6,24.19
2025.7.1 0:36:34.968,25.6,96.1,24.25
2025.7.1 0:36:35.956,25.5,96.2,24.25
2025.7.1 0:36:36.959,25.8,95.7,24.25
2025.7.1 0:36:37.962,26.2,93.4,24.25
2025.7.1 0:36:38.961,26.9,93.5,24.25
2025.7.1 0:36:39.964,26.8,90.8,24.25
2025.7.1 0:36:40.965,27.5,83.9,24.31
2025.7.1 0:36:41.966,26.7,90,24.31
2025.7.1 0:36:42.980,26.6,88.2,24.31
2025.7.1 0:36:43.981,27.3,87.5,24.38
2025.7.1 0:36:44.980,27.7,82.9,24.38
2025.7.1 0:36:45.979,27.7,85,24.38
2025.7.1 0:36:46.974,28.5,82.6,24.38
2025.7.1 0:36:47.981,28.1,80.5,24.44
2025.7.1 0:36:49.985,27.9,80.8,24.44
2025.7.1 0:36:50.977,28.9,74.7,24.44
2025.7.1 0:36:51.988,29.4,72,24.5
2025.7.1 0:36:52.989,29.5,69.3,24.56
2025.7.1 0:36:53.979,30.8,61.8,24.56
2025.7.1 0:36:55.981,30.6,60.4,24.69
2025.7.1 0:36:56.983,30.3,57.7,24.75
2025.7.1 0:36:57.990,31.3,57.1,24.88
2025.7.1 0:36:58.988,30.9,55.5,24.88
2025.7.1 0:36:59.987,30,57.4,24.88
2025.7.1 0:37:01.001,30.8,58.4,24.94
2025.7.1 0:37:01.990,31.6,55.2,25
2025.7.1 0:37:04.009,31.1,54.5,25.06
2025.7.1 0:37:04.992,32.5,51.7,25.06
2025.7.1 0:37:06.007,32.3,48.9,25.13
2025.7.1 0:37:06.998,33.1,53.7,25.25
2025.7.1 0:37:08.006,32.7,50.2,25.25
2025.7.1 0:37:10.014,31.7,54.5,25.69
2025.7.1 0:37:11.004,31.2,64.6,25.69
2025.7.1 0:37:12.016,30.1,73.5,25.69
2025.7.1 0:37:12.999,29.7,78.1,25.81
2025.7.1 0:37:14.002,29.4,80.8,25.75
2025.7.1 0:37:15.015,29.7,79.3,25.75
2025.7.1 0:37:16.010,29.8,78.2,25.75
2025.7.1 0:37:18.009,26.9,93.2,25.94
2025.7.1 0:37:19.002,26.8,94.7,25.88
2025.7.1 0:37:20.028,26.6,95.8,25.94
2025.7.1 0:37:21.018,26.6,95.7,25.88
2025.7.1 0:37:22.012,26.5,96.8,25.88
2025.7.1 0:37:23.009,26.2,97.7,25.88
2025.7.1 0:37:24.010,26.2,98,25.88
2025.7.1 0:37:25.019,26.1,98.3,25.88
2025.7.1 0:37:26.010,26.1,98.5,25.81
2025.7.1 0:37:27.015,26.1,98.6,25.81
2025.7.1 0:37:28.018,26,98.9,25.81
2025.7.1 0:37:29.023,26,99.2,25.88
2025.7.1 0:37:30.025,26,98.6,25.81
2025.7.1 0:37:31.031,25.8,99.3,25.75
2025.7.1 0:37:32.028,25.8,99.3,25.81
2025.7.1 0:37:33.030,25.8,99.2,25.75
2025.7.1 0:37:34.030,25.7,99.3,25.81
2025.7.1 0:37:35.028,25.6,99.8,25.75
2025.7.1 0:37:36.040,25.6,99.9,25.69
2025.7.1 0:37:37.033,25.5,99.9,25.75
2025.7.1 0:37:38.031,25.5,99.9,25.69
2025.7.1 0:37:39.042,25.4,99.9,25.69
2025.7.1 0:37:40.035,25.4,99.9,25.69
2025.7.1 0:37:41.042,25.5,99.7,25.69
2025.7.1 0:37:42.042,25.3,99.9,25.69
2025.7.1 0:37:43.044,25.3,99.9,25.69
2025.7.1 0:37:44.054,25.5,99.5,25.63
2025.7.1 0:37:45.047,25.5,99.5,25.63
2025.7.1 0:37:46.052,25.5,99.7,25.63
2025.7.1 0:37:47.059,25.5,99,25.56
2025.7.1 0:37:48.051,25.5,99.2,25.56
2025.7.1 0:37:49.042,25.5,98.8,25.56
2025.7.1 0:37:50.055,25.5,98.7,25.56
2025.7.1 0:37:51.047,25.4,99.6,25.56
2025.7.1 0:37:52.055,25.4,99.9,25.56
2025.7.1 0:37:53.056,25.4,99.9,25.5
2025.7.1 0:37:54.048,25.4,99.9,25.5
2025.7.1 0:37:55.069,25.2,99.9,25.5
2025.7.1 0:37:56.067,25.2,99.9,25.44
2025.7.1 0:37:57.051,25,99.9,25.5
2025.7.1 0:37:58.051,25,99.9,25.5
2025.7.1 0:37:59.056,25,99.9,25.44
2025.7.1 0:38:00.050,24.9,99.9,25.44
2025.7.1 0:38:01.066,24.9,99.9,25.44
2025.7.1 0:38:02.067,24.9,99.9,25.38
2025.7.1 0:38:03.075,24.8,99.9,25.38
2025.7.1 0:38:04.070,24.7,99.9,25.38
2025.7.1 0:38:05.070,24.7,99.9,25.38
2025.7.1 0:38:06.070,24.4,99.9,25.38
2025.7.1 0:38:07.076,24.4,99.9,25.38
2025.7.1 0:38:08.063,24.4,99.9,25.31
2025.7.1 0:38:09.073,24.4,99.9,25.31
2025.7.1 0:38:10.070,24.6,99.9,25.31
2025.7.1 0:38:11.076,24.4,99.9,25.31
2025.7.1 0:38:12.090,24.5,99.9,25.25
2025.7.1 0:38:13.081,24.4,99.9,25.25
2025.7.1 0:38:14.081,24.4,99.9,25.25
2025.7.1 0:38:15.079,24.3,99.9,25.19
2025.7.1 0:38:16.081,24.4,99.9,25.19
2025.7.1 0:38:17.086,24.5,99.9,25.19
2025.7.1 0:38:18.089,24.5,99.9,25.19
2025.7.1 0:38:19.101,24.4,99.9,25.19
2025.7.1 0:38:20.094,24.4,99.9,25.13
2025.7.1 0:38:21.089,24.3,99.9,25.19
2025.7.1 0:38:22.088,24.2,99.9,25.13
2025.7.1 0:38:23.097,24,99.9,25.13
2025.7.1 0:38:24.089,23.9,99.9,25.13
2025.7.1 0:38:25.095,23.8,99.9,25.13
2025.7.1 0:38:26.099,23.8,99.9,25.13
2025.7.1 0:38:27.094,23.9,99.9,25
2025.7.1 0:38:28.103,23.9,99.9,25.06
2025.7.1 0:38:29.102,23.9,99.9,25.06
2025.7.1 0:38:30.100,23.8,99.9,25
2025.7.1 0:38:31.107,23.7,99.9,25
2025.7.1 0:38:32.096,23.8,99.9,25
2025.7.1 0:38:33.102,23.7,99.9,25
2025.7.1 0:38:34.098,23.6,99.9,24.94
2025.7.1 0:38:35.114,23.5,99.9,24.94
2025.7.1 0:38:36.104,23.5,99.9,24.94
2025.7.1 0:38:37.099,23.5,99.9,24.88
2025.7.1 0:38:38.112,23.5,99.9,24.88
2025.7.1 0:38:39.107,23.4,99.9,24.88
2025.7.1 0:38:40.110,23.4,99.9,24.88
2025.7.1 0:38:41.112,23.3,99.9,24.88
2025.7.1 0:38:42.106,23.3,99.9,24.81
2025.7.1 0:38:43.117,23.3,99.9,24.81
2025.7.1 0:38:44.110,23.3,99.9,24.81
2025.7.1 0:38:45.120,23.2,99.9,24.75
2025.7.1 0:38:46.118,23.1,99.9,24.75
2025.7.1 0:38:47.116,23.1,99.9,24.75
2025.7.1 0:38:48.111,23.1,99.9,24.75
2025.7.1 0:38:49.123,23.1,99.9,24.69
2025.7.1 0:38:50.113,23.1,99.9,24.69
2025.7.1 0:38:51.126,23.1,99.9,24.75
2025.7.1 0:38:52.122,23.1,99.9,24.69
2025.7.1 0:38:53.122,23,99.9,24.63
2025.7.1 0:38:54.133,22.8,99.9,24.63
2025.7.1 0:38:55.126,22.8,99.9,24.63
2025.7.1 0:38:56.121,22.8,99.9,24.56
2025.7.1 0:38:57.133,22.8,99.9,24.63
2025.7.1 0:38:58.128,22.9,99.9,24.56
2025.7.1 0:38:59.135,22.9,99.9,24.5
2025.7.1 0:39:00.133,22.8,99.9,24.56
2025.7.1 0:39:01.130,23.2,99.9,24.5
2025.7.1 0:39:02.126,23.2,99.9,24.5
2025.7.1 0:39:03.134,23.2,99.9,24.5
2025.7.1 0:39:04.131,23.1,99.9,24.5
2025.7.1 0:39:05.149,23.3,99.9,24.44
2025.7.1 0:39:06.136,23.5,99.9,24.44
2025.7.1 0:39:07.131,23.6,99.9,24.44
2025.7.1 0:39:08.139,23.4,99.9,24.44
2025.7.1 0:39:09.138,23.3,99.9,24.44
2025.7.1 0:39:10.152,24.2,99.8,24.44
2025.7.1 0:39:11.147,24.4,98.8,24.38
2025.7.1 0:39:12.140,24,99.9,24.44
2025.7.1 0:39:13.153,24.6,99.9,24.38
2025.7.1 0:39:14.160,26.2,95.1,24.38
2025.7.1 0:39:15.151,26.3,94.6,24.38
2025.7.1 0:39:16.151,27.2,92.8,24.38
2025.7.1 0:39:17.159,27.2,91.4,24.44
2025.7.1 0:39:18.144,26.4,94.2,24.38
2025.7.1 0:39:19.156,26.2,95.9,24.44
2025.7.1 0:39:20.148,26.4,95,24.44
2025.7.1 0:39:21.156,26.4,93.9,24.38
2025.7.1 0:39:22.156,27,91.4,24.38
2025.7.1 0:39:23.164,27.9,88.8,24.44
2025.7.1 0:39:24.148,28.5,84.7,24.5
2025.7.1 0:39:25.158,30.5,72.1,24.44
2025.7.1 0:39:26.151,29.3,79.3,24.44
2025.7.1 0:39:27.162,30.1,75.7,24.5
2025.7.1 0:39:28.162,29.7,74.8,24.56
2025.7.1 0:39:29.176,30.2,73.5,24.56
2025.7.1 0:39:30.179,30.2,72.9,24.56
2025.7.1 0:39:31.162,29.4,75.1,24.56
2025.7.1 0:39:32.174,29.4,75.4,24.63
2025.7.1 0:39:33.170,30.9,69.6,24.69
2025.7.1 0:39:34.175,30.4,69.3,24.69
2025.7.1 0:39:35.176,29.3,72.4,24.75
2025.7.1 0:39:36.171,30.3,69.3,24.75
2025.7.1 0:39:37.181,31,65.1,24.81
2025.7.1 0:39:38.176,30.6,66.6,24.94
2025.7.1 0:39:39.183,32.3,62.3,24.88
2025.7.1 0:39:40.184,31.4,63.2,24.94
2025.7.1 0:39:44.181,30.1,85.1,24.69
2025.7.1 0:39:45.201,30.2,82.4,24.69
2025.7.1 0:39:46.197,30.3,78,24.75
2025.7.1 0:39:47.184,30,79.9,24.75
2025.7.1 0:39:48.197,30.2,79.4,24.81
2025.7.1 0:39:49.187,30.2,80.7,24.81
2025.7.1 0:39:50.198,30.5,74.7,24.81
2025.7.1 0:39:51.196,31,72.8,24.88
2025.7.1 0:39:52.201,31.2,71.8,24.94
2025.7.1 0:39:53.201,31,69.4,25
2025.7.1 0:39:54.197,31.8,64.8,25
2025.7.1 0:39:55.194,31.5,62.6,25
2025.7.1 0:39:56.207,32,63.3,25.06
2025.7.1 0:39:57.209,30,69.6,25.13
2025.7.1 0:39:58.205,30.9,66.6,25.06
2025.7.1 0:40:00.209,31.6,61.9,25.19
2025.7.1 0:40:01.210,31.8,60.8,25.25
2025.7.1 0:40:02.209,32.4,59.4,25.25
2025.7.1 0:40:03.204,32.1,59.2,25.31
2025.7.1 0:40:04.213,32.3,60.8,25.38
2025.7.1 0:40:05.222,31,59.4,25.38
2025.7.1 0:40:06.216,30.9,61.7,25.38
2025.7.1 0:40:07.225,31.8,60,25.38
2025.7.1 0:40:08.221,31.6,59.4,25.5
2025.7.1 0:40:09.218,31.8,60.1,25.56
2025.7.1 0:40:10.229,32.8,56.5,25.56
2025.7.1 0:40:11.214,31.2,59.8,25.56
2025.7.1 0:40:12.232,31.5,58.8,25.56
2025.7.1 0:40:13.219,31.8,61.1,25.63
2025.7.1 0:40:14.237,32,60.6,25.63
2025.7.1 0:40:15.224,32.9,59.7,25.69
2025.7.1 0:40:16.230,31.6,59.5,25.75
2025.7.1 0:40:17.230,31.2,62.5,25.75
2025.7.1 0:40:18.227,32.4,58.8,25.75
2025.7.1 0:40:19.227,32.1,61,25.81
2025.7.1 0:40:20.242,32.4,58,25.88
2025.7.1 0:40:21.229,33.1,56.3,25.88
2025.7.1 0:40:22.225,32.4,58.8,26
2025.7.1 0:40:23.240,32.5,58.1,25.94
2025.7.1 0:40:24.238,33.2,56.6,26
2025.7.1 0:40:25.249,33.6,55.5,26.06
2025.7.1 0:40:26.247,33.4,57.5,26.06
2025.7.1 0:40:27.234,33.1,55.3,26.19
2025.7.1 0:40:28.249,33.2,57,26.19
2025.7.1 0:40:29.246,33.2,55.2,26.19
2025.7.1 0:40:30.235,32.2,58.4,26.13
2025.7.1 0:40:31.243,33.3,56,26.25
2025.7.1 0:40:32.239,34,53.1,26.31
2025.7.1 0:40:33.234,16.7,52.2,26.31
2025.7.1 0:40:34.245,34.7,50.9,26.38
2025.7.1 0:40:35.253,33.6,58.5,26.38
2025.7.1 0:40:36.237,31.7,69.7,26.38
2025.7.1 0:40:37.254,31.1,73.3,26.44
2025.7.1 0:40:38.245,30.7,71.6,26.38
2025.7.1 0:40:40.250,30,78.6,26.44
2025.7.1 0:40:41.254,32.1,70,26.5
2025.7.1 0:40:42.254,32.7,63.1,26.5
2025.7.1 0:40:43.256,33.1,63.1,26.5
2025.7.1 0:40:44.261,33.5,59.5,26.56
2025.7.1 0:40:45.255,34,55.4,26.56
2025.7.1 0:40:46.263,32.9,56.2,26.63
2025.7.1 0:40:47.263,33.2,56.1,26.63
2025.7.1 0:40:48.269,32.3,58,26.69
2025.7.1 0:40:49.254,33.2,57.5,26.69
2025.7.1 0:40:50.265,33.5,56.6,26.69
2025.7.1 0:40:51.260,33.4,55.5,26.75
2025.7.1 0:40:52.267,32.9,56.7,26.75
2025.7.1 0:40:53.278,33.1,57.4,26.75
2025.7.1 0:40:54.266,33.1,57,26.81
2025.7.1 0:40:55.274,34,55.4,26.81
2025.7.1 0:40:56.270,33.8,54.5,26.81
2025.7.1 0:40:57.264,32.9,57.1,26.81
2025.7.1 0:40:58.274,32.4,59,26.81
2025.7.1 0:40:59.270,32.8,59.1,26.88
2025.7.1 0:41:00.276,32.5,58.6,26.94
2025.7.1 0:41:01.278,31.8,63.1,26.88
2025.7.1 0:41:02.280,32.1,64.1,26.88
2025.7.1 0:41:03.292,31.6,68,26.88
2025.7.1 0:41:04.284,32.1,64.5,26.94
2025.7.1 0:41:05.274,31.5,68,26.94
2025.7.1 0:41:06.298,30.9,71.9,26.94
2025.7.1 0:41:07.283,30.9,69.3,26.94
2025.7.1 0:41:08.287,31.4,66.9,26.94
2025.7.1 0:41:09.286,30.9,69.8,27.06
2025.7.1 0:41:10.283,29.5,88,26.94
2025.7.1 0:41:11.288,29.3,88.9,27
2025.7.1 0:41:12.285,28.8,90.5,27
2025.7.1 0:41:13.295,29.2,87.6,26.94
2025.7.1 0:41:14.296,28.9,88.5,27
2025.7.1 0:41:15.298,28.7,89.7,26.94
2025.7.1 0:41:16.307,28.8,90.5,26.94
2025.7.1 0:41:17.303,28.3,91.3,27
2025.7.1 0:41:18.295,28.3,90.6,26.94
2025.7.1 0:41:19.289,28.3,90.5,26.94
2025.7.1 0:41:20.298,28.3,91,26.94
2025.7.1 0:41:22.304,28.7,90.7,27
2025.7.1 0:41:23.302,28.7,91.5,27
2025.7.1 0:41:24.315,28.3,92.4,26.94
2025.7.1 0:41:25.307,28.5,92.6,26.94
2025.7.1 0:41:26.303,28.3,92.9,26.94
2025.7.1 0:41:27.313,28,93.7,26.94
2025.7.1 0:41:28.308,28,95,26.94
2025.7.1 0:41:29.330,28,96.4,26.94
2025.7.1 0:41:30.321,28,96.2,26.94
2025.7.1 0:41:31.305,27.8,96.7,26.88
2025.7.1 0:41:32.321,27.5,97.5,26.88
2025.7.1 0:41:33.317,27.6,97.1,26.88
2025.7.1 0:41:34.314,27.4,97.1,26.88
2025.7.1 0:41:35.330,27.3,97.5,26.81
2025.7.1 0:41:36.329,27.1,97.8,26.81
2025.7.1 0:41:38.328,27.2,97.1,26.81
2025.7.1 0:41:39.332,27.2,96.9,26.75
2025.7.1 0:41:40.342,27.3,96.9,26.75
2025.7.1 0:41:41.329,27.2,96.9,26.69
2025.7.1 0:41:42.324,27.2,97.1,26.69
2025.7.1 0:41:43.345,27.1,97.4,26.69
2025.7.1 0:41:44.330,26.9,98,26.69
2025.7.1 0:41:45.337,26.6,98.4,26.69
2025.7.1 0:41:46.340,26.7,98.9,26.63
2025.7.1 0:41:47.335,26.5,99.2,26.63
2025.7.1 0:41:48.343,26.5,99.1,26.63
2025.7.1 0:41:49.344,26.5,99.5,26.56
2025.7.1 0:41:50.333,26.5,98.9,26.56
2025.7.1 0:41:51.344,26.6,99.3,26.56
2025.7.1 0:41:52.342,26.6,99.1,26.5
2025.7.1 0:41:53.347,26.6,98.5,26.5
2025.7.1 0:41:54.347,26.6,98.5,26.5
2025.7.1 0:41:55.355,26.6,98.5,26.44
2025.7.1 0:41:56.358,26.5,98.2,26.5
2025.7.1 0:41:57.349,26.4,99.2,26.44
2025.7.1 0:41:58.345,26.6,98.5,26.44
2025.7.1 0:41:59.365,26.5,98.9,26.44
2025.7.1 0:42:00.349,26.2,99.4,26.38
2025.7.1 0:42:01.369,26.2,99.4,26.38
2025.7.1 0:42:02.365,26.2,99.7,26.38
2025.7.1 0:42:03.350,26,99.9,26.31
2025.7.1 0:42:04.361,26,99.9,26.31
2025.7.1 0:42:05.362,26.2,99.9,26.31
2025.7.1 0:42:06.353,26.4,99.8,26.31
2025.7.1 0:42:07.368,26.2,99.3,26.31
2025.7.1 0:42:08.362,26,99.9,26.31
2025.7.1 0:42:09.382,26.1,99.7,26.25
2025.7.1 0:42:10.367,26,99.9,26.25
2025.7.1 0:42:11.363,26,99.9,26.25
2025.7.1 0:42:12.375,25.9,99.9,26.25
2025.7.1 0:42:13.372,25.6,99.9,26.19
2025.7.1 0:42:14.366,25.5,99.9,26.19
2025.7.1 0:42:15.374,25.5,99.9,26.19
2025.7.1 0:42:16.367,25.6,99.9,26.13
2025.7.1 0:42:17.375,25.7,99.8,26.13
2025.7.1 0:42:18.379,25.7,99.8,26.13
2025.7.1 0:42:19.374,25.5,99.9,26.13
2025.7.1 0:42:20.391,25.5,99.9,26.13
2025.7.1 0:42:21.378,25.5,99.9,26.06
2025.7.1 0:42:22.375,25.5,99.9,26.06
2025.7.1 0:42:23.385,25.5,99.9,26
2025.7.1 0:42:24.381,25.5,99.9,26.06
2025.7.1 0:42:25.390,25.4,99.9,26
2025.7.1 0:42:26.386,25.2,99.9,25.94
2025.7.1 0:42:27.380,25.2,99.9,25.94
2025.7.1 0:42:28.399,25,99.9,25.94
2025.7.1 0:42:29.389,25,99.9,25.88
2025.7.1 0:42:30.393,24.8,99.9,25.88
2025.7.1 0:42:31.398,24.7,99.9,25.88
2025.7.1 0:42:32.389,24.4,99.9,25.81
2025.7.1 0:42:33.385,24.3,99.9,25.75
2025.7.1 0:42:34.405,24.4,99.9,25.75
2025.7.1 0:42:35.389,24.2,99.9,25.69
2025.7.1 0:42:36.389,24.3,99.9,25.69
2025.7.1 0:42:37.404,24.4,99.9,25.63
2025.7.1 0:42:38.393,24.4,99.9,25.63
2025.7.1 0:42:39.401,24.2,99.9,25.63
2025.7.1 0:42:40.398,24.3,99.9,25.56
2025.7.1 0:42:41.398,23.9,99.9,25.56
2025.7.1 0:42:42.408,24,99.9,25.5
2025.7.1 0:42:43.409,24.1,99.9,25.5
2025.7.1 0:42:44.408,23.9,99.9,25.5
2025.7.1 0:42:45.418,23.8,99.9,25.44
2025.7.1 0:42:46.405,24,99.9,25.44
2025.7.1 0:42:47.418,23.9,99.9,25.38
2025.7.1 0:42:48.410,23.7,99.9,25.31
2025.7.1 0:42:49.412,23.8,99.9,25.31
2025.7.1 0:42:50.421,24.1,99.9,25.31
2025.7.1 0:42:51.407,23.8,99.9,25.25
2025.7.1 0:42:52.414,23.9,99.9,25.25
2025.7.1 0:42:53.428,24,99.9,25.25
2025.7.1 0:42:54.423,23.9,99.9,25.19
2025.7.1 0:42:55.422,23.8,99.9,25.19
2025.7.1 0:42:56.424,23.9,99.9,25.19
2025.7.1 0:42:57.417,23.9,99.9,25.13
2025.7.1 0:42:58.436,23.9,99.9,25.13
2025.7.1 0:42:59.429,24.1,99.9,25.06
2025.7.1 0:43:00.422,24,99.9,25.13
2025.7.1 0:43:01.437,24.2,99.9,25.06
2025.7.1 0:43:02.425,24.2,99.9,25.06
2025.7.1 0:43:03.432,24.2,99.9,25.06
2025.7.1 0:43:04.431,24.2,99.9,25
2025.7.1 0:43:05.431,24.1,99.9,25
2025.7.1 0:43:06.433,24.1,99.9,25
2025.7.1 0:43:07.433,24.2,99.9,25
2025.7.1 0:43:08.429,24.2,99.9,24.94
2025.7.1 0:43:09.446,24.4,99.9,25
2025.7.1 0:43:10.431,24.2,99.9,24.94
2025.7.1 0:43:11.433,24.3,99.9,24.94
2025.7.1 0:43:12.440,24.4,99.9,24.94
2025.7.1 0:43:13.435,24.2,99.9,25
2025.7.1 0:43:14.453,24.4,99.9,24.88
2025.7.1 0:43:15.448,24.4,99.9,24.88
2025.7.1 0:43:16.443,24.5,99.9,24.94
2025.7.1 0:43:17.439,24.7,99.9,24.94
2025.7.1 0:43:18.442,24.7,99.9,24.94
2025.7.1 0:43:19.440,24.9,99.9,24.88
2025.7.1 0:43:20.441,25,99.9,24.88
2025.7.1 0:43:21.453,25.1,99.9,24.94
2025.7.1 0:43:22.442,25.2,99.9,24.88
2025.7.1 0:43:23.453,25.2,99.9,24.88
2025.7.1 0:43:24.447,25.4,99.9,24.88
2025.7.1 0:43:25.455,25.5,99.9,24.88
2025.7.1 0:43:26.454,26,99.9,24.88
2025.7.1 0:43:27.454,26.5,99.8,24.88
2025.7.1 0:43:28.453,33.5,67.2,24.88
2025.7.1 0:43:29.455,36.1,54.5,24.94
2025.7.1 0:43:30.463,29.4,81.6,24.94
2025.7.1 0:43:31.458,29.9,85.9,24.94
2025.7.1 0:43:32.459,33.5,67.7,25
2025.7.1 0:43:33.467,33.6,62.2,25.06
2025.7.1 0:43:34.457,35.2,54.8,25
2025.7.1 0:43:35.468,36,53,25
2025.7.1 0:43:36.465,35.9,52.9,25
2025.7.1 0:43:37.465,36.8,50.2,25.06
2025.7.1 0:43:38.464,35.2,51.1,25.06
2025.7.1 0:43:39.472,33.2,58.5,25.13
2025.7.1 0:43:40.474,34,57.2,25.13
2025.7.1 0:43:41.466,31.7,61.9,25.19
2025.7.1 0:43:42.477,31.8,61.2,25.19
2025.7.1 0:43:43.471,31.3,65,25.25
2025.7.1 0:43:44.472,31.3,66.9,25.25
2025.7.1 0:43:45.482,32.1,63.7,25.31
2025.7.1 0:43:46.486,32.1,61.9,25.38
2025.7.1 0:43:47.476,30.3,71.5,25.38
2025.7.1 0:43:48.476,29.2,86.4,25.38
2025.7.1 0:43:49.476,29.1,90.5,25.38
2025.7.1 0:43:50.477,29.5,90,25.38
2025.7.1 0:43:51.484,28.5,92.7,25.38
2025.7.1 0:43:52.481,28.5,93.9,25.38
2025.7.1 0:43:54.480,29,91.5,25.44
2025.7.1 0:43:55.484,30.2,84.4,25.5
2025.7.1 0:43:56.481,30.2,82.4,25.5
2025.7.1 0:43:57.482,30.2,85.8,25.56
2025.7.1 0:43:58.490,30.6,79.6,25.56
2025.7.1 0:43:59.487,30.6,79.6,25.56
2025.7.1 0:44:00.486,30.7,75.7,25.63
2025.7.1 0:44:01.488,29.8,80.1,25.63
2025.7.1 0:44:02.491,30.5,76.9,25.69
2025.7.1 0:44:03.494,31.4,74,25.69
2025.7.1 0:44:04.495,31.6,70.7,25.81
2025.7.1 0:44:05.493,31.4,71.3,25.88
2025.7.1 0:44:06.495,32.3,67,25.88
2025.7.1 0:44:07.498,31.5,68.8,25.94
2025.7.1 0:44:08.500,31.8,68.1,26
2025.7.1 0:44:09.502,32.6,65.6,26
2025.7.1 0:44:10.498,32.3,67.2,26
2025.7.1 0:44:11.509,32.9,62.8,26.13
2025.7.1 0:44:12.511,31.3,70.2,26.13
2025.7.1 0:44:13.507,30.5,74.6,26.13
2025.7.1 0:44:14.507,31.2,72.6,26.13
2025.7.1 0:44:15.515,30.3,76.9,26.13
2025.7.1 0:44:16.512,30.1,78.7,26.13
2025.7.1 0:44:17.510,30.4,77.5,26.19
2025.7.1 0:44:18.523,29.9,80.3,26.19
2025.7.1 0:44:19.512,31,75.5,26.13
2025.7.1 0:44:20.516,30.6,74.2,26.25
2025.7.1 0:44:21.513,30.7,75,26.19
2025.7.1 0:44:22.516,30.5,75.9,26.13
2025.7.1 0:44:23.517,31.9,70.5,26.19
2025.7.1 0:44:24.518,33.1,62.9,26.31
2025.7.1 0:44:25.521,32.9,61.9,26.38
2025.7.1 0:44:26.522,32.3,65.1,26.31
2025.7.1 0:44:27.529,32.4,64.3,26.38
2025.7.1 0:44:28.532,32.4,63.5,26.44
2025.7.1 0:44:29.532,32.9,62.2,26.44
2025.7.1 0:44:30.524,33.1,60.6,26.44
2025.7.1 0:44:31.530,32.7,60.3,26.56
2025.7.1 0:44:32.540,33.4,58.4,26.56
2025.7.1 0:44:33.529,33.1,59.3,26.56
2025.7.1 0:44:34.529,31.7,63.6,26.56
2025.7.1 0:44:35.531,31.6,65.3,26.56
2025.7.1 0:44:36.529,31.3,64.7,26.56
2025.7.1 0:44:37.532,31.7,63.8,26.63
2025.7.1 0:44:38.533,30.8,69.9,26.56
2025.7.1 0:44:39.536,30.2,74.3,26.56
2025.7.1 0:44:40.548,30,76.3,26.56
2025.7.1 0:44:41.540,29.6,79,26.56
2025.7.1 0:44:42.540,32.2,65.1,26.63
2025.7.1 0:44:43.538,29.8,74.2,26.56
2025.7.1 0:44:44.541,29.5,79.1,26.56
2025.7.1 0:44:45.540,29.4,80.4,26.56
2025.7.1 0:44:46.540,29.3,81,26.56
2025.7.1 0:44:47.552,29.3,81.9,26.56
2025.7.1 0:44:48.542,29.1,82.2,26.56
2025.7.1 0:44:49.555,29.9,81.4,26.56
2025.7.1 0:44:50.552,29.4,81.3,26.56
2025.7.1 0:44:51.557,29.3,80.3,26.5
2025.7.1 0:44:52.561,30.6,74.5,26.56
2025.7.1 0:44:53.549,30.5,74.8,26.56
2025.7.1 0:44:54.552,30.1,73.7,26.63
2025.7.1 0:44:55.555,29.9,71.9,26.63
2025.7.1 0:44:56.551,30,71.3,26.63
2025.7.1 0:44:57.563,30.1,70.5,26.56
2025.7.1 0:44:58.552,30.4,68.8,26.63
2025.7.1 0:44:59.567,30.1,70.6,26.63
2025.7.1 0:45:00.568,29.9,71.4,26.63
2025.7.1 0:45:01.568,30.1,69.4,26.69
2025.7.1 0:45:02.569,30.3,68.7,26.63
2025.7.1 0:45:03.560,30.1,69.3,26.63
2025.7.1 0:45:04.566,29.5,72.2,26.63
2025.7.1 0:45:05.564,29.3,73.4,26.63
2025.7.1 0:45:06.569,29.2,74.1,26.69
2025.7.1 0:45:07.566,29.4,74.4,26.63
2025.7.1 0:45:08.581,29.3,75.7,26.56
2025.7.1 0:45:09.572,29,76.9,26.56
2025.7.1 0:45:10.591,28.8,78,26.56
2025.7.1 0:45:11.577,28.6,80.2,26.56
2025.7.1 0:45:12.576,28.5,80,26.56
2025.7.1 0:45:13.584,28.1,83.3,26.56
2025.7.1 0:45:14.577,28,85.6,26.5
2025.7.1 0:45:15.596,28.1,85.2,26.5
2025.7.1 0:45:16.594,28,85.2,26.44
2025.7.1 0:45:17.604,28,85,26.5
2025.7.1 0:45:18.598,27.7,85.5,26.44
2025.7.1 0:45:19.587,27.7,88.3,26.44
2025.7.1 0:45:20.595,27.6,89.5,26.44
2025.7.1 0:45:21.593,27.6,90.3,26.44
2025.7.1 0:45:22.599,27.4,91.2,26.44
2025.7.1 0:45:23.592,27.3,92,26.38
2025.7.1 0:45:24.600,27.1,92.4,26.38
2025.7.1 0:45:25.606,27.1,91.9,26.38
2025.7.1 0:45:26.609,27.1,91.7,26.31
2025.7.1 0:45:27.608,27.1,92.3,26.31
2025.7.1 0:45:28.599,27,93,26.31
2025.7.1 0:45:29.609,26.9,93.4,26.31
2025.7.1 0:45:30.602,27,93.2,26.31
2025.7.1 0:45:31.605,27,93.9,26.31
2025.7.1 0:45:32.611,27.1,94.8,26.31
2025.7.1 0:45:33.619,27,94.8,26.25
2025.7.1 0:45:34.616,26.9,94.4,26.25
2025.7.1 0:45:35.609,26.8,94,26.25
2025.7.1 0:45:36.621,26.6,93.8,26.19
2025.7.1 0:45:37.619,26.6,93.3,26.25
2025.7.1 0:45:38.616,26.7,92.6,26.19
2025.7.1 0:45:39.624,26.7,92.5,26.19
2025.7.1 0:45:40.621,26.7,92.3,26.19
2025.7.1 0:45:41.622,26.6,92.8,26.19
2025.7.1 0:45:42.636,26.5,93.1,26.19
2025.7.1 0:45:43.627,26.4,93.5,26.13
2025.7.1 0:45:44.632,26.4,93.3,26.13
2025.7.1 0:45:45.623,26.4,93.6,26.06
2025.7.1 0:45:46.626,26.4,94.3,26
2025.7.1 0:45:47.622,26.4,94.4,26.06
2025.7.1 0:45:48.622,26.3,95.1,26
2025.7.1 0:45:49.636,26.2,95.7,26
2025.7.1 0:45:50.626,26.2,95.8,25.94
2025.7.1 0:45:51.639,26.2,96.4,25.94
2025.7.1 0:45:52.626,26.1,97,25.94
2025.7.1 0:45:53.636,26,97,25.94
2025.7.1 0:45:54.636,26.2,97.5,25.94
2025.7.1 0:45:55.638,25.9,97.9,25.88
2025.7.1 0:45:56.633,25.8,98.5,25.88
2025.7.1 0:45:58.646,30.8,73.6,25.13
2025.7.1 0:45:59.648,30.4,79,25.19
2025.7.1 0:46:00.645,29.9,78.8,25.19
2025.7.1 0:46:01.636,30.1,75.7,25.19
2025.7.1 0:46:02.636,30.7,76,25.19
2025.7.1 0:46:03.639,30.8,76.3,25.25
2025.7.1 0:46:04.639,32.3,68.4,25.31
2025.7.1 0:46:05.644,32.5,65.6,25.31
2025.7.1 0:46:06.654,31.5,70.9,25.38
2025.7.1 0:46:07.645,31.1,75.6,25.44
2025.7.1 0:46:08.648,31.3,71.4,25.44
2025.7.1 0:46:09.656,32.5,68.4,25.5
2025.7.1 0:46:10.646,32.2,67.4,25.56
2025.7.1 0:46:11.662,32.5,64.9,25.56
2025.7.1 0:46:12.654,32.6,65.3,25.63
2025.7.1 0:46:13.668,31.2,72.3,25.56
2025.7.1 0:46:14.662,30.5,74.5,25.63
2025.7.1 0:46:15.651,30.1,77.9,25.63
2025.7.1 0:46:16.662,31.6,73.6,25.63
2025.7.1 0:46:17.667,33,63.5,25.75
2025.7.1 0:46:18.655,33.5,60.9,25.75
2025.7.1 0:46:19.674,33.4,60.8,25.81
2025.7.1 0:46:20.661,33.4,59.3,25.81
2025.7.1 0:46:21.676,33.4,58.7,25.88
2025.7.1 0:46:22.669,33.8,57.2,26
2025.7.1 0:46:23.673,33.8,57.4,25.94
2025.7.1 0:46:24.671,34.6,55.6,26
2025.7.1 0:46:25.680,34.4,56.3,26.06
2025.7.1 0:46:26.666,34.1,56,26.06
2025.7.1 0:46:27.684,32.8,62.4,26.13
2025.7.1 0:46:28.679,31.8,69,26.13
2025.7.1 0:46:29.670,31.2,72.7,26.13
2025.7.1 0:46:30.671,32.2,69.4,26.13
2025.7.1 0:46:31.684,31.4,69.2,26.19
2025.7.1 0:46:32.681,30.3,73.1,26.19
2025.7.1 0:46:33.693,30.1,75.1,26.19
2025.7.1 0:46:34.687,30,75.3,26.19
2025.7.1 0:46:35.685,30,76.5,26.13
2025.7.1 0:46:36.682,29.6,77.1,26.13
2025.7.1 0:46:37.700,29.9,77.1,26.13
2025.7.1 0:46:38.690,30.2,74.7,26.13
2025.7.1 0:46:39.684,32.2,63.7,26.19
2025.7.1 0:46:40.693,31.2,66.2,26.19
2025.7.1 0:46:41.700,31.2,68,26.19
2025.7.1 0:46:42.685,30.8,70.3,26.25
2025.7.1 0:46:43.702,30.5,68.7,26.25
2025.7.1 0:46:44.697,31.5,64.9,26.25
2025.7.1 0:46:45.713,32.6,59.9,26.31
2025.7.1 0:46:46.698,31.1,65,26.25
2025.7.1 0:46:47.703,31.6,64.7,26.31
2025.7.1 0:46:48.715,32.4,60.3,26.38
2025.7.1 0:46:49.695,32.3,59.6,26.38
2025.7.1 0:46:50.705,31.4,60.8,26.38
2025.7.1 0:46:51.702,30.9,63.9,26.31
2025.7.1 0:46:52.704,30,68.7,26.38
2025.7.1 0:46:53.700,29.8,72.6,26.31
2025.7.1 0:46:54.709,29.5,73.8,26.31
2025.7.1 0:46:55.703,29.6,73.7,26.31
2025.7.1 0:46:56.708,29.6,73.9,26.31
2025.7.1 0:46:57.709,29.4,76.1,26.31
2025.7.1 0:46:58.713,29.4,76.3,26.31
2025.7.1 0:46:59.714,29.4,77.3,26.31
2025.7.1 0:47:00.715,29.3,77.9,26.38
2025.7.1 0:47:01.707,29.3,77.5,26.31
2025.7.1 0:47:02.715,29.1,77.3,26.25
2025.7.1 0:47:03.723,29.2,78.1,26.31
2025.7.1 0:47:04.720,29.6,76.9,26.31
2025.7.1 0:47:05.719,29.7,74.2,26.31
2025.7.1 0:47:06.715,29.4,76.2,26.25
2025.7.1 0:47:07.720,29.2,75.7,26.25
2025.7.1 0:47:08.722,29.2,77.5,26.25
2025.7.1 0:47:09.726,29.4,77.6,26.31
2025.7.1 0:47:10.725,29.1,78.8,26.25
2025.7.1 0:47:11.724,28.9,78.6,26.25
2025.7.1 0:47:12.719,28.5,81.3,26.25
2025.7.1 0:47:13.738,28.4,83.6,26.25
2025.7.1 0:47:14.726,28.3,85.7,26.25
2025.7.1 0:47:15.732,28.3,84.4,26.31
2025.7.1 0:47:16.733,28.2,82.4,26.25
2025.7.1 0:47:17.737,28,82.6,26.25
2025.7.1 0:47:18.747,28,83,26.25
2025.7.1 0:47:19.734,28.1,82.1,26.25
2025.7.1 0:47:20.739,28.2,82.4,26.19
2025.7.1 0:47:21.741,28,83,26.19
2025.7.1 0:47:22.744,27.9,84.4,26.19
2025.7.1 0:47:23.748,27.8,86.2,26.19
2025.7.1 0:47:25.737,27.2,91.6,26.06
2025.7.1 0:47:26.761,27.1,91.6,26.06
2025.7.1 0:47:27.746,27,91.9,26
2025.7.1 0:47:28.753,27,93,26
2025.7.1 0:47:29.753,27,93,26
2025.7.1 0:47:30.744,26.9,92.9,25.94
2025.7.1 0:47:31.760,26.9,93,26
2025.7.1 0:47:32.753,26.9,93.1,25.94
2025.7.1 0:47:33.758,26.9,96.2,25.94
2025.7.1 0:47:34.758,26.6,98.7,25.88
2025.7.1 0:47:35.756,26.4,99.3,25.94
2025.7.1 0:47:36.761,26.3,99.9,25.88
2025.7.1 0:47:37.769,26.4,99.9,25.88
2025.7.1 0:47:38.767,26.3,99.9,25.88
2025.7.1 0:47:39.772,26.2,99.8,25.88
2025.7.1 0:47:40.765,26.2,99.9,25.88
2025.7.1 0:47:41.756,26.2,99.9,25.81
2025.7.1 0:47:42.772,26.1,99.9,25.81
2025.7.1 0:47:43.765,25.7,99.9,25.81
2025.7.1 0:47:44.775,25.2,99.9,25.81
2025.7.1 0:47:45.765,25,99.9,25.81
2025.7.1 0:47:46.767,24.9,99.9,25.81
2025.7.1 0:47:47.785,24.1,99.9,25.75
2025.7.1 0:47:48.772,23.7,99.9,25.75
2025.7.1 0:47:49.767,23.9,99.9,25.75
2025.7.1 0:47:50.776,24.1,99.9,25.69
2025.7.1 0:47:51.774,24.4,99.9,25.69
2025.7.1 0:47:52.782,24.3,99.9,25.63
2025.7.1 0:47:53.788,24.4,99.9,25.63
2025.7.1 0:47:54.786,24.7,99.9,25.63
2025.7.1 0:47:55.796,24.6,99.9,25.63
2025.7.1 0:47:56.782,24.6,99.9,25.63
2025.7.1 0:47:57.775,24.5,99.9,25.63
2025.7.1 0:47:58.788,24.4,99.9,25.56
2025.7.1 0:47:59.783,24.5,99.9,25.56
2025.7.1 0:48:00.798,24.5,99.9,25.56
2025.7.1 0:48:01.799,24.4,99.9,25.5
2025.7.1 0:48:02.788,24.4,99.9,25.5
2025.7.1 0:48:03.798,24.3,99.9,25.5
2025.7.1 0:48:04.787,24.4,99.9,25.44
2025.7.1 0:48:05.789,24.4,99.9,25.44
2025.7.1 0:48:06.798,24.4,99.9,25.44
2025.7.1 0:48:07.797,24.4,99.9,25.44
2025.7.1 0:48:08.799,24.4,99.9,25.44
2025.7.1 0:48:09.810,24.3,99.9,25.38
2025.7.1 0:48:10.797,24.4,99.9,25.38
2025.7.1 0:48:11.815,24.4,99.9,25.38
2025.7.1 0:48:12.808,24.4,99.9,25.31
2025.7.1 0:48:13.806,24.3,99.9,25.31
2025.7.1 0:48:14.817,24.3,99.9,25.31
2025.7.1 0:48:15.808,24.3,99.9,25.31
2025.7.1 0:48:16.816,24.3,99.9,25.31
2025.7.1 0:48:17.811,24.2,99.9,25.25
2025.7.1 0:48:18.818,24.2,99.9,25.25
2025.7.1 0:48:19.816,24.2,99.9,25.25
2025.7.1 0:48:20.815,24.2,99.9,25.25
2025.7.1 0:48:21.817,23.7,99.9,25.19
2025.7.1 0:48:22.820,23.5,99.9,25.25
2025.7.1 0:48:23.827,23.5,99.9,25.19
2025.7.1 0:48:24.822,23.6,99.9,25.13
2025.7.1 0:48:25.823,23.7,99.9,25.19
2025.7.1 0:48:26.810,23.7,99.9,25.19
2025.7.1 0:48:27.827,23.6,99.9,25.13
2025.7.1 0:48:28.825,23.7,99.9,25.13
2025.7.1 0:48:29.827,23.7,99.9,25.13
2025.7.1 0:48:30.827,23.7,99.9,25.13
2025.7.1 0:48:31.836,23.8,99.9,25.06
2025.7.1 0:48:32.818,23.8,99.9,25.06
2025.7.1 0:48:33.831,23.8,99.9,25
2025.7.1 0:48:34.836,23.8,99.9,25.06
2025.7.1 0:48:35.842,23.8,99.9,25
2025.7.1 0:48:36.833,23.8,99.9,25.06
2025.7.1 0:48:37.827,23.8,99.9,25
2025.7.1 0:48:38.838,23.8,99.9,25
2025.7.1 0:48:39.836,23.8,99.9,24.94
2025.7.1 0:48:40.852,23.7,99.9,24.94
2025.7.1 0:48:41.841,23.8,99.9,24.94
2025.7.1 0:48:42.838,23.9,99.9,24.88
2025.7.1 0:48:43.847,23.7,99.9,24.94
2025.7.1 0:48:44.845,23.7,99.9,24.88
2025.7.1 0:48:45.841,23.6,99.9,24.88
2025.7.1 0:48:46.854,23.7,99.9,24.88
2025.7.1 0:48:47.846,23.7,99.9,24.94
2025.7.1 0:48:48.852,23.6,99.9,24.88
2025.7.1 0:48:49.853,23.8,99.9,24.81
2025.7.1 0:48:50.848,23.7,99.9,24.88
2025.7.1 0:48:51.858,23.7,99.9,24.81
2025.7.1 0:48:52.855,23.7,99.9,24.81
2025.7.1 0:48:53.857,23.6,99.9,24.81
2025.7.1 0:48:54.854,23.6,99.9,24.81
2025.7.1 0:48:55.848,23.6,99.9,24.75
2025.7.1 0:48:56.850,23.5,99.9,24.75
2025.7.1 0:48:57.866,23.5,99.9,24.75
2025.7.1 0:48:58.857,23.4,99.9,24.75
2025.7.1 0:48:59.863,23.3,99.9,24.69
2025.7.1 0:49:00.864,23.2,99.9,24.69
2025.7.1 0:49:01.862,23.3,99.9,24.69
2025.7.1 0:49:02.867,23.3,99.9,24.69
2025.7.1 0:49:03.864,23.3,99.9,24.69
2025.7.1 0:49:04.864,23.3,99.9,24.69
2025.7.1 0:49:05.863,23.3,99.9,24.63
2025.7.1 0:49:06.871,23.2,99.9,24.63
2025.7.1 0:49:07.872,23.3,99.9,24.63
2025.7.1 0:49:08.876,23.3,99.9,24.63
2025.7.1 0:49:09.870,23.3,99.9,24.56
2025.7.1 0:49:10.879,23.4,99.9,24.56
2025.7.1 0:49:11.865,23.3,99.9,24.56
2025.7.1 0:49:12.870,23.4,99.9,24.56
2025.7.1 0:49:13.874,23.5,99.9,24.5
2025.7.1 0:49:14.879,23.5,99.9,24.5
2025.7.1 0:49:15.875,23.6,99.9,24.5
2025.7.1 0:49:16.884,23.7,99.9,24.5
2025.7.1 0:49:17.882,23.7,99.9,24.5
2025.7.1 0:49:18.876,23.8,99.9,24.56
2025.7.1 0:49:19.883,24.2,99.9,24.44
2025.7.1 0:49:20.882,24.4,99.9,24.44
2025.7.1 0:49:21.880,24.9,99.9,24.5
2025.7.1 0:49:22.885,25.6,99.9,24.5
2025.7.1 0:49:23.889,25.1,99.9,24.44
2025.7.1 0:49:24.892,25,99.9,24.44
2025.7.1 0:49:25.885,28.6,99.4,24.5
2025.7.1 0:49:26.882,32.9,85.5,24.5
2025.7.1 0:49:27.901,33.8,67.8,24.56
2025.7.1 0:49:28.894,34,65.2,24.56
2025.7.1 0:49:29.898,34.8,66.6,24.56
2025.7.1 0:49:30.895,33.1,60.9,24.56
2025.7.1 0:49:31.897,32.6,69.6,24.56
2025.7.1 0:49:32.895,33.2,67.6,24.56
2025.7.1 0:49:33.907,32.1,69.7,24.63
2025.7.1 0:49:34.903,28,92,24.63
2025.7.1 0:49:35.903,27.4,93.5,24.63
2025.7.1 0:49:36.911,27.2,95,24.63
2025.7.1 0:49:37.896,27.7,96.2,24.63
2025.7.1 0:49:38.899,28,98.3,24.69
2025.7.1 0:49:39.900,28.3,94.5,24.69
2025.7.1 0:49:40.902,28.1,93.5,24.69
2025.7.1 0:49:41.913,28,97.2,24.69
2025.7.1 0:49:42.905,28.4,96.9,24.75
2025.7.1 0:49:43.908,28.3,93.8,24.75
2025.7.1 0:49:44.911,28,90.7,24.75
2025.7.1 0:49:45.909,28.1,92.2,24.81
2025.7.1 0:49:46.909,28.6,91.7,24.75
2025.7.1 0:49:47.921,28.4,94.2,24.81
2025.7.1 0:49:48.922,28.3,92.2,24.81
2025.7.1 0:49:49.913,28.2,92.9,24.81
2025.7.1 0:49:50.914,28.6,92.5,24.88
2025.7.1 0:49:52.920,28.6,87.3,24.88
2025.7.1 0:49:53.918,29.6,84.7,24.94
2025.7.1 0:49:54.923,30.8,76.5,24.94
2025.7.1 0:49:55.917,30.3,77.6,25
2025.7.1 0:49:56.919,30.4,78.1,25
2025.7.1 0:49:57.922,30,78.6,25
2025.7.1 0:49:58.924,29.8,76.7,25.06
2025.7.1 0:49:59.923,31.4,76.4,25.13
2025.7.1 0:50:00.934,31.1,71.9,25.13
2025.7.1 0:50:01.929,30.6,76.8,25.19
2025.7.1 0:50:02.931,30.6,79,25.19
2025.7.1 0:50:03.932,31.2,79,25.25
2025.7.1 0:50:04.933,32,71.7,25.25
2025.7.1 0:50:05.942,31.5,71.4,25.25
2025.7.1 0:50:06.943,31.2,71.9,25.31
2025.7.1 0:50:07.935,31,72,25.38
2025.7.1 0:50:08.943,31.4,69.5,25.44
2025.7.1 0:50:09.938,32.2,64.3,25.5
2025.7.1 0:50:10.943,31.9,68.2,25.5
2025.7.1 0:50:11.944,31.9,64.8,25.56
2025.7.1 0:50:12.947,32.3,63.8,25.63
2025.7.1 0:50:13.947,32.7,62.5,25.69
2025.7.1 0:50:14.945,33.6,59.8,25.75
2025.7.1 0:50:15.948,33.3,59.1,25.81
2025.7.1 0:50:16.949,33.5,59.2,25.81
2025.7.1 0:50:17.959,34.5,56.4,25.81
2025.7.1 0:50:18.961,32.8,61.2,25.88
2025.7.1 0:50:19.954,32.2,62.8,25.94
2025.7.1 0:50:20.956,32.4,64.1,25.94
2025.7.1 0:50:21.954,32.2,65.2,26
2025.7.1 0:50:22.957,31.9,67.9,26
2025.7.1 0:50:23.964,31.3,70,26.06
2025.7.1 0:50:24.969,31.4,70.3,26.06
2025.7.1 0:50:25.969,31.8,68.7,26.06
2025.7.1 0:50:26.972,31.7,68.6,26.06
2025.7.1 0:50:27.960,31.2,71,26.06
2025.7.1 0:50:28.971,32.8,63.6,26.13
2025.7.1 0:50:29.964,32.3,63,26.19
2025.7.1 0:50:30.976,32.4,63.6,26.25
2025.7.1 0:50:31.973,32.8,62.6,26.25
2025.7.1 0:50:32.977,32.7,60.1,26.25
2025.7.1 0:50:33.972,33,61,26.25
2025.7.1 0:50:34.982,34,58.5,26.31
2025.7.1 0:50:35.976,32.1,67.3,26.31
2025.7.1 0:50:36.977,31.8,69.9,26.31
2025.7.1 0:50:37.983,31.1,70.8,26.31
2025.7.1 0:50:38.974,29.5,87,26.38
2025.7.1 0:50:39.987,29.8,88.6,26.38
2025.7.1 0:50:40.976,29.8,88.9,26.31
2025.7.1 0:50:41.988,29.7,90.5,26.38
2025.7.1 0:50:42.984,29.5,90.8,26.38
2025.7.1 0:50:43.983,29.8,90,26.31
2025.7.1 0:50:44.994,29.9,90.1,26.38
2025.7.1 0:50:45.990,30.1,87.8,26.38
2025.7.1 0:50:46.988,29.7,89.5,26.44
2025.7.1 0:50:47.991,29.3,91,26.38
2025.7.1 0:50:48.992,29.9,87.7,26.44
2025.7.1 0:50:49.993,29.7,88.6,26.38
2025.7.1 0:50:50.992,29.7,87.9,26.38
2025.7.1 0:50:51.996,29.8,88.9,26.44
2025.7.1 0:50:52.995,29.8,90.7,26.38
2025.7.1 0:50:53.995,30,91.6,26.44
2025.7.1 0:50:55.004,30.4,88.3,26.44
2025.7.1 0:50:55.998,30.6,89.9,26.44
2025.7.1 0:50:56.998,29.9,90.4,26.44
2025.7.1 0:50:58.012,29.4,90,26.5
2025.7.1 0:50:59.002,29,91.8,26.44
2025.7.1 0:51:00.012,28.7,90,26.44
2025.7.1 0:51:01.005,28.7,87.5,26.44
2025.7.1 0:51:02.012,28.7,88,26.44
2025.7.1 0:51:03.012,28.7,88.3,26.44
2025.7.1 0:51:04.009,28.7,86.6,26.44
2025.7.1 0:51:05.009,28.6,85.6,26.44
2025.7.1 0:51:06.015,27.9,95.1,26.44
2025.7.1 0:51:07.013,27.9,96.5,26.38
2025.7.1 0:51:08.011,28,96.8,26.31
2025.7.1 0:51:09.014,28,97.1,26.38
2025.7.1 0:51:10.014,27.8,97.7,26.38
2025.7.1 0:51:11.017,27.6,99.9,26.38
2025.7.1 0:51:12.017,27.7,98.8,26.38
2025.7.1 0:51:13.027,27.9,98.4,26.38
2025.7.1 0:51:14.020,27.4,99.9,26.38
2025.7.1 0:51:15.027,26.8,99.9,26.38
2025.7.1 0:51:16.026,27.1,99.9,26.38
2025.7.1 0:51:17.024,27,99.9,26.31
2025.7.1 0:51:18.034,26.8,99.9,26.38
2025.7.1 0:51:19.025,26.9,99.9,26.31
2025.7.1 0:51:20.026,26.6,99.9,26.31
2025.7.1 0:51:21.027,26.6,99.9,26.25
2025.7.1 0:51:22.030,26.6,99.9,26.25
2025.7.1 0:51:23.035,26.2,99.9,26.25
2025.7.1 0:51:24.036,25.7,99.9,26.25
2025.7.1 0:51:25.040,25.6,99.9,26.13
2025.7.1 0:51:26.033,25.4,99.9,26.13
2025.7.1 0:51:27.031,25.3,99.9,26.13
2025.7.1 0:51:28.037,25.2,99.9,26.13
2025.7.1 0:51:29.048,25.1,99.9,26.13
2025.7.1 0:51:30.037,25.2,99.9,26.13
2025.7.1 0:51:31.052,25.2,99.9,26.06
2025.7.1 0:51:32.042,25.2,99.9,26.06
2025.7.1 0:51:33.052,25.3,99.9,26
2025.7.1 0:51:34.047,25.4,99.9,26
2025.7.1 0:51:35.045,25.2,99.9,26
2025.7.1 0:51:36.044,25.2,99.9,25.94
2025.7.1 0:51:37.048,25.4,99.9,25.94
2025.7.1 0:51:38.050,25.5,99.9,25.94
2025.7.1 0:51:39.062,25.5,99.9,25.94
2025.7.1 0:51:40.057,25.5,99.9,25.94
2025.7.1 0:51:41.065,25.4,99.9,25.88
2025.7.1 0:51:42.069,25,99.9,25.88
2025.7.1 0:51:43.067,24.7,99.9,25.88
2025.7.1 0:51:44.066,24.5,99.9,25.81
2025.7.1 0:51:45.068,24.4,99.9,25.81
2025.7.1 0:51:46.071,24.2,99.9,25.75
2025.7.1 0:51:47.062,24.1,99.9,25.75
2025.7.1 0:51:48.073,23.9,99.9,25.69
2025.7.1 0:51:49.072,23.7,99.9,25.69
2025.7.1 0:51:50.062,23.6,99.9,25.63
2025.7.1 0:51:51.076,23.5,99.9,25.63
2025.7.1 0:51:52.077,23.3,99.9,25.56
2025.7.1 0:51:53.069,23.3,99.9,25.56
2025.7.1 0:51:54.070,23.2,99.9,25.5
2025.7.1 0:51:55.080,23.3,99.9,25.5
2025.7.1 0:51:56.073,23.3,99.9,25.5
2025.7.1 0:51:57.073,23.3,99.9,25.5
2025.7.1 0:51:58.081,23.4,99.9,25.5
2025.7.1 0:51:59.070,23.5,99.9,25.44
2025.7.1 0:52:00.079,23.5,99.9,25.44
2025.7.1 0:52:01.086,23.6,99.9,25.38
2025.7.1 0:52:02.087,23.4,99.9,25.44
2025.7.1 0:52:03.082,23.4,99.9,25.38
2025.7.1 0:52:04.091,23.5,99.9,25.38
2025.7.1 0:52:05.091,23.4,99.9,25.31
2025.7.1 0:52:06.083,23.4,99.9,25.25
2025.7.1 0:52:07.087,23.4,99.9,25.25
2025.7.1 0:52:08.099,23.4,99.9,25.25
2025.7.1 0:52:09.089,23.5,99.9,25.19
2025.7.1 0:52:10.111,23.5,99.9,25.25
2025.7.1 0:52:11.100,23.7,99.9,25.19
2025.7.1 0:52:12.110,23.6,99.9,25.06
2025.7.1 0:52:13.109,23.6,99.9,25.13
2025.7.1 0:52:14.099,23.5,99.9,25.13
2025.7.1 0:52:15.104,23.6,99.9,25.13
2025.7.1 0:52:16.116,23.6,99.9,25.06
2025.7.1 0:52:17.103,23.4,99.9,25.06
2025.7.1 0:52:18.116,23.4,99.9,25.06
2025.7.1 0:52:19.112,23.6,99.9,25.06
2025.7.1 0:52:20.116,23.5,99.9,25.06
2025.7.1 0:52:21.124,23.4,99.9,25
2025.7.1 0:52:22.115,23.3,99.9,25
2025.7.1 0:52:23.116,23.5,99.9,25
2025.7.1 0:52:24.124,23.4,99.9,25
2025.7.1 0:52:25.117,23.2,99.9,25
2025.7.1 0:52:26.133,23.2,99.9,24.94
2025.7.1 0:52:27.118,23.2,99.9,24.94
2025.7.1 0:52:28.123,23.2,99.9,24.94
2025.7.1 0:52:29.132,23.2,99.9,24.94
2025.7.1 0:52:30.120,23.2,99.9,24.88
2025.7.1 0:52:31.130,23.3,99.9,24.88
2025.7.1 0:52:32.137,23.2,99.9,24.88
2025.7.1 0:52:33.120,23.2,99.9,24.81
2025.7.1 0:52:34.130,23.2,99.9,24.88
2025.7.1 0:52:35.125,23.4,99.9,24.81
2025.7.1 0:52:36.124,23.4,99.9,24.75
2025.7.1 0:52:37.134,23.4,99.9,24.81
2025.7.1 0:52:38.139,23.3,99.9,24.75
2025.7.1 0:52:39.147,23.2,99.9,24.75
2025.7.1 0:52:40.138,23.3,99.9,24.69
2025.7.1 0:52:41.129,23.3,99.9,24.69
2025.7.1 0:52:42.139,23.3,99.9,24.63
2025.7.1 0:52:43.137,23.2,99.9,24.69
2025.7.1 0:52:44.140,23.3,99.9,24.63
2025.7.1 0:52:45.152,23.2,99.9,24.63
2025.7.1 0:52:46.152,23,99.9,24.63
2025.7.1 0:52:47.147,23,99.9,24.63
2025.7.1 0:52:48.147,23.2,99.9,24.56
2025.7.1 0:52:49.144,23.2,99.9,24.56
2025.7.1 0:52:50.154,23.2,99.9,24.56
2025.7.1 0:52:51.148,23.1,99.9,24.56
2025.7.1 0:52:52.161,23.1,99.9,24.5
2025.7.1 0:52:53.163,23.1,99.9,24.5
2025.7.1 0:52:54.153,23.1,99.9,24.5
2025.7.1 0:52:55.158,23.1,99.9,24.44
2025.7.1 0:52:56.150,23,99.9,24.44
2025.7.1 0:52:57.151,23.1,99.9,24.5
2025.7.1 0:52:58.161,23.2,99.9,24.44
2025.7.1 0:52:59.167,23.5,99.9,24.44
2025.7.1 0:53:00.179,24.3,99.9,24.44
2025.7.1 0:53:01.160,25.2,99.9,24.44
2025.7.1 0:53:02.163,25.5,99.9,24.44
2025.7.1 0:53:03.179,25.7,99.9,24.44
2025.7.1 0:53:04.174,27.2,99.9,24.44
2025.7.1 0:53:05.163,27.7,99.9,24.5
2025.7.1 0:53:06.166,27.6,99.9,24.5
2025.7.1 0:53:07.168,25.5,99.9,24.44
2025.7.1 0:53:08.165,24.6,99.9,24.44
2025.7.1 0:53:09.175,24.9,99.9,24.44
2025.7.1 0:53:10.174,28.5,95.5,24.44
2025.7.1 0:53:11.177,29.5,93.1,24.44
2025.7.1 0:53:12.184,30.2,91.4,24.5
2025.7.1 0:53:13.172,30.7,85.7,24.5
2025.7.1 0:53:14.185,28.4,92.5,24.56
2025.7.1 0:53:15.186,30.2,90.7,24.56
2025.7.1 0:53:16.175,30.2,88.6,24.56
2025.7.1 0:53:17.195,30,90.7,24.56
2025.7.1 0:53:18.181,30.5,88.5,24.56
2025.7.1 0:53:19.175,29.4,92.9,24.63
2025.7.1 0:53:20.186,28.5,93.1,24.63
2025.7.1 0:53:21.180,27.4,95.1,24.63
2025.7.1 0:53:22.181,27.8,94.3,24.63
2025.7.1 0:53:23.188,27.4,95.5,24.69
2025.7.1 0:53:24.180,27.3,94,24.75
2025.7.1 0:53:25.191,28.8,90.8,24.75
2025.7.1 0:53:26.190,29.7,83.1,24.75
2025.7.1 0:53:27.203,30.8,83.6,24.81
2025.7.1 0:53:28.186,30.5,78.3,24.81
2025.7.1 0:53:29.192,31.1,78.6,24.88
2025.7.1 0:53:30.199,30.3,80.7,24.88
2025.7.1 0:53:31.205,31.6,76.5,24.88
2025.7.1 0:53:32.197,31.5,73.6,25
2025.7.1 0:53:33.205,31.6,72.7,25
2025.7.1 0:53:34.202,30.7,76.3,25.06
2025.7.1 0:53:35.203,31.8,72.8,25.06
2025.7.1 0:53:36.203,32,66.7,25.19
2025.7.1 0:53:37.198,32.1,66.5,25.25
2025.7.1 0:53:38.206,32.3,62.2,25.25
2025.7.1 0:53:39.205,32.3,64.6,25.31
2025.7.1 0:53:40.201,31,67.8,25.31
2025.7.1 0:53:41.224,31.4,69.9,25.38
2025.7.1 0:53:42.210,31.2,67.8,25.44
2025.7.1 0:53:43.221,31.5,71.5,25.44
2025.7.1 0:53:44.228,32.2,63.9,25.5
2025.7.1 0:53:45.210,33.3,59.4,25.56
2025.7.1 0:53:46.223,32.6,61.2,25.63
2025.7.1 0:53:47.218,32.6,63,25.63
2025.7.1 0:53:48.234,33,59.1,25.75
2025.7.1 0:53:49.225,33.3,56.6,25.75
2025.7.1 0:53:50.228,33.9,57.2,25.81
2025.7.1 0:53:51.233,34,54.6,25.88
2025.7.1 0:53:52.225,33.5,56.4,25.94
2025.7.1 0:53:53.231,34.2,56.2,26
2025.7.1 0:53:54.241,32.6,58.3,26
2025.7.1 0:53:55.228,33.2,57.3,26.06
2025.7.1 0:53:56.225,32.8,62.9,26.06
2025.7.1 0:53:57.237,33.2,60.2,26.13
2025.7.1 0:53:58.231,33.3,61.1,26.19
2025.7.1 0:53:59.250,33.6,58.3,26.25
2025.7.1 0:54:00.245,33.8,57.4,26.25
2025.7.1 0:54:01.231,33.9,58.1,26.31
2025.7.1 0:54:02.233,33.6,60,26.31
2025.7.1 0:54:03.249,33.3,58.7,26.38
2025.7.1 0:54:04.237,33.1,60.2,26.44
2025.7.1 0:54:05.243,33.1,59.5,26.44
2025.7.1 0:54:06.239,33.3,60.9,26.5
2025.7.1 0:54:07.259,33.6,61.1,26.5
2025.7.1 0:54:08.253,33.7,58.7,26.56
2025.7.1 0:54:09.246,33.5,59.6,26.63
2025.7.1 0:54:10.260,33.6,59.1,26.63
2025.7.1 0:54:11.249,33.2,59.5,26.63
2025.7.1 0:54:12.245,33.6,58.5,26.69
2025.7.1 0:54:13.261,32.4,64.1,26.69
2025.7.1 0:54:14.251,33.7,60.4,26.75
2025.7.1 0:54:15.261,16.6,62.3,26.75
2025.7.1 0:54:16.260,32.2,64.8,26.75
2025.7.1 0:54:17.253,31.6,66.5,26.75
2025.7.1 0:54:18.264,31.2,71.2,26.75
2025.7.1 0:54:19.258,31.1,73.1,26.75
2025.7.1 0:54:20.252,30.7,78.5,26.75
2025.7.1 0:54:21.264,30,80.4,26.75
2025.7.1 0:54:22.270,29.5,83.3,26.75
2025.7.1 0:54:23.254,29.3,86,26.75
2025.7.1 0:54:24.265,29,89.4,26.75
2025.7.1 0:54:25.262,29.1,91.1,26.69
2025.7.1 0:54:26.278,28.7,92.2,26.75
2025.7.1 0:54:27.279,28.7,91.1,26.75
2025.7.1 0:54:28.261,28,98.3,26.69
2025.7.1 0:54:29.278,28.3,98.9,26.69
2025.7.1 0:54:30.268,27.9,99.9,26.69
2025.7.1 0:54:31.263,27.7,99.9,26.69
2025.7.1 0:54:32.284,26,99.9,26.63
2025.7.1 0:54:33.269,26.1,99.9,26.69
2025.7.1 0:54:34.292,25.3,99.9,26.63
2025.7.1 0:54:35.286,24.2,99.9,26.63
2025.7.1 0:54:36.277,24.3,99.9,26.63
2025.7.1 0:54:37.288,23.9,99.9,26.56
2025.7.1 0:54:38.279,23.9,99.9,26.5
2025.7.1 0:54:39.272,24.1,99.9,26.44
2025.7.1 0:54:40.293,24.3,99.9,26.44
2025.7.1 0:54:41.279,24.6,99.9,26.44
2025.7.1 0:54:42.291,24.5,99.9,26.44
2025.7.1 0:54:43.278,24.7,99.9,26.38
2025.7.1 0:54:44.280,24.4,99.9,26.38
2025.7.1 0:54:45.291,24.6,99.9,26.25
2025.7.1 0:54:46.288,24.6,99.9,26.31
2025.7.1 0:54:47.288,24.4,99.9,26.31
2025.7.1 0:54:48.290,24.5,99.9,26.25
2025.7.1 0:54:49.300,24.7,99.9,26.25
2025.7.1 0:54:50.282,24.7,99.9,26.19
2025.7.1 0:54:51.299,24.7,99.9,26.19
2025.7.1 0:54:52.292,24.7,99.9,26.19
2025.7.1 0:54:53.298,24.8,99.9,26.13
2025.7.1 0:54:54.294,24.7,99.9,26.06
2025.7.1 0:54:55.294,24.1,99.9,26.06
2025.7.1 0:54:56.299,23.6,99.9,26
2025.7.1 0:54:57.298,23.5,99.9,26
2025.7.1 0:54:58.293,23.2,99.9,26.06
2025.7.1 0:54:59.294,23.1,99.9,25.94
2025.7.1 0:55:00.301,23.1,99.9,26
2025.7.1 0:55:01.306,23.2,99.9,25.88
2025.7.1 0:55:02.308,23.1,99.9,25.88
2025.7.1 0:55:03.303,23.1,99.9,25.81
2025.7.1 0:55:04.318,23.3,99.9,25.81
2025.7.1 0:55:05.307,22.5,99.9,25.75
2025.7.1 0:55:06.303,22.3,99.9,25.69
2025.7.1 0:55:07.322,22.3,99.9,25.63
2025.7.1 0:55:08.319,22.4,99.9,25.63
2025.7.1 0:55:09.327,22.4,99.9,25.56
2025.7.1 0:55:10.324,22.2,99.9,25.56
2025.7.1 0:55:11.319,22,99.9,25.5
2025.7.1 0:55:12.324,22.2,99.9,25.44
2025.7.1 0:55:13.321,22.4,99.9,25.44
2025.7.1 0:55:14.314,22.3,99.9,25.38
2025.7.1 0:55:15.324,22.1,99.9,25.38
2025.7.1 0:55:16.319,22.1,99.9,25.31
2025.7.1 0:55:17.341,22.1,99.9,25.25
2025.7.1 0:55:18.333,22.1,99.9,25.25
2025.7.1 0:55:19.332,22.1,99.9,25.19
2025.7.1 0:55:20.331,22.2,99.9,25.19
2025.7.1 0:55:21.341,22.4,99.9,25.13
2025.7.1 0:55:22.343,22.4,99.9,25.13
2025.7.1 0:55:23.344,22.3,99.9,25.06
2025.7.1 0:55:24.333,22.4,99.9,25.06
2025.7.1 0:55:25.339,22.3,99.9,25.06
2025.7.1 0:55:26.347,22.2,99.9,25
2025.7.1 0:55:27.342,22.1,99.9,25
2025.7.1 0:55:28.343,22.1,99.9,24.94
2025.7.1 0:55:29.349,22.1,99.9,24.94
2025.7.1 0:55:30.345,22.3,99.9,24.88
2025.7.1 0:55:31.347,22.2,99.9,24.88
2025.7.1 0:55:32.339,22.2,99.9,24.88
2025.7.1 0:55:33.347,22.1,99.9,24.81
2025.7.1 0:55:34.352,22,99.9,24.81
2025.7.1 0:55:35.353,22,99.9,24.75
2025.7.1 0:55:36.353,21.8,99.9,24.75
2025.7.1 0:55:37.350,21.8,99.9,24.69
2025.7.1 0:55:38.371,21.6,99.9,24.63
2025.7.1 0:55:39.363,21.4,99.9,24.63
2025.7.1 0:55:40.355,21.6,99.9,24.63
2025.7.1 0:55:41.359,21.8,99.9,24.63
2025.7.1 0:55:42.359,21.8,99.9,24.56
2025.7.1 0:55:43.357,21.6,99.9,24.63
2025.7.1 0:55:44.364,21.5,99.9,24.56
2025.7.1 0:55:45.360,21.5,99.9,24.56
2025.7.1 0:55:46.366,21.5,99.9,24.5
2025.7.1 0:55:47.368,21.5,99.9,24.5
2025.7.1 0:55:48.366,21.6,99.9,24.44
2025.7.1 0:55:49.375,21.7,99.9,24.44
2025.7.1 0:55:50.379,21.8,99.9,24.44
2025.7.1 0:55:51.363,22,99.9,24.31
2025.7.1 0:55:52.373,21.9,99.9,24.31
2025.7.1 0:55:53.371,21.9,99.9,24.38
2025.7.1 0:55:54.364,22,99.9,24.31
2025.7.1 0:55:55.378,21.9,99.9,24.31
2025.7.1 0:55:56.372,21.9,99.9,24.25
2025.7.1 0:55:57.380,21.9,99.9,24.25
2025.7.1 0:55:58.378,22,99.9,24.25
2025.7.1 0:55:59.385,22.1,99.9,24.25
2025.7.1 0:56:00.392,22.1,99.9,24.25
2025.7.1 0:56:01.382,22.1,99.9,24.19
2025.7.1 0:56:02.387,22.2,99.9,24.19
2025.7.1 0:56:03.385,22,99.9,24.19
2025.7.1 0:56:04.384,22.1,99.9,24.06
2025.7.1 0:56:05.394,22,99.9,24.13
2025.7.1 0:56:06.389,21.9,99.9,24.13
2025.7.1 0:56:07.385,22,99.9,24.06
2025.7.1 0:56:08.394,22,99.9,24.06
2025.7.1 0:56:09.393,21.9,99.9,24.06
2025.7.1 0:56:10.403,21.7,99.9,24.06
2025.7.1 0:56:11.406,21.8,99.9,24
2025.7.1 0:56:12.393,21.8,99.9,23.94
2025.7.1 0:56:13.400,21.8,99.9,23.94
2025.7.1 0:56:14.399,21.9,99.9,23.94
2025.7.1 0:56:15.396,22,99.9,23.88
2025.7.1 0:56:16.407,22,99.9,23.88
2025.7.1 0:56:17.396,22,99.9,23.88
2025.7.1 0:56:18.410,22,99.9,23.88
2025.7.1 0:56:19.406,22.1,99.9,23.88
2025.7.1 0:56:20.402,22,99.9,23.88
2025.7.1 0:56:21.395,21.9,99.9,23.81
2025.7.1 0:56:22.416,22,99.9,23.81
2025.7.1 0:56:23.411,21.9,99.9,23.81
2025.7.1 0:56:24.418,21.8,99.9,23.75
2025.7.1 0:56:25.409,21.9,99.9,23.81
2025.7.1 0:56:26.402,21.9,99.9,23.75
2025.7.1 0:56:27.420,21.9,99.9,23.69
2025.7.1 0:56:28.420,21.9,99.9,23.75
2025.7.1 0:56:29.417,21.9,99.9,23.69
2025.7.1 0:56:30.425,21.9,99.9,23.69
2025.7.1 0:56:31.411,22,99.9,23.69
2025.7.1 0:56:32.420,21.9,99.9,23.63
2025.7.1 0:56:33.431,21.9,99.9,23.63
2025.7.1 0:56:34.427,21.8,99.9,23.56
2025.7.1 0:56:35.425,22,99.9,23.56
2025.7.1 0:56:36.420,22,99.9,23.56
2025.7.1 0:56:37.432,22.1,99.9,23.56
2025.7.1 0:56:38.429,22.4,99.9,23.5
2025.7.1 0:56:39.428,22.6,99.9,23.56
2025.7.1 0:56:40.438,22.6,99.9,23.5
2025.7.1 0:56:41.431,22.8,99.9,23.5
2025.7.1 0:56:42.433,22.8,99.9,23.5
2025.7.1 0:56:43.439,22.9,99.9,23.5
2025.7.1 0:56:44.432,22.7,99.9,23.5
2025.7.1 0:56:45.449,22.9,99.9,23.5
2025.7.1 0:56:46.441,23.1,99.9,23.5
2025.7.1 0:56:48.446,23.7,99.9,23.44
2025.7.1 0:56:49.448,24.6,99.9,23.38
2025.7.1 0:56:50.445,25.3,99.9,23.44
2025.7.1 0:56:51.456,29.5,95,23.44
2025.7.1 0:56:52.441,25.6,99.9,23.38
2025.7.1 0:56:53.449,25,99.9,23.44
2025.7.1 0:56:54.440,25,99.9,23.44
2025.7.1 0:56:55.446,26.4,99.9,23.5
2025.7.1 0:56:56.453,29.6,96.7,23.5
2025.7.1 0:56:57.453,30,91,23.5
2025.7.1 0:56:58.456,28,99.4,23.56
2025.7.1 0:56:59.469,29.3,95.6,23.56
2025.7.1 0:57:00.461,28.9,91.7,23.63
2025.7.1 0:57:01.461,28.6,94.9,23.56
2025.7.1 0:57:02.459,28.7,95.3,23.63
2025.7.1 0:57:03.455,29,96.2,23.69
2025.7.1 0:57:04.464,28.2,97.8,23.69
2025.7.1 0:57:05.461,28,96.5,23.69
2025.7.1 0:57:06.469,29,94,23.75
2025.7.1 0:57:07.466,29.2,91.6,23.81
2025.7.1 0:57:08.474,29.3,92.4,23.81
2025.7.1 0:57:09.479,30,87.5,23.88
2025.7.1 0:57:10.474,29.8,90.2,23.94
2025.7.1 0:57:11.474,29.9,87.1,23.94
2025.7.1 0:57:12.475,30.2,88.3,24
2025.7.1 0:57:13.472,29.5,87,24
2025.7.1 0:57:14.480,29.4,91.4,24.06
2025.7.1 0:57:15.483,30.5,81.2,24.13
2025.7.1 0:57:16.481,30.3,90.3,24.13
2025.7.1 0:57:17.483,30.8,78.6,24.19
2025.7.1 0:57:18.478,30.4,78.8,24.25
2025.7.1 0:57:19.484,29.8,87.1,24.31
2025.7.1 0:57:21.481,28.3,99.9,23.75
2025.7.1 0:57:22.476,28.6,99.1,23.81
2025.7.1 0:57:23.494,29.8,92.8,23.81
2025.7.1 0:57:24.481,30.9,89,23.88
2025.7.1 0:57:25.488,31.4,88.7,23.88
2025.7.1 0:57:26.485,31,83.8,23.94
2025.7.1 0:57:27.484,30.2,89.9,23.88
2025.7.1 0:57:28.504,31.7,81.2,24
2025.7.1 0:57:29.500,33.2,73.5,24
2025.7.1 0:57:30.487,33,67.7,24
2025.7.1 0:57:31.497,32.1,74.2,24.06
2025.7.1 0:57:32.494,31.2,79.4,24.13
2025.7.1 0:57:33.511,30.7,85.5,24.13
2025.7.1 0:57:34.503,30.4,88.7,24.19
2025.7.1 0:57:35.495,29.8,91.5,24.19
2025.7.1 0:57:36.506,30.1,91,24.19
2025.7.1 0:57:37.499,30.8,82.8,24.25
2025.7.1 0:57:38.496,32.3,74.4,24.25
2025.7.1 0:57:39.505,32.1,71,24.31
2025.7.1 0:57:40.512,31.1,80.5,24.31
2025.7.1 0:57:41.505,31.1,83.1,24.31
2025.7.1 0:57:42.516,30.2,87.5,24.38
2025.7.1 0:57:43.505,28.4,96,24.38
2025.7.1 0:57:44.518,27.3,99.9,24.31
2025.7.1 0:57:45.522,27.4,99.9,24.38
2025.7.1 0:57:46.514,28.6,99.9,24.38
2025.7.1 0:57:47.518,29.8,97.2,24.44
2025.7.1 0:57:48.516,30.2,95.8,24.44
2025.7.1 0:57:49.522,30.7,92.6,24.5
2025.7.1 0:57:50.517,30.9,92.3,24.5
2025.7.1 0:57:51.517,31.1,89.8,24.5
2025.7.1 0:57:52.522,30.5,93.7,24.56
2025.7.1 0:57:53.520,30.2,93.3,24.63
2025.7.1 0:57:54.517,29.5,96,24.63
2025.7.1 0:57:55.523,28.4,99.9,24.63
2025.7.1 0:57:56.532,27.3,99.9,24.56
2025.7.1 0:57:57.537,26.9,99.9,24.63
2025.7.1 0:57:58.529,26.6,99.9,24.63
2025.7.1 0:57:59.531,26.4,99.9,24.56
2025.7.1 0:58:00.534,26.1,99.9,24.56
2025.7.1 0:58:01.532,25.8,99.9,24.56
2025.7.1 0:58:02.525,25.8,99.9,24.56
2025.7.1 0:58:03.550,25.6,99.9,24.5
2025.7.1 0:58:04.533,25.8,99.9,24.5
2025.7.1 0:58:05.539,26.2,99.9,24.5
2025.7.1 0:58:06.538,26.1,99.9,24.5
2025.7.1 0:58:07.537,26,99.9,24.5
2025.7.1 0:58:08.547,26.1,99.9,24.44
2025.7.1 0:58:09.550,26,99.9,24.5
2025.7.1 0:58:10.550,25.8,99.9,24.5
2025.7.1 0:58:11.540,25.7,99.9,24.5
2025.7.1 0:58:12.546,25.5,99.9,24.5
2025.7.1 0:58:13.553,25.3,99.9,24.44
2025.7.1 0:58:14.562,25.1,99.9,24.5
2025.7.1 0:58:15.559,25,99.9,24.44
2025.7.1 0:58:16.553,24.8,99.9,24.44
2025.7.1 0:58:17.561,24.8,99.9,24.38
2025.7.1 0:58:18.573,24.8,99.9,24.38
2025.7.1 0:58:19.557,24.7,99.9,24.44
2025.7.1 0:58:20.556,24.5,99.9,24.38
2025.7.1 0:58:21.567,24.5,99.9,24.38
2025.7.1 0:58:22.563,24.4,99.9,24.38
2025.7.1 0:58:23.557,24.4,99.9,24.31
2025.7.1 0:58:24.569,24.2,99.9,24.31
2025.7.1 0:58:25.565,24.1,99.9,24.38
2025.7.1 0:58:26.580,24.2,99.9,24.31
2025.7.1 0:58:27.577,24.2,99.9,24.31
2025.7.1 0:58:28.566,24.2,99.9,24.25
2025.7.1 0:58:29.562,24.2,99.9,24.31
2025.7.1 0:58:30.582,24.3,99.9,24.25
2025.7.1 0:58:31.564,24.3,99.9,24.25
2025.7.1 0:58:32.586,24.3,99.9,24.25
2025.7.1 0:58:33.574,24.3,99.9,24.19
2025.7.1 0:58:34.579,24.2,99.9,24.25
2025.7.1 0:58:35.578,23.9,99.9,24.25
2025.7.1 0:58:36.577,23.7,99.9,24.25
2025.7.1 0:58:37.586,23.4,99.9,24.19
2025.7.1 0:58:38.581,23.3,99.9,24.13
2025.7.1 0:58:39.575,23.2,99.9,24.06
2025.7.1 0:58:40.593,23.1,99.9,24.13
2025.7.1 0:58:41.584,23.1,99.9,24.06
2025.7.1 0:58:42.595,23,99.9,24.06
2025.7.1 0:58:43.590,23,99.9,24.13
2025.7.1 0:58:44.593,23.1,99.9,24.06
2025.7.1 0:58:45.604,23.1,99.9,24.06
2025.7.1 0:58:46.602,23,99.9,24.06
2025.7.1 0:58:47.598,22.9,99.9,24.06
2025.7.1 0:58:48.604,23,99.9,24
2025.7.1 0:58:49.596,23.1,99.9,24
2025.7.1 0:58:50.607,23.1,99.9,24
2025.7.1 0:58:51.602,23.1,99.9,23.94
2025.7.1 0:58:52.606,23.1,99.9,24
2025.7.1 0:58:53.611,23.1,99.9,23.94
2025.7.1 0:58:54.609,23.1,99.9,23.94
2025.7.1 0:58:55.610,23.1,99.9,23.94
2025.7.1 0:58:56.609,23.2,99.9,23.94
2025.7.1 0:58:57.612,23.2,99.9,23.94
2025.7.1 0:58:58.615,23.2,99.9,23.88
2025.7.1 0:58:59.621,23.2,99.9,23.88
2025.7.1 0:59:00.613,23.2,99.9,23.88
2025.7.1 0:59:01.624,23.3,99.9,23.88
2025.7.1 0:59:02.616,23.3,99.9,23.88
2025.7.1 0:59:03.634,23.1,99.9,23.81
2025.7.1 0:59:04.621,23.2,99.9,23.81
2025.7.1 0:59:05.619,23.2,99.9,23.88
2025.7.1 0:59:06.627,23.2,99.9,23.81
2025.7.1 0:59:07.632,23.2,99.9,23.81
2025.7.1 0:59:08.623,23.1,99.9,23.81
2025.7.1 0:59:09.636,23.2,99.9,23.75
2025.7.1 0:59:10.639,23.2,99.9,23.75
2025.7.1 0:59:11.632,23.1,99.9,23.81
2025.7.1 0:59:12.635,23.1,99.9,23.75
2025.7.1 0:59:13.634,23.1,99.9,23.75
2025.7.1 0:59:14.638,23.1,99.9,23.69
2025.7.1 0:59:15.637,23.1,99.9,23.75
2025.7.1 0:59:16.638,23.1,99.9,23.69
2025.7.1 0:59:17.638,23.1,99.9,23.69
2025.7.1 0:59:18.643,23.1,99.9,23.75
2025.7.1 0:59:19.636,23.1,99.9,23.69
2025.7.1 0:59:20.641,23.1,99.9,23.69
2025.7.1 0:59:21.642,23.1,99.9,23.69
2025.7.1 0:59:22.633,22.9,99.9,23.69
2025.7.1 0:59:23.647,22.7,99.9,23.63
2025.7.1 0:59:24.643,22.6,99.9,23.63
2025.7.1 0:59:25.649,22.6,99.9,23.63
2025.7.1 0:59:26.643,22.5,99.9,23.63
2025.7.1 0:59:27.657,22.6,99.9,23.56
2025.7.1 0:59:28.650,22.6,99.9,23.56
2025.7.1 0:59:29.648,22.6,99.9,23.56
2025.7.1 0:59:30.657,22.6,99.9,23.56
2025.7.1 0:59:31.656,22.6,99.9,23.56
2025.7.1 0:59:32.645,22.6,99.9,23.56
2025.7.1 0:59:33.667,22.6,99.9,23.5
2025.7.1 0:59:34.662,22.6,99.9,23.56
2025.7.1 0:59:35.658,22.6,99.9,23.56
2025.7.1 0:59:36.659,22.7,99.9,23.5
2025.7.1 0:59:37.654,22.6,99.9,23.44
2025.7.1 0:59:38.666,22.6,99.9,23.44
2025.7.1 0:59:39.669,22.5,99.9,23.44
2025.7.1 0:59:40.665,22.5,99.9,23.44
2025.7.1 0:59:41.676,22.5,99.9,23.44
2025.7.1 0:59:42.661,22.3,99.9,23.44
2025.7.1 0:59:43.671,22.3,99.9,23.44
2025.7.1 0:59:44.668,22.3,99.9,23.44
2025.7.1 0:59:45.662,22.4,99.9,23.38
2025.7.1 0:59:46.672,22.4,99.9,23.38
2025.7.1 0:59:47.672,22.4,99.9,23.38
2025.7.1 0:59:48.665,22.4,99.9,23.31
2025.7.1 0:59:49.671,22.3,99.9,23.31
2025.7.1 0:59:50.673,22.4,99.9,23.31
2025.7.1 0:59:51.692,22.3,99.9,23.31
2025.7.1 0:59:52.683,22.3,99.9,23.31
2025.7.1 0:59:53.684,22.3,99.9,23.25
2025.7.1 0:59:54.686,22.3,99.9,23.31
2025.7.1 0:59:55.681,22.4,99.9,23.19
2025.7.1 0:59:56.687,22.4,99.9,23.25
2025.7.1 0:59:57.687,22.3,99.9,23.25
2025.7.1 0:59:58.682,22.3,99.9,23.25
2025.7.1 0:59:59.689,22.2,99.9,23.19
2025.7.1 1:00:00.690,22.2,99.9,23.19
2025.7.1 1:00:01.686,22.2,99.9,23.19
2025.7.1 1:00:02.706,22.2,99.9,23.13
2025.7.1 1:00:03.693,22.2,99.9,23.13
2025.7.1 1:00:04.696,22.2,99.9,23.06
2025.7.1 1:00:05.699,22.1,99.9,23.06
2025.7.1 1:00:06.690,22.1,99.9,23.06
2025.7.1 1:00:07.691,22.2,99.9,23.06
2025.7.1 1:00:08.700,22.1,99.9,23.06
2025.7.1 1:00:09.706,22.3,99.9,23.06
2025.7.1 1:00:10.702,22.3,99.9,23.06
2025.7.1 1:00:11.703,22.3,99.9,23
2025.7.1 1:00:12.723,22.4,99.9,22.94
2025.7.1 1:00:13.709,22.5,99.9,22.94
2025.7.1 1:00:14.707,22.5,99.9,22.94
2025.7.1 1:00:15.720,22.6,99.9,22.94
2025.7.1 1:00:16.711,22.8,99.9,22.88
2025.7.1 1:00:17.706,22.9,99.9,22.88
2025.7.1 1:00:18.716,23.1,99.9,22.88
2025.7.1 1:00:19.712,23.4,99.9,22.88
2025.7.1 1:00:20.707,23.7,99.9,22.88
2025.7.1 1:00:21.716,24.2,99.9,22.88
2025.7.1 1:00:22.712,24.1,99.9,22.88
2025.7.1 1:00:23.727,24.5,99.9,22.81
2025.7.1 1:00:24.718,25.5,99.9,22.88
2025.7.1 1:00:25.715,25.7,99.9,22.88
2025.7.1 1:00:26.719,25.7,99.9,22.81
2025.7.1 1:00:27.716,25.1,99.9,22.88
2025.7.1 1:00:28.717,25.4,99.9,22.94
2025.7.1 1:00:29.718,25.6,99.9,22.94
2025.7.1 1:00:30.726,26,99.9,22.94
2025.7.1 1:00:31.732,25.8,99.9,22.94
2025.7.1 1:00:32.717,26.1,99.9,22.94
2025.7.1 1:00:33.727,26.1,99.9,22.94
2025.7.1 1:00:34.741,25.6,99.9,22.94
2025.7.1 1:00:35.732,25.8,99.9,22.94
2025.7.1 1:00:36.727,26.2,99.9,23
2025.7.1 1:00:37.737,26.4,99.9,23
2025.7.1 1:00:39.729,26.4,99.9,22.94
2025.7.1 1:00:40.753,26.2,99.9,22.94
2025.7.1 1:00:41.736,26,99.9,22.94
2025.7.1 1:00:42.742,26.1,99.9,22.94
2025.7.1 1:00:43.741,26.5,99.9,22.94
2025.7.1 1:00:44.738,26.3,99.9,23
2025.7.1 1:00:45.745,26.4,99.9,22.94
2025.7.1 1:00:46.738,25.7,99.9,23
2025.7.1 1:00:47.747,25.5,99.9,23
2025.7.1 1:00:48.748,25.6,99.9,23
2025.7.1 1:00:49.744,25.8,99.9,23
2025.7.1 1:00:50.753,25.4,99.9,23
2025.7.1 1:00:51.750,25.5,99.9,23.06
2025.7.1 1:00:52.756,25.6,99.9,23
2025.7.1 1:00:53.767,26.1,99.9,23
2025.7.1 1:00:54.755,26.1,99.9,23.06
2025.7.1 1:00:55.758,26.9,99.9,23.06
2025.7.1 1:00:56.756,26.9,99.9,23.06
2025.7.1 1:00:57.756,26.9,99.9,23.06
2025.7.1 1:00:58.750,26.4,99.9,23.13
2025.7.1 1:00:59.763,26.3,99.9,23.06
2025.7.1 1:01:00.755,26.1,99.9,23.06
2025.7.1 1:01:01.773,26.1,99.9,23.06
2025.7.1 1:01:02.763,26.1,99.9,23.06
2025.7.1 1:01:03.757,25.7,99.9,23.13
2025.7.1 1:01:04.767,25.8,99.9,23.13
2025.7.1 1:01:05.773,25.9,99.9,23.13
2025.7.1 1:01:06.771,25.9,99.9,23.13
2025.7.1 1:01:07.779,25.8,99.9,23.13
2025.7.1 1:01:08.766,25.6,99.9,23.13
2025.7.1 1:01:09.785,25.7,99.9,23.13
2025.7.1 1:01:10.774,25.9,99.9,23.13
2025.7.1 1:01:11.770,25.9,99.9,23.13
2025.7.1 1:01:12.778,25.7,99.9,23.13
2025.7.1 1:01:13.785,25.7,99.9,23.19
2025.7.1 1:01:14.783,25.6,99.9,23.25
2025.7.1 1:01:15.790,25.5,99.9,23.19
2025.7.1 1:01:16.777,25.7,99.9,23.19
2025.7.1 1:01:17.791,25.9,99.9,23.19
2025.7.1 1:01:18.780,25.8,99.9,23.25
2025.7.1 1:01:19.780,25.8,99.9,23.25
2025.7.1 1:01:20.785,25.6,99.9,23.25
2025.7.1 1:01:21.785,25.2,99.9,23.25
2025.7.1 1:01:22.790,24.7,99.9,23.19
2025.7.1 1:01:23.799,24.4,99.9,23.25
2025.7.1 1:01:24.793,24.3,99.9,23.19
2025.7.1 1:01:25.806,23.9,99.9,23.19
2025.7.1 1:01:26.789,23.7,99.9,23.25
2025.7.1 1:01:27.785,23.5,99.9,23.19
2025.7.1 1:01:28.804,23.6,99.9,23.19
2025.7.1 1:01:29.800,23.8,99.9,23.19
2025.7.1 1:01:30.794,24.3,99.9,23.19
2025.7.1 1:01:31.799,24.6,99.9,23.19
2025.7.1 1:01:32.805,24.3,99.9,23.19
2025.7.1 1:01:33.809,24.3,99.9,23.19
2025.7.1 1:01:34.809,24.3,99.9,23.19
2025.7.1 1:01:35.796,24.4,99.9,23.13
2025.7.1 1:01:36.820,24.6,99.9,23.13
2025.7.1 1:01:37.801,24.7,99.9,23.13
2025.7.1 1:01:38.801,24.5,99.9,23.19
2025.7.1 1:01:40.806,24,99.9,23.13
2025.7.1 1:01:41.811,23.9,99.9,23.13
2025.7.1 1:01:42.819,23.7,99.9,23.13
2025.7.1 1:01:43.818,23.7,99.9,23.13
2025.7.1 1:01:44.825,23.6,99.9,23.06
2025.7.1 1:01:45.817,23.4,99.9,23.06
2025.7.1 1:01:46.810,23.5,99.9,23.06
2025.7.1 1:01:47.825,23.5,99.9,23.13
2025.7.1 1:01:48.818,23.4,99.9,23.06
2025.7.1 1:01:49.822,23.4,99.9,23.06
2025.7.1 1:01:50.824,23.4,99.9,23
2025.7.1 1:01:51.826,23.5,99.9,23.06
2025.7.1 1:01:52.824,23.6,99.9,23.06
2025.7.1 1:01:53.834,23.6,99.9,23.06
2025.7.1 1:01:54.827,23.5,99.9,23
2025.7.1 1:01:55.838,23.4,99.9,23
2025.7.1 1:01:56.826,23.3,99.9,23
2025.7.1 1:01:57.841,23.2,99.9,23
2025.7.1 1:01:58.841,23.3,99.9,22.94
2025.7.1 1:01:59.826,23.4,99.9,22.94
2025.7.1 1:02:00.833,23.3,99.9,23
2025.7.1 1:02:01.823,23.2,99.9,22.94
2025.7.1 1:02:02.829,23.1,99.9,23
2025.7.1 1:02:03.837,23,99.9,23
2025.7.1 1:02:04.836,22.9,99.9,22.94
2025.7.1 1:02:05.838,22.7,99.9,23
2025.7.1 1:02:06.841,22.7,99.9,22.94
2025.7.1 1:02:07.838,22.6,99.9,22.94
2025.7.1 1:02:08.843,22.5,99.9,22.94
2025.7.1 1:02:09.842,22.5,99.9,22.94
2025.7.1 1:02:10.839,22.4,99.9,22.88
2025.7.1 1:02:11.855,22.3,99.9,22.88
2025.7.1 1:02:12.843,22.4,99.9,22.81
2025.7.1 1:02:13.840,22.4,99.9,22.88
2025.7.1 1:02:14.848,22.4,99.9,22.81
2025.7.1 1:02:15.846,22.4,99.9,22.81
2025.7.1 1:02:16.867,22.4,99.9,22.88
2025.7.1 1:02:17.858,22.4,99.9,22.81
2025.7.1 1:02:18.857,22.4,99.9,22.81
2025.7.1 1:02:19.859,22.4,99.9,22.81
2025.7.1 1:02:20.857,22.4,99.9,22.81
2025.7.1 1:02:21.855,22.4,99.9,22.75
2025.7.1 1:02:22.855,22.4,99.9,22.81
2025.7.1 1:02:23.859,22.4,99.9,22.75
2025.7.1 1:02:24.868,22.4,99.9,22.75
2025.7.1 1:02:25.867,22.4,99.9,22.75
2025.7.1 1:02:26.853,22.3,99.9,22.75
2025.7.1 1:02:27.860,22.3,99.9,22.75
2025.7.1 1:02:28.861,22.1,99.9,22.69
2025.7.1 1:02:29.862,21.9,99.9,22.69
2025.7.1 1:02:30.873,21.8,99.9,22.69
2025.7.1 1:02:31.875,21.7,99.9,22.69
2025.7.1 1:02:32.872,21.7,99.9,22.69
2025.7.1 1:02:33.868,21.7,99.9,22.63
2025.7.1 1:02:34.866,21.8,99.9,22.63
2025.7.1 1:02:35.858,21.8,99.9,22.63
2025.7.1 1:02:36.871,21.8,99.9,22.63
2025.7.1 1:02:37.871,21.8,99.9,22.56
2025.7.1 1:02:38.876,21.7,99.9,22.56
2025.7.1 1:02:39.875,21.6,99.9,22.56
2025.7.1 1:02:40.870,21.5,99.9,22.5
2025.7.1 1:02:41.883,21.5,99.9,22.56
2025.7.1 1:02:42.876,21.5,99.9,22.5
2025.7.1 1:02:43.888,21.6,99.9,22.5
2025.7.1 1:02:44.881,21.5,99.9,22.5
2025.7.1 1:02:45.880,21.6,99.9,22.5
2025.7.1 1:02:46.888,21.6,99.9,22.44
2025.7.1 1:02:47.883,21.7,99.9,22.5
2025.7.1 1:02:48.880,21.7,99.9,22.44
2025.7.1 1:02:49.894,21.8,99.9,22.5
2025.7.1 1:02:50.891,21.8,99.9,22.44
2025.7.1 1:02:51.886,21.7,99.9,22.44
2025.7.1 1:02:52.892,21.7,99.9,22.44
2025.7.1 1:02:53.891,21.5,99.9,22.44
2025.7.1 1:02:54.894,21.6,99.9,22.38
2025.7.1 1:02:55.894,21.5,99.9,22.38
2025.7.1 1:02:56.890,21.6,99.9,22.38
2025.7.1 1:02:57.905,21.6,99.9,22.38
2025.7.1 1:02:58.896,21.5,99.9,22.38
2025.7.1 1:02:59.890,21.5,99.9,22.38
2025.7.1 1:03:00.905,21.6,99.9,22.31
2025.7.1 1:03:01.907,21.6,99.9,22.31
2025.7.1 1:03:02.914,21.5,99.9,22.31
2025.7.1 1:03:03.905,21.5,99.9,22.31
2025.7.1 1:03:04.900,21.5,99.9,22.31
2025.7.1 1:03:05.907,21.5,99.9,22.31
2025.7.1 1:03:06.913,21.5,99.9,22.25
2025.7.1 1:03:07.912,21.5,99.9,22.31
2025.7.1 1:03:08.912,21.5,99.9,22.25
2025.7.1 1:03:09.907,21.4,99.9,22.25
2025.7.1 1:03:10.910,21.5,99.9,22.25
2025.7.1 1:03:11.924,21.4,99.9,22.25
2025.7.1 1:03:12.916,21.4,99.9,22.19
2025.7.1 1:03:13.918,21.5,99.9,22.19
2025.7.1 1:03:14.916,21.4,99.9,22.25
2025.7.1 1:03:15.912,21.4,99.9,22.25
2025.7.1 1:03:16.935,21.4,99.9,22.19
2025.7.1 1:03:17.919,21.4,99.9,22.19
2025.7.1 1:03:18.913,21.4,99.9,22.19
2025.7.1 1:03:19.933,21.4,99.9,22.19
2025.7.1 1:03:20.921,21.3,99.9,22.13
2025.7.1 1:03:21.922,21.3,99.9,22.13
2025.7.1 1:03:22.927,21.4,99.9,22.13
2025.7.1 1:03:23.921,21.4,99.9,22.13
2025.7.1 1:03:24.924,21.3,99.9,22.13
2025.7.1 1:03:25.928,21.3,99.9,22.13
2025.7.1 1:03:26.928,21.3,99.9,22.06
2025.7.1 1:03:27.934,21.3,99.9,22.13
2025.7.1 1:03:28.930,21.3,99.9,22.06
2025.7.1 1:03:29.932,21.4,99.9,22.06
2025.7.1 1:03:30.933,21.4,99.9,22.06
2025.7.1 1:03:31.936,21.4,99.9,22.06
2025.7.1 1:03:32.934,21.4,99.9,22.06
2025.7.1 1:03:33.948,21.4,99.9,22
2025.7.1 1:03:34.939,21.5,99.9,22.06
2025.7.1 1:03:35.946,21.5,99.9,22
2025.7.1 1:03:36.942,21.4,99.9,22.06
2025.7.1 1:03:37.951,21.5,99.9,22
2025.7.1 1:03:38.945,21.4,99.9,22
2025.7.1 1:03:39.946,21.4,99.9,22
2025.7.1 1:03:40.948,21.4,99.9,22
2025.7.1 1:03:41.947,21.4,99.9,22
2025.7.1 1:03:42.949,21.4,99.9,22
2025.7.1 1:03:43.951,21.4,99.9,22
2025.7.1 1:03:44.949,21.4,99.9,22
2025.7.1 1:03:45.954,21.4,99.9,22
2025.7.1 1:03:46.952,21.4,99.9,22
2025.7.1 1:03:47.956,21.4,99.9,22
2025.7.1 1:03:48.966,21.4,99.9,22
2025.7.1 1:03:49.965,21.3,99.9,21.94
2025.7.1 1:03:50.963,21.3,99.9,21.94
2025.7.1 1:03:51.969,21.3,99.9,21.88
2025.7.1 1:03:52.964,21.3,99.9,21.88
2025.7.1 1:03:53.975,21.3,99.9,21.88
2025.7.1 1:03:54.967,21.3,99.9,21.88
2025.7.1 1:03:55.967,21.3,99.9,21.88
2025.7.1 1:03:56.968,21.4,99.9,21.88
2025.7.1 1:03:57.966,21.3,99.9,21.88
2025.7.1 1:03:58.969,21.4,99.9,21.88
2025.7.1 1:03:59.970,21.4,99.9,21.88
2025.7.1 1:04:00.972,21.4,99.9,21.88
2025.7.1 1:04:01.979,21.5,99.9,21.88
2025.7.1 1:04:02.975,21.5,99.9,21.88
2025.7.1 1:04:03.977,21.4,99.9,21.88
2025.7.1 1:04:04.974,21.5,99.9,21.81
2025.7.1 1:04:05.987,21.6,99.9,21.81
2025.7.1 1:04:06.977,21.7,99.9,21.81
2025.7.1 1:04:07.982,21.7,99.9,21.81
2025.7.1 1:04:08.982,21.7,99.9,21.81
2025.7.1 1:04:09.984,21.8,99.9,21.81
2025.7.1 1:04:10.984,22,99.9,21.81
2025.7.1 1:04:11.996,22.2,99.9,21.81
2025.7.1 1:04:12.989,22.4,99.9,21.81
2025.7.1 1:04:13.999,22.5,99.9,21.81
2025.7.1 1:04:14.990,22.7,99.9,21.81
2025.7.1 1:04:15.990,22.8,99.9,21.81
2025.7.1 1:04:17.001,22.9,99.9,21.81
2025.7.1 1:04:18.002,23.3,99.9,21.81
2025.7.1 1:04:19.004,23.7,99.9,21.81
2025.7.1 1:04:19.997,24,99.9,21.81
2025.7.1 1:04:20.999,24.4,99.9,21.81
2025.7.1 1:04:22.017,25,99.9,21.81
2025.7.1 1:04:23.003,25.1,99.9,21.88
2025.7.1 1:04:24.014,25.4,99.9,21.88
2025.7.1 1:04:25.023,25.5,99.9,21.88
2025.7.1 1:04:26.008,25.3,99.9,21.94
2025.7.1 1:04:27.017,24.9,99.9,21.88
2025.7.1 1:04:28.033,24.9,99.9,21.88
2025.7.1 1:04:29.010,24.8,99.9,21.94
2025.7.1 1:04:30.031,24.7,99.9,21.94
2025.7.1 1:04:31.022,24.4,99.9,21.94
2025.7.1 1:04:32.027,24.3,99.9,21.94
2025.7.1 1:04:33.024,24.3,99.9,21.94
2025.7.1 1:04:34.035,24.5,99.9,21.94
2025.7.1 1:04:35.020,24.6,99.9,22
2025.7.1 1:04:36.040,24.7,99.9,21.94
2025.7.1 1:04:37.019,24.8,99.9,22
2025.7.1 1:04:38.033,24.7,99.9,22
2025.7.1 1:04:39.042,24.5,99.9,22
2025.7.1 1:04:40.029,24.4,99.9,22
2025.7.1 1:04:42.039,24.3,99.9,22
2025.7.1 1:04:43.038,24.2,99.9,22
2025.7.1 1:04:44.048,24.1,99.9,22
2025.7.1 1:04:45.037,24.1,99.9,22
2025.7.1 1:04:46.043,23.8,99.9,22
2025.7.1 1:04:47.044,23.3,99.9,22
2025.7.1 1:04:48.035,23.1,99.9,22
2025.7.1 1:04:49.057,23.1,99.9,22
2025.7.1 1:04:50.055,23.2,99.9,22
2025.7.1 1:04:51.038,24,99.9,22
2025.7.1 1:04:52.051,22.8,99.9,22
2025.7.1 1:04:53.046,22.2,99.9,22
2025.7.1 1:04:54.042,21.9,99.9,22
2025.7.1 1:04:55.054,22,99.9,21.94
2025.7.1 1:04:56.048,22.3,99.9,21.94
2025.7.1 1:04:57.053,22.4,99.9,22
2025.7.1 1:04:58.055,22.3,99.9,22
2025.7.1 1:04:59.062,22.3,99.9,21.94
2025.7.1 1:05:00.046,22.9,99.9,21.94
2025.7.1 1:05:01.057,23.8,99.9,22
2025.7.1 1:05:02.052,24.7,99.9,22
2025.7.1 1:05:03.061,25.3,99.9,22
2025.7.1 1:05:04.057,26,99.9,22
2025.7.1 1:05:05.070,26.4,99.9,22
2025.7.1 1:05:06.061,26.9,99.9,22.06
2025.7.1 1:05:07.063,27,99.9,22.06
2025.7.1 1:05:08.064,26.1,99.9,22.06
2025.7.1 1:05:09.067,27.4,99.9,22.19
2025.7.1 1:05:10.062,26.4,99.9,22.13
2025.7.1 1:05:11.074,26.4,99.9,22.13
2025.7.1 1:05:12.066,26,99.9,22.19
2025.7.1 1:05:13.083,26.2,99.9,22.19
2025.7.1 1:05:14.073,26.5,99.9,22.25
2025.7.1 1:05:15.076,26.3,99.9,22.19
2025.7.1 1:05:16.073,26,99.9,22.25
2025.7.1 1:05:17.075,26.4,99.9,22.25
2025.7.1 1:05:18.073,26.5,99.9,22.25
2025.7.1 1:05:19.085,27.1,99.9,22.31
2025.7.1 1:05:20.076,27.6,98.8,22.31
2025.7.1 1:05:21.093,28.3,99.5,22.38
2025.7.1 1:05:22.083,27.8,99.4,22.38
2025.7.1 1:05:23.073,28.5,97.9,22.44
2025.7.1 1:05:24.098,28.5,97.9,22.44
2025.7.1 1:05:25.084,28.5,98.4,22.5
2025.7.1 1:05:26.085,27.8,99.9,22.5
2025.7.1 1:05:27.102,27,99.9,22.56
2025.7.1 1:05:28.095,26.2,99.9,22.56
2025.7.1 1:05:29.091,25.5,99.9,22.5
2025.7.1 1:05:30.086,25,99.9,22.5
2025.7.1 1:05:31.087,24.2,99.9,22.5
2025.7.1 1:05:32.103,24.3,99.9,22.56
2025.7.1 1:05:34.088,24.1,99.9,21.81
2025.7.1 1:05:35.108,24.4,99.9,21.75
2025.7.1 1:05:36.096,25,99.9,21.81
2025.7.1 1:05:37.091,25,99.9,21.75
2025.7.1 1:05:38.101,24.8,99.9,21.75
2025.7.1 1:05:39.098,24.7,99.9,21.81
2025.7.1 1:05:40.116,24.6,99.9,21.75
2025.7.1 1:05:41.101,24.4,99.9,21.81
2025.7.1 1:05:42.098,24.1,99.9,21.81
2025.7.1 1:05:43.110,24.1,99.9,21.81
2025.7.1 1:05:44.106,24.4,99.9,21.81
2025.7.1 1:05:45.101,24.3,99.9,21.81
2025.7.1 1:05:46.100,24,99.9,21.81
2025.7.1 1:05:47.108,23.9,99.9,21.88
2025.7.1 1:05:48.122,23.6,99.9,21.88
2025.7.1 1:05:49.123,24.3,99.9,21.88
2025.7.1 1:05:50.110,24.6,99.9,21.88
2025.7.1 1:05:51.125,24.6,99.9,21.88
2025.7.1 1:05:52.114,24.8,99.9,21.88
2025.7.1 1:05:53.119,24.5,99.9,22
2025.7.1 1:05:55.118,25.7,99.9,22
2025.7.1 1:05:56.138,25.6,99.9,22
2025.7.1 1:05:57.132,25.3,99.9,22
2025.7.1 1:05:58.129,25.1,99.9,22
2025.7.1 1:05:59.124,25.4,99.9,22
2025.7.1 1:06:00.119,25.5,99.9,22
2025.7.1 1:06:01.120,26.5,99.9,22.06
2025.7.1 1:06:02.132,26.1,99.9,22.06
2025.7.1 1:06:03.138,25.8,99.9,22.06
2025.7.1 1:06:04.134,25.6,99.9,22.06
2025.7.1 1:06:05.121,25.1,99.9,22.06
2025.7.1 1:06:06.137,25,99.9,22.06
2025.7.1 1:06:07.135,25.2,99.9,22.06
2025.7.1 1:06:08.133,25.2,99.9,22.06
2025.7.1 1:06:09.139,25.3,99.9,22.13
2025.7.1 1:06:10.147,25.5,99.9,22.06
2025.7.1 1:06:11.140,25.6,99.9,22.13
2025.7.1 1:06:12.154,26.1,99.9,22.13
2025.7.1 1:06:13.145,25.8,99.9,22.13
2025.7.1 1:06:14.140,26.6,99.9,22.19
2025.7.1 1:06:15.146,28.5,93.4,22.13
2025.7.1 1:06:16.148,29.3,90.8,22.25
2025.7.1 1:06:17.142,27.9,93.3,22.31
2025.7.1 1:06:18.149,27.9,92.7,22.31
2025.7.1 1:06:19.149,28.2,92.6,22.31
2025.7.1 1:06:20.162,26.6,97.3,22.25
2025.7.1 1:06:21.151,25.5,99.9,22.31
2025.7.1 1:06:22.162,25.1,99.9,22.31
2025.7.1 1:06:23.157,24.9,99.9,22.31
2025.7.1 1:06:24.158,24.8,99.9,22.31
2025.7.1 1:06:25.159,24.8,99.9,22.31
2025.7.1 1:06:26.162,25,99.9,22.31
2025.7.1 1:06:27.175,24.6,99.9,22.38
2025.7.1 1:06:28.173,24.2,99.9,22.25
2025.7.1 1:06:29.169,24,99.9,22.31
2025.7.1 1:06:30.167,24,99.9,22.31
2025.7.1 1:06:31.174,24,99.9,22.25
2025.7.1 1:06:32.169,23.9,99.9,22.31
2025.7.1 1:06:33.162,23.5,99.9,22.25
2025.7.1 1:06:34.167,23.4,99.9,22.25
2025.7.1 1:06:35.165,23.5,99.9,22.19
2025.7.1 1:06:36.182,23.3,99.9,22.25
2025.7.1 1:06:37.176,23.1,99.9,22.19
2025.7.1 1:06:38.179,23.2,99.9,22.25
2025.7.1 1:06:39.184,23.3,99.9,22.19
2025.7.1 1:06:40.180,23.3,99.9,22.25
2025.7.1 1:06:41.190,23.3,99.9,22.19
2025.7.1 1:06:42.185,23.2,99.9,22.19
2025.7.1 1:06:43.181,23,99.9,22.19
2025.7.1 1:06:44.195,22.9,99.9,22.19
2025.7.1 1:06:45.187,22.9,99.9,22.19
2025.7.1 1:06:46.181,22.9,99.9,22.19
2025.7.1 1:06:47.192,22.9,99.9,22.13
2025.7.1 1:06:48.196,22.7,99.9,22.13
2025.7.1 1:06:49.189,22.7,99.9,22.13
2025.7.1 1:06:50.197,22.5,99.9,22.13
2025.7.1 1:06:51.197,22.5,99.9,22.06
2025.7.1 1:06:52.200,22.5,99.9,22.06
2025.7.1 1:06:53.199,22.1,99.9,22.06
2025.7.1 1:06:54.191,22.1,99.9,22
2025.7.1 1:06:55.214,21.9,99.9,22
2025.7.1 1:06:56.202,21.8,99.9,22
2025.7.1 1:06:57.194,21.9,99.9,22
2025.7.1 1:06:58.211,21.9,99.9,21.94
2025.7.1 1:06:59.210,22,99.9,22
2025.7.1 1:07:00.217,21.8,99.9,21.94
2025.7.1 1:07:01.216,21.6,99.9,21.94
2025.7.1 1:07:02.204,21.7,99.9,21.94
2025.7.1 1:07:03.212,21.8,99.9,21.94
2025.7.1 1:07:04.209,21.8,99.9,21.88
2025.7.1 1:07:05.222,21.9,99.9,21.88
2025.7.1 1:07:06.215,21.7,99.9,21.81
2025.7.1 1:07:07.217,21.5,99.9,21.81
2025.7.1 1:07:08.221,21.5,99.9,21.81
2025.7.1 1:07:09.216,21.5,99.9,21.75
2025.7.1 1:07:10.219,21.4,99.9,21.75
2025.7.1 1:07:11.226,21.4,99.9,21.75
2025.7.1 1:07:12.227,21.5,99.9,21.75
2025.7.1 1:07:13.222,21.6,99.9,21.69
2025.7.1 1:07:14.223,21.7,99.9,21.69
2025.7.1 1:07:15.226,21.8,99.9,21.69
2025.7.1 1:07:16.233,21.8,99.9,21.63
2025.7.1 1:07:17.237,21.6,99.9,21.63
2025.7.1 1:07:18.222,21.4,99.9,21.63
2025.7.1 1:07:19.244,21.2,99.9,21.63
2025.7.1 1:07:20.227,21.3,99.9,21.56
2025.7.1 1:07:21.222,21.3,99.9,21.56
2025.7.1 1:07:22.224,21.3,99.9,21.56
2025.7.1 1:07:23.229,21.3,99.9,21.56
2025.7.1 1:07:24.237,21.3,99.9,21.56
2025.7.1 1:07:25.244,21.3,99.9,21.5
2025.7.1 1:07:26.235,21.2,99.9,21.5
2025.7.1 1:07:27.248,21.1,99.9,21.5
2025.7.1 1:07:28.238,21.2,99.9,21.44
2025.7.1 1:07:29.232,21.2,99.9,21.44
2025.7.1 1:07:30.255,21.2,99.9,21.38
2025.7.1 1:07:31.243,21.2,99.9,21.44
2025.7.1 1:07:32.248,21.2,99.9,21.44
2025.7.1 1:07:33.244,21,99.9,21.44
2025.7.1 1:07:34.241,20.8,99.9,21.38
2025.7.1 1:07:35.256,20.8,99.9,21.31
2025.7.1 1:07:36.247,20.8,99.9,21.31
2025.7.1 1:07:37.254,20.8,99.9,21.31
2025.7.1 1:07:38.248,20.7,99.9,21.31
2025.7.1 1:07:39.250,20.5,99.9,21.25
2025.7.1 1:07:40.246,20.6,99.9,21.25
2025.7.1 1:07:41.246,20.7,99.9,21.25
2025.7.1 1:07:42.254,20.3,99.9,21.25
2025.7.1 1:07:43.259,20.2,99.9,21.25
2025.7.1 1:07:44.257,20.2,99.9,21.19
2025.7.1 1:07:45.255,20.1,99.9,21.19
2025.7.1 1:07:46.276,20,99.9,21.19
2025.7.1 1:07:47.253,20.1,99.9,21.13
2025.7.1 1:07:48.266,20.3,99.9,21.13
2025.7.1 1:07:49.276,20.4,99.9,21.13
2025.7.1 1:07:50.261,20.4,99.9,21.13
2025.7.1 1:07:51.278,20.4,99.9,21.06
2025.7.1 1:07:52.267,20.1,99.9,21.06
2025.7.1 1:07:53.262,20,99.9,21.06
2025.7.1 1:07:54.273,20,99.9,21.06
2025.7.1 1:07:55.269,20,99.9,21
2025.7.1 1:07:56.275,20.1,99.9,21
2025.7.1 1:07:57.284,20.1,99.9,21
2025.7.1 1:07:58.271,20,99.9,21
2025.7.1 1:07:59.280,20,99.9,21
2025.7.1 1:08:00.279,20,99.9,20.94
2025.7.1 1:08:01.281,20.1,99.9,20.94
2025.7.1 1:08:02.295,20,99.9,20.94
2025.7.1 1:08:03.279,20,99.9,20.94
2025.7.1 1:08:04.294,20.1,99.9,20.88
2025.7.1 1:08:05.285,20.2,99.9,20.88
2025.7.1 1:08:06.283,20.3,99.9,20.88
2025.7.1 1:08:07.294,20.3,99.9,20.88
2025.7.1 1:08:08.287,20.1,99.9,20.81
2025.7.1 1:08:09.287,20,99.9,20.81
2025.7.1 1:08:10.291,20,99.9,20.81
2025.7.1 1:08:11.293,20.1,99.9,20.81
2025.7.1 1:08:12.294,20,99.9,20.75
2025.7.1 1:08:13.304,20,99.9,20.75
2025.7.1 1:08:14.291,20,99.9,20.75
2025.7.1 1:08:15.294,20,99.9,20.75
2025.7.1 1:08:16.306,19.9,99.9,20.75
2025.7.1 1:08:17.290,19.9,99.9,20.69
2025.7.1 1:08:18.299,19.9,99.9,20.69
2025.7.1 1:08:19.300,19.9,99.9,20.69
2025.7.1 1:08:20.291,19.9,99.9,20.63
2025.7.1 1:08:21.304,19.9,99.9,20.63
2025.7.1 1:08:22.306,19.9,99.9,20.63
2025.7.1 1:08:23.305,20,99.9,20.63
2025.7.1 1:08:24.308,20,99.9,20.56
2025.7.1 1:08:25.304,20.1,99.9,20.56
2025.7.1 1:08:26.306,20.1,99.9,20.56
2025.7.1 1:08:27.310,20,99.9,20.56
2025.7.1 1:08:28.311,20,99.9,20.5
2025.7.1 1:08:29.307,20.1,99.9,20.5
2025.7.1 1:08:30.318,20.1,99.9,20.5
2025.7.1 1:08:31.315,20.1,99.9,20.44
2025.7.1 1:08:32.319,20.1,99.9,20.5
2025.7.1 1:08:33.311,20.1,99.9,20.44
2025.7.1 1:08:34.328,20.1,99.9,20.5
2025.7.1 1:08:35.313,20.1,99.9,20.5
2025.7.1 1:08:36.320,20.2,99.9,20.44
2025.7.1 1:08:37.323,20.2,99.9,20.44
2025.7.1 1:08:38.317,20.3,99.9,20.38
2025.7.1 1:08:39.313,20.4,99.9,20.44
2025.7.1 1:08:40.322,20.4,99.9,20.44
2025.7.1 1:08:41.324,20.5,99.9,20.38
2025.7.1 1:08:42.342,20.5,99.9,20.38
2025.7.1 1:08:43.327,20.5,99.9,20.38
2025.7.1 1:08:44.324,20.5,99.9,20.38
2025.7.1 1:08:45.328,20.5,99.9,20.31
2025.7.1 1:08:46.328,20.6,99.9,20.31
2025.7.1 1:08:47.324,20.7,99.9,20.31
2025.7.1 1:08:48.345,20.7,99.9,20.38
2025.7.1 1:08:49.341,20.6,99.9,20.31
2025.7.1 1:08:50.338,20.5,99.9,20.31
2025.7.1 1:08:51.333,20.3,99.9,20.31
2025.7.1 1:08:52.330,20.2,99.9,20.31
2025.7.1 1:08:53.330,20.3,99.9,20.31
2025.7.1 1:08:54.340,20.5,99.9,20.31
2025.7.1 1:08:55.339,20.6,99.9,20.31
2025.7.1 1:08:56.342,20.8,99.9,20.31
2025.7.1 1:08:57.342,20.7,99.9,20.25
2025.7.1 1:08:58.335,20.8,99.9,20.25
2025.7.1 1:08:59.346,20.9,99.9,20.31
2025.7.1 1:09:00.341,20.8,99.9,20.25
2025.7.1 1:09:02.352,20.5,99.9,20.19
2025.7.1 1:09:03.344,20.5,99.9,20.19
2025.7.1 1:09:04.342,20.4,99.9,20.19
2025.7.1 1:09:05.346,20.4,99.9,20.19
2025.7.1 1:09:06.353,20.4,99.9,20.19
2025.7.1 1:09:07.348,20.3,99.9,20.19
2025.7.1 1:09:08.358,20.1,99.9,20.19
2025.7.1 1:09:09.348,20.1,99.9,20.13
2025.7.1 1:09:10.355,20.1,99.9,20.13
2025.7.1 1:09:11.352,20.1,99.9,20.19
2025.7.1 1:09:12.367,20.2,99.9,20.13
2025.7.1 1:09:13.359,20.3,99.9,20.13
2025.7.1 1:09:18.359,22.2,99.9,20.38
2025.7.1 1:09:19.369,22.1,99.9,20.38
2025.7.1 1:09:20.363,22.1,99.9,20.44
2025.7.1 1:09:21.369,22.2,99.9,20.38
2025.7.1 1:09:22.365,22.2,99.9,20.44
2025.7.1 1:09:23.364,22.5,99.9,20.44
2025.7.1 1:09:25.365,26,99.9,20.75
2025.7.1 1:09:26.367,26,99.9,20.81
2025.7.1 1:09:27.365,27.9,94.4,20.88
2025.7.1 1:09:28.364,29.3,88.3,21
2025.7.1 1:09:32.383,22.5,99.9,21.56
2025.7.1 1:09:34.386,24.8,99.9,21.13
2025.7.1 1:09:35.380,24.8,99.9,21.19
2025.7.1 1:09:36.380,24.6,99.9,21.13
2025.7.1 1:09:37.381,24.4,99.9,21.13
2025.7.1 1:09:38.393,24.4,99.9,21.13
2025.7.1 1:09:39.379,24.4,99.9,21.19
2025.7.1 1:09:40.392,24.4,99.9,21.25
2025.7.1 1:09:43.390,29.1,91.3,22.06
2025.7.1 1:09:44.411,29.6,85.3,22.19
2025.7.1 1:09:45.396,30,90,22.19
2025.7.1 1:09:46.390,29.8,88.7,22.25
2025.7.1 1:09:48.404,23.8,99.9,21.94
2025.7.1 1:09:49.406,23.8,99.9,21.88
2025.7.1 1:09:50.398,24.1,99.9,21.88
2025.7.1 1:09:51.405,24.5,99.9,21.88
2025.7.1 1:09:52.404,24.9,99.9,21.94
2025.7.1 1:09:53.406,25.3,99.9,21.94
2025.7.1 1:09:54.412,25.4,99.9,21.94
2025.7.1 1:09:55.406,25.6,99.9,22
2025.7.1 1:09:56.401,25.6,99.9,22
2025.7.1 1:09:58.412,25.9,99.9,22.06
2025.7.1 1:09:59.407,26.3,99.9,22.06
2025.7.1 1:10:00.406,26.8,99.9,22.13
2025.7.1 1:10:01.423,27.1,99.9,22.13
2025.7.1 1:10:02.418,28.1,98,22.19
2025.7.1 1:10:03.417,29.4,94.6,22.19
2025.7.1 1:10:04.409,30.6,84.3,22.31
2025.7.1 1:10:05.415,30.4,76.8,22.31
2025.7.1 1:10:06.424,30.2,77.5,22.38
2025.7.1 1:10:07.425,29.7,76.5,22.44
2025.7.1 1:10:08.420,30.2,83.5,22.5
2025.7.1 1:10:09.433,29.3,83.3,22.56
2025.7.1 1:10:10.431,29.7,84.4,22.56
2025.7.1 1:10:11.442,30.6,76.5,22.63
2025.7.1 1:10:12.428,32.3,67,22.69
2025.7.1 1:10:13.436,31.9,62.9,22.75
2025.7.1 1:10:14.427,33,59.5,22.81
2025.7.1 1:10:15.426,30.5,71.3,22.88
2025.7.1 1:10:16.429,29.9,70,22.94
2025.7.1 1:10:17.432,29.1,74.8,22.94
2025.7.1 1:10:18.440,29,73.2,23
2025.7.1 1:10:19.435,32.2,57.4,23
2025.7.1 1:10:20.433,32.8,58.8,23.06
2025.7.1 1:10:21.435,28.6,78.4,23.13
2025.7.1 1:10:22.447,28.3,82.2,23.13
2025.7.1 1:10:23.443,27.6,87,23.06
2025.7.1 1:10:24.447,27.3,84.6,23.19
2025.7.1 1:10:25.449,27.7,86.8,23.13
2025.7.1 1:10:26.441,26.3,99.9,23.13
2025.7.1 1:10:27.440,24.2,99.9,23.19
2025.7.1 1:10:28.451,23.9,99.9,23.13
2025.7.1 1:10:29.445,23.6,99.9,23.13
2025.7.1 1:10:30.457,23.1,99.9,23.13
2025.7.1 1:10:31.446,22.8,99.9,23.06
2025.7.1 1:10:33.457,24.1,99.9,23
2025.7.1 1:10:34.458,24,99.9,22.94
2025.7.1 1:10:35.454,24.7,99.9,23
2025.7.1 1:10:36.455,25.6,99.9,23
2025.7.1 1:10:37.452,26.1,99.9,23
2025.7.1 1:10:38.461,25.7,99.9,23
2025.7.1 1:10:39.454,25.8,99.9,23
2025.7.1 1:10:40.458,25.9,99.9,23
2025.7.1 1:10:41.471,24.9,99.9,23
2025.7.1 1:10:42.460,24.5,99.9,23
2025.7.1 1:10:43.463,24.4,99.9,23
2025.7.1 1:10:44.464,24.4,99.9,23
2025.7.1 1:10:45.465,24.3,99.9,23
2025.7.1 1:10:46.466,24.5,99.9,23
2025.7.1 1:10:47.478,24.3,99.9,23
2025.7.1 1:10:49.476,24.3,99.9,23
2025.7.1 1:10:50.474,24.5,99.9,22.94
2025.7.1 1:10:51.473,24.6,99.9,23
2025.7.1 1:10:52.485,24.8,99.9,23
2025.7.1 1:10:53.485,24.6,99.9,23
2025.7.1 1:10:54.477,24.5,99.9,23
2025.7.1 1:10:55.479,24.6,99.9,22.94
2025.7.1 1:10:56.479,25.4,99.9,23
2025.7.1 1:10:57.480,26.4,99.9,23
2025.7.1 1:10:58.494,27.1,99.9,23.06
2025.7.1 1:10:59.488,27.3,98.4,23.06
2025.7.1 1:11:00.483,27.3,99.1,23.06
2025.7.1 1:11:01.495,27.4,99.9,23.06
2025.7.1 1:11:02.486,27.2,99.9,23.13
2025.7.1 1:11:03.486,26.8,99.9,23.13
2025.7.1 1:11:04.489,26.5,99.9,23.19
2025.7.1 1:11:05.488,26.3,99.9,23.13
2025.7.1 1:11:06.491,26.1,99.9,23.19
2025.7.1 1:11:07.501,25.8,99.9,23.19
2025.7.1 1:11:08.500,25.7,99.9,23.25
2025.7.1 1:11:09.495,25.6,99.9,23.19
2025.7.1 1:11:10.505,25.5,99.9,23.25
2025.7.1 1:11:11.498,25.2,99.9,23.19
2025.7.1 1:11:12.525,25,99.9,23.19
2025.7.1 1:11:13.497,24.8,99.9,23.25
2025.7.1 1:11:14.508,24.6,99.9,23.25
2025.7.1 1:11:15.523,24.2,99.9,23.25
2025.7.1 1:11:16.510,23.9,99.9,23.19
2025.7.1 1:11:17.503,23.6,99.9,23.19
2025.7.1 1:11:18.514,23.5,99.9,23.19
2025.7.1 1:11:19.506,23.5,99.9,23.19
2025.7.1 1:11:20.507,23.4,99.9,23.13
2025.7.1 1:11:21.530,23.3,99.9,23.19
2025.7.1 1:11:22.508,23.3,99.9,23.13
2025.7.1 1:11:23.510,23.2,99.9,23.13
2025.7.1 1:11:24.528,23.1,99.9,23.13
2025.7.1 1:11:25.513,23.1,99.9,23.13
2025.7.1 1:11:26.522,23.1,99.9,23.13
2025.7.1 1:11:27.522,23.1,99.9,23.06
2025.7.1 1:11:28.525,23.1,99.9,23.13
2025.7.1 1:11:29.528,23,99.9,23.13
2025.7.1 1:11:30.521,23,99.9,23.13
2025.7.1 1:11:31.546,22.9,99.9,23.06
2025.7.1 1:11:32.540,22.8,99.9,23.06
2025.7.1 1:11:33.525,22.8,99.9,23.06
2025.7.1 1:11:34.537,22.8,99.9,23.06
2025.7.1 1:11:35.531,22.7,99.9,23.06
2025.7.1 1:11:36.546,22.7,99.9,23
2025.7.1 1:11:37.536,22.7,99.9,23
2025.7.1 1:11:38.527,22.7,99.9,23
2025.7.1 1:11:39.548,22.6,99.9,23
2025.7.1 1:11:40.534,22.6,99.9,23
2025.7.1 1:11:41.541,22.6,99.9,22.94
2025.7.1 1:11:42.549,22.6,99.9,22.94
2025.7.1 1:11:43.552,22.6,99.9,22.94
2025.7.1 1:11:44.553,22.6,99.9,22.94
2025.7.1 1:11:45.550,22.6,99.9,23
2025.7.1 1:11:46.553,22.6,99.9,22.94
2025.7.1 1:11:47.553,22.6,99.9,22.88
2025.7.1 1:11:48.561,22.6,99.9,22.88
2025.7.1 1:11:49.545,22.7,99.9,22.88
2025.7.1 1:11:50.565,22.7,99.9,22.88
2025.7.1 1:11:51.552,22.7,99.9,22.88
2025.7.1 1:11:52.563,22.6,99.9,22.81
2025.7.1 1:11:53.556,22.6,99.9,22.81
2025.7.1 1:11:54.554,22.7,99.9,22.88
2025.7.1 1:11:55.567,22.6,99.9,22.81
2025.7.1 1:11:56.561,22.6,99.9,22.81
2025.7.1 1:11:57.556,22.5,99.9,22.75
2025.7.1 1:11:58.575,22.4,99.9,22.81
2025.7.1 1:11:59.573,22.4,99.9,22.75
2025.7.1 1:12:00.558,22.3,99.9,22.75
2025.7.1 1:12:01.574,22.3,99.9,22.75
2025.7.1 1:12:02.569,22.3,99.9,22.81
2025.7.1 1:12:03.570,22.3,99.9,22.69
2025.7.1 1:12:04.568,22.3,99.9,22.75
2025.7.1 1:12:05.569,22.2,99.9,22.75
2025.7.1 1:12:06.575,22.3,99.9,22.69
2025.7.1 1:12:07.570,22.2,99.9,22.69
2025.7.1 1:12:08.572,22.1,99.9,22.69
2025.7.1 1:12:09.565,22.1,99.9,22.63
2025.7.1 1:12:10.573,22.1,99.9,22.69
2025.7.1 1:12:11.576,22.1,99.9,22.63
2025.7.1 1:12:12.577,22.1,99.9,22.63
2025.7.1 1:12:13.573,22.1,99.9,22.63
2025.7.1 1:12:14.590,22.2,99.9,22.56
2025.7.1 1:12:15.582,22.2,99.9,22.56
2025.7.1 1:12:16.575,22.1,99.9,22.56
2025.7.1 1:12:17.585,22.1,99.9,22.56
2025.7.1 1:12:18.585,22,99.9,22.56
2025.7.1 1:12:19.587,21.9,99.9,22.56
2025.7.1 1:12:20.597,21.9,99.9,22.56
2025.7.1 1:12:21.584,21.9,99.9,22.5
2025.7.1 1:12:22.592,21.7,99.9,22.5
2025.7.1 1:12:23.597,21.7,99.9,22.5
2025.7.1 1:12:24.583,21.6,99.9,22.5
2025.7.1 1:12:25.603,21.6,99.9,22.44
2025.7.1 1:12:26.594,21.5,99.9,22.44
2025.7.1 1:12:27.595,21.5,99.9,22.5
2025.7.1 1:12:28.601,21.5,99.9,22.44
2025.7.1 1:12:29.592,21.3,99.9,22.44
2025.7.1 1:12:30.611,21.3,99.9,22.38
2025.7.1 1:12:31.602,21.3,99.9,22.38
2025.7.1 1:12:32.594,21.3,99.9,22.38
2025.7.1 1:12:33.616,21.3,99.9,22.38
2025.7.1 1:12:34.611,21.4,99.9,22.38
2025.7.1 1:12:35.611,21.4,99.9,22.31
2025.7.1 1:12:36.617,21.3,99.9,22.31
2025.7.1 1:12:37.609,21.3,99.9,22.38
2025.7.1 1:12:38.616,21.3,99.9,22.38
2025.7.1 1:12:39.619,21.4,99.9,22.25
2025.7.1 1:12:40.618,21.3,99.9,22.25
2025.7.1 1:12:41.620,21.1,99.9,22.25
2025.7.1 1:12:42.627,20.9,99.9,22.25
2025.7.1 1:12:43.614,20.9,99.9,22.19
2025.7.1 1:12:44.623,21,99.9,22.19
2025.7.1 1:12:45.617,20.9,99.9,22.19
2025.7.1 1:12:46.639,21,99.9,22.19
2025.7.1 1:12:47.628,21.1,99.9,22.13
2025.7.1 1:12:48.624,21.1,99.9,22.19
2025.7.1 1:12:49.635,21,99.9,22.13
2025.7.1 1:12:50.635,21.1,99.9,22.13
2025.7.1 1:12:51.644,21,99.9,22.13
2025.7.1 1:12:52.642,20.9,99.9,22.06
2025.7.1 1:12:53.638,20.9,99.9,22.06
2025.7.1 1:12:54.635,21,99.9,22.13
2025.7.1 1:12:55.644,20.9,99.9,22.06
2025.7.1 1:12:56.652,20.9,99.9,22.06
2025.7.1 1:12:57.641,20.9,99.9,22
2025.7.1 1:12:58.647,20.8,99.9,22
2025.7.1 1:12:59.656,21,99.9,22
2025.7.1 1:13:00.650,21,99.9,22
2025.7.1 1:13:01.648,21,99.9,22
2025.7.1 1:13:02.652,21.1,99.9,22
2025.7.1 1:13:03.656,21.2,99.9,22
2025.7.1 1:13:04.661,21.3,99.9,22
2025.7.1 1:13:05.657,21.4,99.9,22
2025.7.1 1:13:06.655,21.4,99.9,22
2025.7.1 1:13:07.667,21.4,99.9,22
2025.7.1 1:13:08.659,21.4,99.9,21.94
2025.7.1 1:13:09.648,21.6,99.9,22
2025.7.1 1:13:10.663,21.9,99.9,21.88
2025.7.1 1:13:11.653,22.2,99.9,21.94
2025.7.1 1:13:12.664,24.7,99.9,22
2025.7.1 1:13:13.659,25.9,99.9,22
2025.7.1 1:13:14.654,23.9,99.9,22
2025.7.1 1:13:15.665,23.6,99.9,22
2025.7.1 1:13:16.663,23.8,99.9,21.94
2025.7.1 1:13:17.663,24,99.9,22
2025.7.1 1:13:18.676,24.6,99.9,22
2025.7.1 1:13:19.671,25.6,99.9,22
2025.7.1 1:13:20.677,26.7,99.9,22
2025.7.1 1:13:21.671,26.1,99.9,22
2025.7.1 1:13:22.664,25.8,99.9,22.06
2025.7.1 1:13:23.668,26.1,99.9,22.06
2025.7.1 1:13:24.678,26.2,99.9,22.06
2025.7.1 1:13:25.690,26.6,99.9,22.13
2025.7.1 1:13:26.676,26.2,99.6,22.13
2025.7.1 1:13:27.674,26.9,98.5,22.13
2025.7.1 1:13:28.676,27.4,96.5,22.19
2025.7.1 1:13:29.679,27.3,94,22.25
2025.7.1 1:13:30.683,27.3,94.6,22.25
2025.7.1 1:13:31.685,27.3,92.5,22.31
2025.7.1 1:13:32.683,27.7,92.5,22.31
2025.7.1 1:13:33.700,28.2,86.1,22.38
2025.7.1 1:13:34.689,28.2,88.2,22.38
2025.7.1 1:13:35.687,28.1,82.9,22.44
2025.7.1 1:13:36.698,28.6,77,22.5
2025.7.1 1:13:37.691,28.7,77.2,22.56
2025.7.1 1:13:38.689,28.8,79.4,22.56
2025.7.1 1:13:39.701,29.2,75.6,22.63
2025.7.1 1:13:40.686,29.7,71.9,22.69
2025.7.1 1:13:42.703,31,67.9,22.81
2025.7.1 1:13:43.692,31.9,66.5,22.81
2025.7.1 1:13:44.717,30.3,66,22.88
2025.7.1 1:13:45.697,30.3,72.7,22.94
2025.7.1 1:13:46.705,28.1,79.3,22.94
2025.7.1 1:13:47.722,28,84.5,23.06
2025.7.1 1:13:50.721,31.1,65.6,23.13
2025.7.1 1:13:51.702,32.1,60.2,23.19
2025.7.1 1:13:52.701,32.7,59.7,23.25
2025.7.1 1:13:53.708,30.9,62.9,23.38
2025.7.1 1:13:54.711,31.1,62.5,23.38
2025.7.1 1:13:55.716,28.8,75.5,23.44
2025.7.1 1:13:56.720,28,87.1,23.44
2025.7.1 1:13:57.730,27.2,94.5,23.44
2025.7.1 1:13:58.718,28.2,91.4,23.5
2025.7.1 1:13:59.717,29.3,83.4,23.5
2025.7.1 1:14:00.733,30.8,77.6,23.63
2025.7.1 1:14:01.727,29.3,78,23.63
2025.7.1 1:14:02.717,27.7,91.8,23.69
2025.7.1 1:14:03.725,28.6,89.9,23.69
2025.7.1 1:14:04.730,28.4,86.8,23.75
2025.7.1 1:14:05.719,29.7,77.4,23.75
2025.7.1 1:14:06.732,30.4,76.4,23.81
2025.7.1 1:14:07.724,30.7,72.5,23.81
2025.7.1 1:14:08.748,30.8,70.3,23.94
2025.7.1 1:14:09.741,30.9,69.9,23.94
2025.7.1 1:14:10.727,30.8,70,24
2025.7.1 1:14:11.740,31.6,64.5,24.06
2025.7.1 1:14:12.733,32.4,59.1,24.13
2025.7.1 1:14:13.737,31.7,63.6,24.13
2025.7.1 1:14:14.751,32.9,56.6,24.25
2025.7.1 1:14:15.743,33.2,55.7,24.25
2025.7.1 1:14:16.745,33.9,57.3,24.31
2025.7.1 1:14:17.747,32.7,57.3,24.44
2025.7.1 1:14:18.744,30.3,69,24.38
2025.7.1 1:14:19.746,30.9,67,24.44
2025.7.1 1:14:20.756,33.4,58.1,24.5
2025.7.1 1:14:21.740,31.7,62.3,24.5
2025.7.1 1:14:22.750,32,63.3,24.5
2025.7.1 1:14:23.751,32.4,63.3,24.56
2025.7.1 1:14:24.757,33.1,60.1,24.63
2025.7.1 1:14:25.753,33.7,56.8,24.69
2025.7.1 1:14:26.755,32.1,63.3,24.75
2025.7.1 1:14:27.751,31.9,65.3,24.75
2025.7.1 1:14:28.761,31.1,66.5,24.81
2025.7.1 1:14:29.761,31.7,65,24.81
2025.7.1 1:14:30.761,29.9,70.7,24.81
2025.7.1 1:14:31.766,29.2,78.1,24.81
2025.7.1 1:14:33.761,27.7,99.9,24
2025.7.1 1:14:34.755,28.5,99.9,24.06
2025.7.1 1:14:35.759,28.3,97.8,24.06
2025.7.1 1:14:36.766,26.9,99.9,24.13
2025.7.1 1:14:38.768,28.5,94.7,24.25
2025.7.1 1:14:39.775,28.1,96.6,24.31
2025.7.1 1:14:40.776,28.3,98.2,24.31
2025.7.1 1:14:41.770,30.2,90.5,24.44
2025.7.1 1:14:42.769,30.6,86.8,24.44
2025.7.1 1:14:43.778,30,84.6,24.5
2025.7.1 1:14:44.782,29.6,90,24.5
2025.7.1 1:14:45.777,30.5,87.4,24.56
2025.7.1 1:14:46.775,31.5,79,24.56
2025.7.1 1:14:47.785,32.2,74.4,24.63
2025.7.1 1:14:48.775,32,77.4,24.75
2025.7.1 1:14:49.781,31.5,70.5,24.75
2025.7.1 1:14:50.780,32,77.1,24.81
2025.7.1 1:14:51.780,31,74.6,24.94
2025.7.1 1:14:52.782,31,74.8,25
2025.7.1 1:14:53.782,29.7,84,25
2025.7.1 1:14:54.782,30.8,79.1,25.06
2025.7.1 1:14:55.794,31.9,74,25.13
2025.7.1 1:14:56.788,33.9,64.3,25.13
2025.7.1 1:14:57.787,31.4,75.7,25.13
2025.7.1 1:14:58.797,30.3,78.4,25.19
2025.7.1 1:14:59.802,29.6,83.8,25.19
2025.7.1 1:15:00.805,28.2,99.9,25.19
2025.7.1 1:15:01.800,26.4,99.9,25.19
2025.7.1 1:15:02.802,26,99.9,25.19
2025.7.1 1:15:03.797,26,99.9,25.19
2025.7.1 1:15:04.798,26.1,99.9,25.13
2025.7.1 1:15:05.800,26.2,99.9,25.25
2025.7.1 1:15:06.798,26.1,99.9,25.19
2025.7.1 1:15:07.801,26.9,99.9,25.25
2025.7.1 1:15:08.800,27.3,99.9,25.19
2025.7.1 1:15:09.806,27.3,99.9,25.25
2025.7.1 1:15:10.806,27.6,99.9,25.25
2025.7.1 1:15:11.807,27.5,99.9,25.19
2025.7.1 1:15:12.809,27.2,99.9,25.25
2025.7.1 1:15:13.820,26.5,99.9,25.25
2025.7.1 1:15:14.814,26.8,99.9,25.25
2025.7.1 1:15:15.822,26.3,99.9,25.19
2025.7.1 1:15:16.819,26.1,99.9,25.19
2025.7.1 1:15:17.817,26.2,99.9,25.25
2025.7.1 1:15:18.818,26.2,99.9,25.19
2025.7.1 1:15:19.819,26.6,99.9,25.19
2025.7.1 1:15:20.819,27.3,99.9,25.19
2025.7.1 1:15:21.816,28.4,98.2,25.13
2025.7.1 1:15:22.821,28.5,99.9,25.19
2025.7.1 1:15:23.821,30,89.2,25.25
2025.7.1 1:15:24.824,30,92.6,25.31
2025.7.1 1:15:25.826,30.3,83.9,25.25
2025.7.1 1:15:26.825,30.7,92.4,25.38
2025.7.1 1:15:27.838,30.9,77.5,25.38
2025.7.1 1:15:28.837,31,86.8,25.44
2025.7.1 1:15:29.839,31.1,90.5,25.44
2025.7.1 1:15:30.839,31.1,82.3,25.5
2025.7.1 1:15:31.829,30.8,87.7,25.56
2025.7.1 1:15:32.838,30.1,82.2,25.56
2025.7.1 1:15:33.830,29.9,92.4,25.63
2025.7.1 1:15:34.831,29.6,93,25.63
2025.7.1 1:15:35.835,29.3,91,25.69
2025.7.1 1:15:36.834,28.6,94.4,25.63
2025.7.1 1:15:37.839,28.6,94,25.69
2025.7.1 1:15:38.847,28.2,98.4,25.63
2025.7.1 1:15:39.852,27.6,99.9,25.69
2025.7.1 1:15:40.844,27.9,99.9,25.63
2025.7.1 1:15:41.852,28,99.9,25.69
2025.7.1 1:15:42.846,27.3,99.9,25.69
2025.7.1 1:15:43.847,27,99.9,25.63
2025.7.1 1:15:44.850,27.1,99.9,25.69
2025.7.1 1:15:45.846,26.8,99.9,25.63
2025.7.1 1:15:46.851,26.8,99.9,25.69
2025.7.1 1:15:47.859,26.8,99.9,25.63
2025.7.1 1:15:48.853,26.7,99.9,25.69
2025.7.1 1:15:49.868,27,99.9,25.63
2025.7.1 1:15:50.851,27,99.9,25.69
2025.7.1 1:15:51.866,26.9,99.9,25.63
2025.7.1 1:15:52.851,26.6,99.9,25.63
2025.7.1 1:15:53.854,26.6,99.9,25.63
2025.7.1 1:15:54.863,26.2,99.9,25.63
2025.7.1 1:15:55.866,26.1,99.9,25.63
2025.7.1 1:15:56.860,25.9,99.9,25.63
2025.7.1 1:15:57.868,25.9,99.9,25.63
2025.7.1 1:15:58.861,25.8,99.9,25.56
2025.7.1 1:15:59.869,25.7,99.9,25.56
2025.7.1 1:16:00.873,25.5,99.9,25.5
2025.7.1 1:16:01.868,25.5,99.9,25.56
2025.7.1 1:16:02.865,25.5,99.9,25.56
2025.7.1 1:16:03.871,25.4,99.9,25.5
2025.7.1 1:16:04.878,25.4,99.9,25.5
2025.7.1 1:16:05.884,25.3,99.9,25.44
2025.7.1 1:16:06.876,25.4,99.9,25.5
2025.7.1 1:16:07.875,25.2,99.9,25.44
2025.7.1 1:16:08.871,25.2,99.9,25.44
2025.7.1 1:16:09.876,25.1,99.9,25.44
2025.7.1 1:16:10.881,25,99.9,25.38
2025.7.1 1:16:11.877,24.9,99.9,25.44
2025.7.1 1:16:12.882,24.8,99.9,25.38
2025.7.1 1:16:13.881,24.8,99.9,25.38
2025.7.1 1:16:14.885,24.7,99.9,25.38
2025.7.1 1:16:15.884,24.6,99.9,25.38
2025.7.1 1:16:16.888,24.6,99.9,25.31
2025.7.1 1:16:17.887,24.5,99.9,25.31
2025.7.1 1:16:18.890,24.5,99.9,25.31
2025.7.1 1:16:19.891,24.5,99.9,25.25
2025.7.1 1:16:20.894,24.6,99.9,25.25
2025.7.1 1:16:21.889,24.6,99.9,25.25
2025.7.1 1:16:22.894,24.7,99.9,25.19
2025.7.1 1:16:23.890,24.5,99.9,25.25
2025.7.1 1:16:24.896,24.6,99.9,25.13
2025.7.1 1:16:25.894,24.7,99.9,25.19
2025.7.1 1:16:26.891,24.5,99.9,25.19
2025.7.1 1:16:27.898,24.5,99.9,25.13
2025.7.1 1:16:28.903,24.5,99.9,25.13
2025.7.1 1:16:29.900,24.5,99.9,25.06
2025.7.1 1:16:30.902,24.5,99.9,25.06
2025.7.1 1:16:31.902,24.5,99.9,25.06
2025.7.1 1:16:32.913,24.5,99.9,25.06
2025.7.1 1:16:33.904,24.4,99.9,25
2025.7.1 1:16:34.905,24.4,99.9,25.06
2025.7.1 1:16:35.907,24.4,99.9,25
2025.7.1 1:16:36.908,24.4,99.9,25
2025.7.1 1:16:37.910,24.4,99.9,25
2025.7.1 1:16:38.911,24.5,99.9,25
2025.7.1 1:16:39.919,24.5,99.9,24.94
2025.7.1 1:16:40.919,24.5,99.9,24.94
2025.7.1 1:16:41.912,24.5,99.9,24.88
2025.7.1 1:16:42.912,24.5,99.9,24.88
2025.7.1 1:16:43.922,24.4,99.9,24.88
2025.7.1 1:16:44.921,24.5,99.9,24.88
2025.7.1 1:16:45.930,24.4,99.9,24.88
2025.7.1 1:16:46.922,24.4,99.9,24.88
2025.7.1 1:16:47.916,24.3,99.9,24.88
2025.7.1 1:16:48.933,24.4,99.9,24.81
2025.7.1 1:16:49.928,24.4,99.9,24.81
2025.7.1 1:16:50.939,24.4,99.9,24.81
2025.7.1 1:16:51.926,24.4,99.9,24.88
2025.7.1 1:16:52.936,24.3,99.9,24.81
2025.7.1 1:16:53.934,24.3,99.9,24.81
2025.7.1 1:16:54.931,24.2,99.9,24.81
2025.7.1 1:16:55.930,24.2,99.9,24.75
2025.7.1 1:16:56.942,24.1,99.9,24.75
2025.7.1 1:16:57.932,24.2,99.9,24.75
2025.7.1 1:16:58.933,24.2,99.9,24.75
2025.7.1 1:16:59.934,24.2,99.9,24.75
2025.7.1 1:17:00.948,24.2,99.9,24.75
2025.7.1 1:17:01.937,24.1,99.9,24.75
2025.7.1 1:17:02.947,23.6,99.9,24.63
2025.7.1 1:17:03.939,23.4,99.9,24.63
2025.7.1 1:17:04.939,23.2,99.9,24.63
2025.7.1 1:17:05.953,23.3,99.9,24.63
2025.7.1 1:17:06.943,23.1,99.9,24.63
2025.7.1 1:17:07.945,23,99.9,24.63
2025.7.1 1:17:08.949,23.1,99.9,24.56
2025.7.1 1:17:09.951,23.2,99.9,24.56
2025.7.1 1:17:10.952,23.1,99.9,24.56
2025.7.1 1:17:11.962,22.9,99.9,24.56
2025.7.1 1:17:12.957,22.7,99.9,24.5
2025.7.1 1:17:13.951,22.6,99.9,24.5
2025.7.1 1:17:14.955,22.5,99.9,24.44
2025.7.1 1:17:15.953,22.6,99.9,24.5
2025.7.1 1:17:16.971,22.5,99.9,24.5
2025.7.1 1:17:17.958,22.2,99.9,24.38
2025.7.1 1:17:18.965,22.2,99.9,24.38
2025.7.1 1:17:19.959,22.4,99.9,24.38
2025.7.1 1:17:20.958,22.3,99.9,24.38
2025.7.1 1:17:21.957,22.4,99.9,24.38
2025.7.1 1:17:22.970,22.4,99.9,24.38
2025.7.1 1:17:23.959,22.5,99.9,24.31
2025.7.1 1:17:24.963,22.4,99.9,24.31
2025.7.1 1:17:25.964,22.4,99.9,24.25
2025.7.1 1:17:26.962,22.3,99.9,24.25
2025.7.1 1:17:27.964,22.3,99.9,24.19
2025.7.1 1:17:28.962,22.3,99.9,24.19
2025.7.1 1:17:29.969,22.2,99.9,24.19
2025.7.1 1:17:30.968,22.3,99.9,24.19
2025.7.1 1:17:31.969,22.3,99.9,24.19
2025.7.1 1:17:32.967,22.2,99.9,24.19
2025.7.1 1:17:33.979,22.3,99.9,24.13
2025.7.1 1:17:34.977,22.4,99.9,24.13
2025.7.1 1:17:35.973,22.4,99.9,24.13
2025.7.1 1:17:36.983,22.5,99.9,24.06
2025.7.1 1:17:37.983,22.5,99.9,24.06
2025.7.1 1:17:38.975,22.5,99.9,24.06
2025.7.1 1:17:39.976,22.5,99.9,24.06
2025.7.1 1:17:40.977,22.6,99.9,24.06
2025.7.1 1:17:41.978,22.9,99.9,24
2025.7.1 1:17:42.979,22.8,99.9,24
2025.7.1 1:17:43.981,22.8,99.9,24.06
2025.7.1 1:17:44.982,22.9,99.9,24
2025.7.1 1:17:45.984,22.9,99.9,23.94
2025.7.1 1:17:46.984,22.9,99.9,24
2025.7.1 1:17:47.985,22.9,99.9,24
2025.7.1 1:17:48.987,23.1,99.9,24
2025.7.1 1:17:49.994,23.4,99.9,24
2025.7.1 1:17:50.986,23.4,99.9,23.94
2025.7.1 1:17:51.988,24.1,99.9,23.94
2025.7.1 1:17:52.987,24.9,99.9,24
2025.7.1 1:17:53.990,25,99.9,24
2025.7.1 1:17:54.987,25.1,99.9,24
2025.7.1 1:17:55.991,25,99.9,24.06
2025.7.1 1:17:56.992,25.2,99.9,24
2025.7.1 1:17:57.993,25.4,99.9,24.06
2025.7.1 1:17:58.994,25.3,99.9,24.06
2025.7.1 1:17:59.994,25.6,99.9,24.06
2025.7.1 1:18:00.999,25.8,99.9,24.06
2025.7.1 1:18:01.999,26.2,99.9,24.06
2025.7.1 1:18:02.997,26.4,99.9,24.13
2025.7.1 1:18:04.000,26.2,99.9,24.13
2025.7.1 1:18:05.002,26.6,99.9,24.13
2025.7.1 1:18:06.010,27.1,99.9,24.19
2025.7.1 1:18:07.014,27.1,99.9,24.13
2025.7.1 1:18:08.004,27.5,99.9,24.19
2025.7.1 1:18:09.014,27.5,99.9,24.25
2025.7.1 1:18:10.011,28.1,99.9,24.25
2025.7.1 1:18:12.007,28.3,95.1,24.25
2025.7.1 1:18:13.016,28.1,96,24.25
2025.7.1 1:18:14.020,28.3,95.9,24.31
2025.7.1 1:18:15.012,28.8,95.5,24.31
2025.7.1 1:18:16.026,30,89.9,24.44
2025.7.1 1:18:17.012,27.9,90.1,24.88
2025.7.1 1:18:18.014,29.6,82.5,24.88
2025.7.1 1:18:19.013,30.3,77.2,24.94
2025.7.1 1:18:20.013,30.2,68.9,25
2025.7.1 1:18:21.027,29,75.3,25
2025.7.1 1:18:22.027,30.2,75.4,25.06
2025.7.1 1:18:23.017,30.3,70.5,25.06
2025.7.1 1:18:24.016,30.8,64.9,25.13
2025.7.1 1:18:25.039,31,60.4,25.19
2025.7.1 1:18:26.019,31.8,58.4,25.25
2025.7.1 1:18:27.042,32.1,56.9,25.31
2025.7.1 1:18:28.032,32.7,56.2,25.38
2025.7.1 1:18:29.023,32.4,58.1,25.44
2025.7.1 1:18:30.032,32.8,56.9,25.44
2025.7.1 1:18:31.034,33.1,54.5,25.5
2025.7.1 1:18:32.032,33.2,54.4,25.56
2025.7.1 1:18:33.038,33.3,53.6,25.63
2025.7.1 1:18:34.025,33.6,53.5,25.69
2025.7.1 1:18:35.040,33.3,55.3,25.75
2025.7.1 1:18:36.035,34.2,51.5,25.75
2025.7.1 1:18:37.035,32.7,57.4,25.75
2025.7.1 1:18:38.052,33.9,53.4,25.81
2025.7.1 1:18:39.052,31.7,61.4,25.81
2025.7.1 1:18:40.036,33.2,58.7,25.88
2025.7.1 1:18:41.055,34.5,54.6,25.94
2025.7.1 1:18:42.045,33.6,57.3,26
2025.7.1 1:18:43.041,33.1,56.9,26.06
2025.7.1 1:18:44.061,32.4,59.3,26.06
2025.7.1 1:18:45.047,30.9,63,26
2025.7.1 1:18:46.044,30,71.5,26.06
2025.7.1 1:18:47.052,29.8,72,26
2025.7.1 1:18:48.042,29.3,76.9,26.06
2025.7.1 1:18:49.061,28.6,81.9,26.06
2025.7.1 1:18:50.055,28.5,85.4,26
2025.7.1 1:18:51.060,28.3,85.9,26
2025.7.1 1:18:52.070,27.9,90.1,26
2025.7.1 1:18:53.049,28.1,91,25.94
2025.7.1 1:18:54.051,27.5,93,25.94
2025.7.1 1:18:55.069,27.2,93.5,25.94
2025.7.1 1:18:56.058,27.5,93.4,25.94
2025.7.1 1:18:57.063,27.2,96.7,25.94
2025.7.1 1:18:58.072,27.4,97.3,25.94
2025.7.1 1:18:59.069,28,96.4,25.94
2025.7.1 1:19:00.051,28.8,95,25.88
2025.7.1 1:19:01.073,29.6,93.7,25.94
2025.7.1 1:19:02.062,30.3,90.5,25.94
2025.7.1 1:19:03.079,30.5,85.6,25.94
2025.7.1 1:19:04.069,30.7,86.6,26
2025.7.1 1:19:05.061,31.3,83.2,26.06
2025.7.1 1:19:06.074,31.3,79.1,26.06
2025.7.1 1:19:07.073,31.8,75.3,26.13
2025.7.1 1:19:08.073,31.4,78.4,26.13
2025.7.1 1:19:09.087,32,75.6,26.13
2025.7.1 1:19:10.066,32,73.8,26.19
2025.7.1 1:19:11.076,32,72.6,26.19
2025.7.1 1:19:12.082,31.1,74.8,26.19
2025.7.1 1:19:13.073,31,78.8,26.25
2025.7.1 1:19:14.079,30.4,80.8,26.25
2025.7.1 1:19:15.073,30,82.5,26.25
2025.7.1 1:19:16.075,29.9,86.2,26.25
2025.7.1 1:19:17.079,29.8,86.4,26.25
2025.7.1 1:19:18.081,29.6,88,26.25
2025.7.1 1:19:19.081,30,86,26.31
2025.7.1 1:19:20.077,30,85.7,26.31
2025.7.1 1:19:21.083,30.3,83.5,26.31
2025.7.1 1:19:22.093,30,86,26.31
2025.7.1 1:19:23.100,30.2,83.3,26.31
2025.7.1 1:19:24.100,30.2,84.5,26.31
2025.7.1 1:19:25.105,29.9,85.5,26.31
2025.7.1 1:19:26.091,29.9,83.9,26.38
2025.7.1 1:19:27.092,29.9,85.1,26.38
2025.7.1 1:19:28.086,29.6,86.3,26.38
2025.7.1 1:19:29.092,29.6,87.2,26.38
2025.7.1 1:19:30.110,29.3,89.4,26.38
2025.7.1 1:19:31.098,28.6,90.2,26.38
2025.7.1 1:19:32.089,27.9,92.2,26.31
2025.7.1 1:19:33.099,28.1,94.6,26.31
2025.7.1 1:19:34.097,28.1,95.2,26.31
2025.7.1 1:19:35.107,27.6,95.2,26.31
2025.7.1 1:19:36.105,27.3,97.7,26.31
2025.7.1 1:19:37.103,27.3,98.5,26.25
2025.7.1 1:19:38.121,27,99.9,26.31
2025.7.1 1:19:39.109,26.6,99.9,26.25
2025.7.1 1:19:40.110,26.9,99.9,26.25
2025.7.1 1:19:41.112,27.1,99.9,26.25
2025.7.1 1:19:42.119,26.8,99.9,26.25
2025.7.1 1:19:43.126,26.3,99.9,26.19
2025.7.1 1:19:44.113,25.9,99.9,26.19
2025.7.1 1:19:45.109,25.8,99.9,26.19
2025.7.1 1:19:46.121,25.6,99.9,26.13
2025.7.1 1:19:47.117,25.5,99.9,26.06
2025.7.1 1:19:48.112,25.3,99.9,26.06
2025.7.1 1:19:49.126,25.7,99.9,26
2025.7.1 1:19:50.128,25.8,99.9,26
2025.7.1 1:19:51.129,25.6,99.9,26
2025.7.1 1:19:52.123,25.9,99.9,26
2025.7.1 1:19:53.120,25.5,99.9,25.94
2025.7.1 1:19:54.126,25.5,99.9,26
2025.7.1 1:19:55.124,25.6,99.9,25.94
2025.7.1 1:19:56.121,25.5,99.9,25.88
2025.7.1 1:19:57.129,25.7,99.9,25.88
2025.7.1 1:19:58.125,25.7,99.9,25.88
2025.7.1 1:19:59.121,25.7,99.9,25.81
2025.7.1 1:20:00.128,25.6,99.9,25.81
2025.7.1 1:20:01.127,25.1,99.9,25.81
2025.7.1 1:20:02.132,25.3,99.9,25.75
2025.7.1 1:20:03.142,25.3,99.9,25.75
2025.7.1 1:20:04.129,25.2,99.9,25.69
2025.7.1 1:20:05.147,25.3,99.9,25.75
2025.7.1 1:20:06.134,25.3,99.9,25.69
2025.7.1 1:20:07.141,25.3,99.9,25.69
2025.7.1 1:20:08.138,25.3,99.9,25.69
2025.7.1 1:20:09.146,25.3,99.9,25.69
2025.7.1 1:20:10.148,25.2,99.9,25.63
2025.7.1 1:20:11.150,25.1,99.9,25.63
2025.7.1 1:20:12.141,25.1,99.9,25.63
2025.7.1 1:20:13.146,25.1,99.9,25.63
2025.7.1 1:20:14.145,25,99.9,25.63
2025.7.1 1:20:15.149,24.9,99.9,25.56
2025.7.1 1:20:16.154,24.9,99.9,25.56
2025.7.1 1:20:17.156,24.8,99.9,25.5
2025.7.1 1:20:18.153,24.8,99.9,25.56
2025.7.1 1:20:19.163,24.9,99.9,25.5
2025.7.1 1:20:20.163,24.9,99.9,25.44
2025.7.1 1:20:21.157,24.8,99.9,25.44
2025.7.1 1:20:22.158,24.9,99.9,25.44
2025.7.1 1:20:23.151,24.8,99.9,25.44
2025.7.1 1:20:24.169,24.8,99.9,25.44
2025.7.1 1:20:25.168,24.8,99.9,25.38
2025.7.1 1:20:26.163,24.7,99.9,25.38
2025.7.1 1:20:27.173,24.5,99.9,25.38
2025.7.1 1:20:28.171,24.6,99.9,25.38
2025.7.1 1:20:29.168,24.7,99.9,25.31
2025.7.1 1:20:30.167,24.7,99.9,25.31
2025.7.1 1:20:31.167,24.7,99.9,25.31
2025.7.1 1:20:32.182,24.7,99.9,25.25
2025.7.1 1:20:33.178,24.7,99.9,25.25
2025.7.1 1:20:34.167,24.7,99.9,25.25
2025.7.1 1:20:35.176,24.6,99.9,25.25
2025.7.1 1:20:36.169,24.5,99.9,25.19
2025.7.1 1:20:37.180,24.5,99.9,25.19
2025.7.1 1:20:38.172,24.4,99.9,25.19
2025.7.1 1:20:39.174,24.3,99.9,25.13
2025.7.1 1:20:40.182,24.4,99.9,25.13
2025.7.1 1:20:41.179,24.4,99.9,25.13
2025.7.1 1:20:42.187,24.5,99.9,25.06
2025.7.1 1:20:43.192,24.4,99.9,25.06
2025.7.1 1:20:44.181,24.3,99.9,25.06
2025.7.1 1:20:45.196,24.3,99.9,25
2025.7.1 1:20:46.188,24.2,99.9,25
2025.7.1 1:20:47.192,24.1,99.9,24.94
2025.7.1 1:20:48.194,24,99.9,25
2025.7.1 1:20:49.190,24,99.9,24.94
2025.7.1 1:20:50.211,23.9,99.9,24.94
2025.7.1 1:20:51.196,23.9,99.9,24.94
2025.7.1 1:20:52.197,23.7,99.9,24.88
2025.7.1 1:20:53.201,23.8,99.9,24.88
2025.7.1 1:20:54.194,23.8,99.9,24.88
2025.7.1 1:20:55.191,23.8,99.9,24.88
2025.7.1 1:20:56.206,23.7,99.9,24.81
2025.7.1 1:20:57.199,23.6,99.9,24.81
2025.7.1 1:20:58.212,23.6,99.9,24.81
2025.7.1 1:20:59.203,23.5,99.9,24.75
2025.7.1 1:21:00.203,23.5,99.9,24.75
2025.7.1 1:21:01.218,23.5,99.9,24.75
2025.7.1 1:21:02.209,23.5,99.9,24.75
2025.7.1 1:21:03.201,23.5,99.9,24.75
2025.7.1 1:21:04.214,23.4,99.9,24.69
2025.7.1 1:21:05.209,23.4,99.9,24.69
2025.7.1 1:21:06.217,23.5,99.9,24.69
2025.7.1 1:21:07.214,23.5,99.9,24.63
2025.7.1 1:21:08.218,23.5,99.9,24.63
2025.7.1 1:21:09.228,23.5,99.9,24.56
2025.7.1 1:21:10.223,23.3,99.9,24.56
2025.7.1 1:21:11.211,23.2,99.9,24.56
2025.7.1 1:21:12.231,23.3,99.9,24.56
2025.7.1 1:21:13.220,23.5,99.9,24.5
2025.7.1 1:21:14.222,23.5,99.9,24.5
2025.7.1 1:21:15.214,23.5,99.9,24.5
2025.7.1 1:21:16.219,23.4,99.9,24.5
2025.7.1 1:21:17.223,23.3,99.9,24.44
2025.7.1 1:21:18.228,23.2,99.9,24.44
2025.7.1 1:21:19.223,23.2,99.9,24.44
2025.7.1 1:21:20.229,23.3,99.9,24.44
2025.7.1 1:21:21.235,23.4,99.9,24.44
2025.7.1 1:21:22.237,23.3,99.9,24.31
2025.7.1 1:21:23.242,23.3,99.9,24.31
2025.7.1 1:21:24.230,23.3,99.9,24.38
2025.7.1 1:21:25.234,23.3,99.9,24.31
2025.7.1 1:21:26.237,23.5,99.9,24.31
2025.7.1 1:21:27.239,23.6,99.9,24.31
2025.7.1 1:21:28.246,23.6,99.9,24.31
2025.7.1 1:21:29.244,24.1,99.9,24.31
2025.7.1 1:21:30.240,24.2,99.9,24.25
2025.7.1 1:21:31.250,24.3,99.9,24.31
2025.7.1 1:21:32.247,24,99.9,24.25
2025.7.1 1:21:33.234,24.1,99.9,24.25
2025.7.1 1:21:34.258,24.1,99.9,24.25
2025.7.1 1:21:35.242,23.7,99.9,24.25
2025.7.1 1:21:36.259,23.6,99.9,24.25
2025.7.1 1:21:37.247,23.5,99.9,24.19
2025.7.1 1:21:38.243,23.4,99.9,24.25
2025.7.1 1:21:39.250,23.1,99.9,24.19
2025.7.1 1:21:40.253,22.9,99.9,24.19
2025.7.1 1:21:41.246,23,99.9,24.19
2025.7.1 1:21:42.251,23.1,99.9,24.19
2025.7.1 1:21:43.250,23.1,99.9,24.19
2025.7.1 1:21:44.253,23.1,99.9,24.13
2025.7.1 1:21:45.257,23.3,99.9,24.13
2025.7.1 1:21:46.251,23.3,99.9,24.13
2025.7.1 1:21:47.261,23.3,99.9,24.13
2025.7.1 1:21:48.257,23.5,99.9,24.13
2025.7.1 1:21:49.262,23.6,99.9,24.13
2025.7.1 1:21:50.250,23.1,99.9,24.06
2025.7.1 1:21:51.257,23.3,99.9,24.06
2025.7.1 1:21:52.250,23.3,99.9,24.06
2025.7.1 1:21:53.269,23.3,99.9,24.06
2025.7.1 1:21:54.259,23.1,99.9,24.06
2025.7.1 1:21:55.264,23.1,99.9,24
2025.7.1 1:21:56.273,23.3,99.9,24
2025.7.1 1:21:57.268,23.3,99.9,24
2025.7.1 1:21:58.267,23.5,99.9,24
2025.7.1 1:21:59.277,23.8,99.9,24
2025.7.1 1:22:00.259,23.9,99.9,23.94
2025.7.1 1:22:01.273,24,99.9,24
2025.7.1 1:22:02.267,24.1,99.9,24
2025.7.1 1:22:03.264,24.3,99.9,24
2025.7.1 1:22:04.278,24.3,99.9,23.94
2025.7.1 1:22:05.270,24.6,99.9,23.94
2025.7.1 1:22:06.286,25,99.9,24
2025.7.1 1:22:07.284,25.2,99.9,24.06
2025.7.1 1:22:08.280,25.7,99.9,24.06
2025.7.1 1:22:09.282,25.5,99.9,24.06
2025.7.1 1:22:10.286,25.5,99.9,24.06
2025.7.1 1:22:11.271,25.4,99.9,24.06
2025.7.1 1:22:12.284,25.5,99.9,24.06
2025.7.1 1:22:13.288,25.5,99.9,24.13
2025.7.1 1:22:14.286,26.6,99.9,24.13
2025.7.1 1:22:15.296,26.7,99.9,24.13
2025.7.1 1:22:16.288,26.9,99.9,24.19
2025.7.1 1:22:17.296,27.6,99.9,24.19
2025.7.1 1:22:18.291,27.6,99.9,24.25
2025.7.1 1:22:19.279,28.2,99.9,24.25
2025.7.1 1:22:20.300,28.2,99.9,24.25
2025.7.1 1:22:21.289,27.5,99.9,24.31
2025.7.1 1:22:22.310,28.3,99.9,24.31
2025.7.1 1:22:23.294,28.8,99.9,24.38
2025.7.1 1:22:24.301,29.8,92.3,24.38
2025.7.1 1:22:25.300,29.2,96.2,24.44
2025.7.1 1:22:26.299,29,92.5,24.44
2025.7.1 1:22:27.305,29.4,89.5,24.5
2025.7.1 1:22:28.308,29.1,82.6,24.5
2025.7.1 1:22:29.300,29.7,73.7,24.56
2025.7.1 1:22:30.298,29,77.3,24.56
2025.7.1 1:22:31.307,29.5,72.4,24.63
2025.7.1 1:22:32.303,29.3,76.3,24.63
2025.7.1 1:22:33.323,29.7,72.3,24.63
2025.7.1 1:22:34.315,29.2,74.7,24.69
2025.7.1 1:22:35.304,28.8,76.4,24.69
2025.7.1 1:22:36.313,29.6,75.1,24.69
2025.7.1 1:22:37.312,28.9,76,24.69
2025.7.1 1:22:38.325,30.5,66.9,24.75
2025.7.1 1:22:39.317,32,59.8,24.75
2025.7.1 1:22:40.317,32.4,58.1,24.88
2025.7.1 1:22:41.323,31.6,58.9,25
2025.7.1 1:22:42.321,32.7,55.9,25
2025.7.1 1:22:43.336,31.7,59.9,25.06
2025.7.1 1:22:44.332,32.4,56.7,25.13
2025.7.1 1:22:45.322,32.8,56.6,25.13
2025.7.1 1:22:46.322,31.6,58.9,25.19
2025.7.1 1:22:47.327,30.9,59.9,25.19
2025.7.1 1:22:48.330,31,59.2,25.25
2025.7.1 1:22:49.342,30.9,60.6,25.25
2025.7.1 1:22:50.323,31.1,61.8,25.31
2025.7.1 1:22:51.324,31.9,60,25.31
2025.7.1 1:22:52.333,32.4,59.5,25.38
2025.7.1 1:22:53.337,30.7,61,25.38
2025.7.1 1:22:54.341,31.3,62.2,25.44
2025.7.1 1:22:55.338,31.9,61.1,25.44
2025.7.1 1:22:56.342,31.3,65,25.5
2025.7.1 1:22:57.343,31.4,64.3,25.5
2025.7.1 1:22:58.340,30.3,71.2,25.56
2025.7.1 1:22:59.344,30.7,69.2,25.5
2025.7.1 1:23:00.346,30.1,71.2,25.56
2025.7.1 1:23:01.342,30.4,71,25.63
2025.7.1 1:23:02.347,29.8,68.4,25.63
2025.7.1 1:23:03.347,29.7,73,25.63
2025.7.1 1:23:04.344,29.5,74.5,25.63
2025.7.1 1:23:05.357,29.9,73.8,25.63
2025.7.1 1:23:06.358,30.1,70.1,25.69
2025.7.1 1:23:07.354,29.4,75.8,25.69
2025.7.1 1:23:08.356,29.8,76.1,25.69
2025.7.1 1:23:09.351,29.8,77.4,25.69
2025.7.1 1:23:10.360,29.4,79.9,25.69
2025.7.1 1:23:11.367,29.2,80.3,25.69
2025.7.1 1:23:12.361,29.7,81.1,25.75
2025.7.1 1:23:13.368,29.3,81.3,25.75
2025.7.1 1:23:14.359,28.5,88.3,25.75
2025.7.1 1:23:15.362,28.7,87.2,25.75
2025.7.1 1:23:16.357,28.2,86.3,25.75
2025.7.1 1:23:17.362,28.4,90.1,25.75
2025.7.1 1:23:18.368,28.3,91.7,25.75
2025.7.1 1:23:19.378,28.2,92.6,25.75
2025.7.1 1:23:20.363,28.2,92.4,25.75
2025.7.1 1:23:21.375,27.6,94.4,25.75
2025.7.1 1:23:22.376,27.5,94.6,25.75
2025.7.1 1:23:23.363,27.2,99,25.69
2025.7.1 1:23:24.370,27.3,99.7,25.63
2025.7.1 1:23:25.369,27.2,99.9,25.63
2025.7.1 1:23:26.380,27,99.9,25.63
2025.7.1 1:23:27.377,26.9,99.9,25.56
2025.7.1 1:23:28.371,26.7,99.9,25.63
2025.7.1 1:23:29.379,26.5,99.9,25.56
2025.7.1 1:23:30.375,26.7,99.9,25.56
2025.7.1 1:23:31.374,26.7,99.9,25.56
2025.7.1 1:23:32.394,26.6,99.9,25.56
2025.7.1 1:23:33.389,26.3,99.9,25.56
2025.7.1 1:23:34.384,26.3,99.9,25.5
2025.7.1 1:23:35.386,26.6,99.9,25.5
2025.7.1 1:23:36.380,26.7,99.9,25.5
2025.7.1 1:23:37.404,26.8,99.9,25.5
2025.7.1 1:23:38.388,26.7,99.9,25.5
2025.7.1 1:23:39.390,26.6,99.9,25.5
2025.7.1 1:23:40.381,26.5,99.9,25.5
2025.7.1 1:23:41.388,26.4,99.9,25.44
2025.7.1 1:23:42.397,26.4,99.9,25.5
2025.7.1 1:23:43.393,26.3,99.9,25.44
2025.7.1 1:23:44.395,26.3,99.9,25.44
2025.7.1 1:23:45.401,26.1,99.9,25.44
2025.7.1 1:23:46.397,26.1,99.9,25.38
2025.7.1 1:23:47.397,26.1,99.9,25.38
2025.7.1 1:23:48.403,26.1,99.9,25.31
2025.7.1 1:23:49.412,26,99.9,25.38
2025.7.1 1:23:50.395,25.7,99.9,25.31
2025.7.1 1:23:51.420,25.4,99.9,25.31
2025.7.1 1:23:52.402,25.5,99.9,25.25
2025.7.1 1:23:53.398,25.6,99.9,25.31
2025.7.1 1:23:54.412,25.5,99.9,25.25
2025.7.1 1:23:55.412,25.6,99.9,25.25
2025.7.1 1:23:56.411,25.5,99.9,25.25
2025.7.1 1:23:57.408,25.5,99.9,25.25
2025.7.1 1:23:58.403,25.5,99.9,25.25
2025.7.1 1:23:59.414,25.4,99.9,25.19
2025.7.1 1:24:00.410,25.3,99.9,25.19
2025.7.1 1:24:01.415,25.2,99.9,25.19
2025.7.1 1:24:02.420,25.3,99.9,25.19
2025.7.1 1:24:03.413,25.3,99.9,25.13
2025.7.1 1:24:04.421,25.3,99.9,25.13
2025.7.1 1:24:05.428,25.3,99.9,25.13
2025.7.1 1:24:06.425,25.2,99.9,25.06
2025.7.1 1:24:07.420,25.2,99.9,25.06
2025.7.1 1:24:08.420,25.2,99.9,25.06
2025.7.1 1:24:09.416,25.1,99.9,25.06
2025.7.1 1:24:10.424,24.9,99.9,25.06
2025.7.1 1:24:11.421,24.8,99.9,25
2025.7.1 1:24:12.429,24.7,99.9,25
2025.7.1 1:24:13.427,24.7,99.9,24.94
2025.7.1 1:24:14.432,24.7,99.9,24.94
2025.7.1 1:24:15.442,24.6,99.9,24.94
2025.7.1 1:24:16.431,24.6,99.9,24.94
2025.7.1 1:24:17.437,24.6,99.9,24.94
2025.7.1 1:24:18.436,24.6,99.9,24.88
2025.7.1 1:24:19.441,24.6,99.9,24.88
2025.7.1 1:24:20.443,24.6,99.9,24.81
2025.7.1 1:24:21.440,24.6,99.9,24.88
2025.7.1 1:24:22.433,24.6,99.9,24.81
2025.7.1 1:24:23.445,24.6,99.9,24.88
2025.7.1 1:24:24.439,24.6,99.9,24.88
2025.7.1 1:24:25.452,24.6,99.9,24.75
2025.7.1 1:24:26.460,24.5,99.9,24.81
2025.7.1 1:24:27.442,24.5,99.9,24.75
2025.7.1 1:24:28.452,24.4,99.9,24.75
2025.7.1 1:24:29.455,24.4,99.9,24.75
2025.7.1 1:24:30.452,24.5,99.9,24.75
2025.7.1 1:24:31.466,24.4,99.9,24.75
2025.7.1 1:24:32.452,24.3,99.9,24.69
2025.7.1 1:24:33.455,24.2,99.9,24.75
2025.7.1 1:24:34.454,24.3,99.9,24.69
2025.7.1 1:24:35.452,24.4,99.9,24.69
2025.7.1 1:24:36.470,24.4,99.9,24.69
2025.7.1 1:24:37.467,24.4,99.9,24.63
2025.7.1 1:24:38.454,24.4,99.9,24.69
2025.7.1 1:24:39.466,24.2,99.9,24.63
2025.7.1 1:24:40.471,24.2,99.9,24.63
2025.7.1 1:24:41.467,24.3,99.9,24.56
2025.7.1 1:24:42.468,24.4,99.9,24.63
2025.7.1 1:24:43.474,24.4,99.9,24.56
2025.7.1 1:24:44.463,24.4,99.9,24.56
2025.7.1 1:24:45.468,24.3,99.9,24.56
2025.7.1 1:24:46.464,24.3,99.9,24.56
2025.7.1 1:24:47.475,24.4,99.9,24.56
2025.7.1 1:24:48.469,24.5,99.9,24.5
2025.7.1 1:24:49.466,24.4,99.9,24.5
2025.7.1 1:24:50.473,24.4,99.9,24.5
2025.7.1 1:24:51.471,24.3,99.9,24.5
2025.7.1 1:24:52.476,24.3,99.9,24.44
2025.7.1 1:24:53.482,24.2,99.9,24.44
2025.7.1 1:24:54.472,24.1,99.9,24.5
2025.7.1 1:24:55.486,24,99.9,24.44
2025.7.1 1:24:56.480,24,99.9,24.38
2025.7.1 1:24:57.482,24.1,99.9,24.38
2025.7.1 1:24:58.494,23.8,99.9,24.38
2025.7.1 1:24:59.480,23.9,99.9,24.38
2025.7.1 1:25:00.475,24.1,99.9,24.31
2025.7.1 1:25:01.497,24.1,99.9,24.38
2025.7.1 1:25:02.481,24.1,99.9,24.31
2025.7.1 1:25:03.494,24,99.9,24.38
2025.7.1 1:25:04.490,24,99.9,24.38
2025.7.1 1:25:05.483,24,99.9,24.31
2025.7.1 1:25:06.495,24,99.9,24.31
2025.7.1 1:25:07.492,23.6,99.9,24.31
2025.7.1 1:25:08.487,23.2,99.9,24.25
2025.7.1 1:25:09.503,23.2,99.9,24.25
2025.7.1 1:25:10.492,23.5,99.9,24.19
2025.7.1 1:25:11.503,23,99.9,24.25
2025.7.1 1:25:12.507,22.9,99.9,24.19
2025.7.1 1:25:13.501,23,99.9,24.19
2025.7.1 1:25:14.500,22.9,99.9,24.19
2025.7.1 1:25:15.503,22.9,99.9,24.13
2025.7.1 1:25:16.497,22.7,99.9,24.13
2025.7.1 1:25:17.517,23.1,99.9,24.13
2025.7.1 1:25:18.512,23.4,99.9,24.13
2025.7.1 1:25:19.510,23.5,99.9,24.06
2025.7.1 1:25:20.520,23.3,99.9,24.06
2025.7.1 1:25:21.503,23.4,99.9,24.06
2025.7.1 1:25:22.514,23.7,99.9,24.13
2025.7.1 1:25:23.500,23.9,99.9,24
2025.7.1 1:25:24.506,23.9,99.9,24
2025.7.1 1:25:25.519,24,99.9,24.06
2025.7.1 1:25:26.521,24,99.9,24.06
2025.7.1 1:25:27.522,23.6,99.9,24
2025.7.1 1:25:28.513,23.4,99.9,24
2025.7.1 1:25:29.521,23.3,99.9,24
2025.7.1 1:25:30.525,23.4,99.9,24
2025.7.1 1:25:31.530,23.6,99.9,24
2025.7.1 1:25:32.525,24,99.9,24
2025.7.1 1:25:33.526,24.4,99.9,23.94
2025.7.1 1:25:34.522,24.7,99.9,24
2025.7.1 1:25:35.526,24.6,99.9,24
2025.7.1 1:25:36.527,24.4,99.9,24
2025.7.1 1:25:37.535,24.6,99.9,24.06
2025.7.1 1:25:38.531,24.8,99.9,23.94
2025.7.1 1:25:39.536,25.2,99.9,24
2025.7.1 1:25:40.536,25.6,99.9,24
2025.7.1 1:25:41.537,25.3,99.9,24.06
2025.7.1 1:25:42.534,24.8,99.9,24.06
2025.7.1 1:25:43.535,24.8,99.9,24.06
2025.7.1 1:25:44.547,24.6,99.9,24
2025.7.1 1:25:45.541,24.8,99.9,24
2025.7.1 1:25:46.551,25,99.9,24
2025.7.1 1:25:47.541,24.9,99.9,24
2025.7.1 1:25:48.536,25.1,99.9,24.06
2025.7.1 1:25:49.545,25.3,99.9,24
2025.7.1 1:25:50.543,25.6,99.9,24.06
2025.7.1 1:25:51.544,25.5,99.9,24.06
2025.7.1 1:25:52.555,27,99.9,24.06
2025.7.1 1:25:53.546,28.1,99.9,24.13
2025.7.1 1:25:54.553,28.8,99.9,24.13
2025.7.1 1:25:55.548,27.8,99.9,24.19
2025.7.1 1:25:56.554,27.6,99.9,24.25
2025.7.1 1:25:57.553,27.6,99.9,24.25
2025.7.1 1:25:58.551,27.7,99.9,24.25
2025.7.1 1:25:59.561,27.5,99.9,24.31
2025.7.1 1:26:00.568,27.3,99.9,24.31
2025.7.1 1:26:01.562,26.8,99.9,24.31
2025.7.1 1:26:02.562,26.4,99.9,24.31
2025.7.1 1:26:03.563,26.2,99.9,24.31
2025.7.1 1:26:04.562,26.3,99.9,24.31
2025.7.1 1:26:05.566,26.5,99.9,24.31
2025.7.1 1:26:06.562,26.7,99.9,24.38
2025.7.1 1:26:07.581,26.2,99.9,24.38
2025.7.1 1:26:08.568,25.7,99.9,24.38
2025.7.1 1:26:09.575,25.5,99.9,24.44
2025.7.1 1:26:10.579,23.1,99.9,23.25
2025.7.1 1:26:11.569,23,99.9,23.25
2025.7.1 1:26:12.574,22.5,99.9,23.19
2025.7.1 1:26:13.584,22.9,99.9,23.19
2025.7.1 1:26:14.573,22.3,99.9,23.13
2025.7.1 1:26:15.568,22.2,99.9,23.13
2025.7.1 1:26:16.575,22.2,99.9,23.06
2025.7.1 1:26:17.580,22.3,99.9,23.06
2025.7.1 1:26:18.575,22.7,99.9,23.13
2025.7.1 1:26:19.576,22.4,99.9,23.06
2025.7.1 1:26:20.583,22.4,99.9,23.06
2025.7.1 1:26:21.584,22.5,99.9,23.06
2025.7.1 1:26:22.587,22.5,99.9,23.06
2025.7.1 1:26:23.588,22.7,99.9,23.06
2025.7.1 1:26:24.593,22.9,99.9,23
2025.7.1 1:26:25.582,22.7,99.9,23.06
2025.7.1 1:26:26.600,22.9,99.9,23.06
2025.7.1 1:26:27.599,22.8,99.9,23.06
2025.7.1 1:26:28.584,22.9,99.9,23.06
2025.7.1 1:26:29.605,23,99.9,23.06
2025.7.1 1:26:30.593,22.9,99.9,23
2025.7.1 1:26:31.596,22.9,99.9,23
2025.7.1 1:26:32.596,22.9,99.9,23.06
2025.7.1 1:26:33.607,22.7,99.9,23.06
2025.7.1 1:26:34.603,22.4,99.9,23
2025.7.1 1:26:35.599,22.6,99.9,23
2025.7.1 1:26:36.596,22.5,99.9,23
2025.7.1 1:26:37.605,22.6,99.9,23
2025.7.1 1:26:38.608,22.7,99.9,23
2025.7.1 1:26:39.596,22.7,99.9,22.94
2025.7.1 1:26:40.607,22.6,99.9,23
2025.7.1 1:26:41.612,22.7,99.9,22.94
2025.7.1 1:26:42.616,22.7,99.9,23
2025.7.1 1:26:43.619,22.7,99.9,22.94
2025.7.1 1:26:44.606,22.6,99.9,22.94
2025.7.1 1:26:45.615,22.4,99.9,22.94
2025.7.1 1:26:46.624,22.3,99.9,22.94
2025.7.1 1:26:47.611,22.1,99.9,22.94
2025.7.1 1:26:48.626,22.6,99.9,22.94
2025.7.1 1:26:49.620,22.6,99.9,22.88
2025.7.1 1:26:50.608,22.7,99.9,22.88
2025.7.1 1:26:51.618,22.7,99.9,22.88
2025.7.1 1:26:52.622,22.5,99.9,22.88
2025.7.1 1:26:53.636,22.5,99.9,22.88
2025.7.1 1:26:54.628,22.5,99.9,22.88
2025.7.1 1:26:55.619,22.4,99.9,22.88
2025.7.1 1:26:56.628,22.8,99.9,22.88
2025.7.1 1:26:57.629,22.8,99.9,22.88
2025.7.1 1:26:58.640,22.7,99.9,22.88
2025.7.1 1:26:59.643,22.7,99.9,22.88
2025.7.1 1:27:00.635,22.8,99.9,22.88
2025.7.1 1:27:01.638,22.6,99.9,22.88
2025.7.1 1:27:02.638,22.5,99.9,22.88
2025.7.1 1:27:03.629,22.3,99.9,22.81
2025.7.1 1:27:04.643,22.4,99.9,22.81
2025.7.1 1:27:05.635,22.6,99.9,22.81
2025.7.1 1:27:06.636,22.8,99.9,22.81
2025.7.1 1:27:07.643,22.7,99.9,22.81
2025.7.1 1:27:08.644,22.8,99.9,22.81
2025.7.1 1:27:09.651,22.9,99.9,22.81
2025.7.1 1:27:10.654,23.1,99.9,22.81
2025.7.1 1:27:11.640,23.2,99.9,22.81
2025.7.1 1:27:12.663,23,99.9,22.81
2025.7.1 1:27:13.652,23,99.9,22.81
2025.7.1 1:27:14.653,23,99.9,22.75
2025.7.1 1:27:15.662,23.1,99.9,22.81
2025.7.1 1:27:16.655,23.1,99.9,22.75
2025.7.1 1:27:17.664,23.1,99.9,22.75
2025.7.1 1:27:18.653,23,99.9,22.75
2025.7.1 1:27:19.657,23.1,99.9,22.75
2025.7.1 1:27:20.661,23.1,99.9,22.75
2025.7.1 1:27:21.665,23.2,99.9,22.75
2025.7.1 1:27:22.660,23.3,99.9,22.75
2025.7.1 1:27:23.668,23.3,99.9,22.75
2025.7.1 1:27:24.664,24.7,99.9,21.75
2025.7.1 1:27:25.671,27.7,98.4,22.88
2025.7.1 1:27:26.671,28.2,99.9,22.88
2025.7.1 1:27:27.663,28.2,96.9,22.94
2025.7.1 1:27:28.666,28.5,98,23
2025.7.1 1:27:29.667,28.4,97,23
2025.7.1 1:27:30.665,28.6,94.1,23.06
2025.7.1 1:27:31.676,28.9,97.1,23.13
2025.7.1 1:27:32.668,28.9,94.5,23.13
2025.7.1 1:27:33.668,29,91.7,23.19
2025.7.1 1:27:34.669,29.4,90,23.19
2025.7.1 1:27:35.669,29,89.1,23.19
2025.7.1 1:27:36.680,28.8,91.3,23.25
2025.7.1 1:27:37.679,28.4,90.9,23.25
2025.7.1 1:27:38.679,28.4,92.2,23.25
2025.7.1 1:27:39.681,27.9,92.3,23.31
2025.7.1 1:27:40.671,27.8,93.5,23.31
2025.7.1 1:27:41.672,28,93.2,23.31
2025.7.1 1:27:42.687,28.4,92.9,23.38
2025.7.1 1:27:43.681,28,93.2,23.38
2025.7.1 1:27:44.690,28.1,93.1,23.38
2025.7.1 1:27:45.679,28.1,93.4,23.38
2025.7.1 1:27:46.676,29.8,88.1,23.44
2025.7.1 1:27:47.693,31.1,78.8,23.5
2025.7.1 1:27:48.682,31.6,74.5,23.63
2025.7.1 1:27:49.676,31.9,85.8,23.88
2025.7.1 1:27:50.692,31.9,78.9,23.88
2025.7.1 1:27:51.681,32.2,74.2,23.94
2025.7.1 1:27:52.677,31.5,74.6,24
2025.7.1 1:27:53.687,31.9,77.3,24.06
2025.7.1 1:27:54.685,32.2,80.1,24.13
2025.7.1 1:27:55.691,32.4,69.3,24.19
2025.7.1 1:27:56.693,32.3,72.6,24.25
2025.7.1 1:27:57.688,32.2,71.8,24.25
2025.7.1 1:27:58.692,32.7,67.7,24.38
2025.7.1 1:27:59.699,32.4,66.8,24.44
2025.7.1 1:28:00.694,31.6,73.1,24.44
2025.7.1 1:28:01.704,32.1,73.4,24.56
2025.7.1 1:28:02.694,31.7,70.6,24.56
2025.7.1 1:28:03.700,32.5,68.1,24.63
2025.7.1 1:28:04.710,33.4,66.4,24.69
2025.7.1 1:28:05.696,33.2,62.4,24.75
2025.7.1 1:28:06.708,33.7,63.2,24.81
2025.7.1 1:28:07.706,31.6,74.9,24.81
2025.7.1 1:28:08.699,32.7,66.8,24.94
2025.7.1 1:28:09.711,32.8,67.4,25
2025.7.1 1:28:10.714,32.1,66.1,25
2025.7.1 1:28:11.716,31.4,70.6,25
2025.7.1 1:28:12.720,32.5,69.1,25.06
2025.7.1 1:28:13.704,33.6,66.2,25.13
2025.7.1 1:28:14.726,32.7,68.2,25.13
2025.7.1 1:28:15.721,33.2,69.1,25.19
2025.7.1 1:28:16.734,32.6,68.3,25.25
2025.7.1 1:28:17.720,32.1,69.2,25.25
2025.7.1 1:28:18.718,31.6,75.4,25.25
2025.7.1 1:28:19.734,31.6,72.9,25.31
2025.7.1 1:28:20.724,30.3,78.6,25.31
2025.7.1 1:28:21.725,30.6,79.5,25.38
2025.7.1 1:28:22.734,32.1,72.1,25.38
2025.7.1 1:28:23.731,32.6,68.3,25.38
2025.7.1 1:28:24.718,32.4,68.7,25.38
2025.7.1 1:28:25.731,32.8,65.9,25.5
2025.7.1 1:28:26.734,33,64.7,25.5
2025.7.1 1:28:27.736,33.3,63.3,25.5
2025.7.1 1:28:28.733,33.3,62.2,25.56
2025.7.1 1:28:29.736,33.8,62.2,25.56
2025.7.1 1:28:30.735,33.1,64.4,25.63
2025.7.1 1:28:31.735,33.1,63.7,25.63
2025.7.1 1:28:32.741,33.4,61.5,25.69
2025.7.1 1:28:33.751,33.8,60.7,25.75
2025.7.1 1:28:34.737,33.7,59.8,25.75
2025.7.1 1:28:35.745,33.6,59.1,25.81
2025.7.1 1:28:36.755,33.7,59.4,25.81
2025.7.1 1:28:37.737,33.5,58.3,25.88
2025.7.1 1:28:38.739,32.9,61.5,25.88
2025.7.1 1:28:39.752,33.5,60.4,25.94
2025.7.1 1:28:40.764,33,62.1,25.94
2025.7.1 1:28:41.751,32.9,62.2,25.94
2025.7.1 1:28:42.756,32.3,63.2,25.94
2025.7.1 1:28:43.767,31.8,65.5,26
2025.7.1 1:28:44.757,32.7,62.4,26
2025.7.1 1:28:45.760,31.7,67.6,26.06
2025.7.1 1:28:46.759,31.4,70.8,26.06
2025.7.1 1:28:47.764,32.1,69.5,26
2025.7.1 1:28:48.770,32.1,67.5,26
2025.7.1 1:28:49.761,30.9,73.4,26.06
2025.7.1 1:28:50.774,30.3,75,26.06
2025.7.1 1:28:51.766,30,79.4,26.06
2025.7.1 1:28:52.764,30,80.4,26.06
2025.7.1 1:28:53.759,29.4,80,26.06
2025.7.1 1:28:54.770,29.6,83.7,26.06
2025.7.1 1:28:55.776,29.3,85.8,26.06
2025.7.1 1:28:56.770,29.5,85.2,26.06
2025.7.1 1:28:57.771,29.5,86.1,26.06
2025.7.1 1:28:58.766,29.7,83.3,26.06
2025.7.1 1:28:59.770,29.6,83.4,26.06
2025.7.1 1:29:00.773,29.7,83.6,26.06
2025.7.1 1:29:01.768,29.4,84.6,26.06
2025.7.1 1:29:02.777,29.5,86.9,26.06
2025.7.1 1:29:03.773,28.9,88.7,26
2025.7.1 1:29:04.780,29,87.5,26
2025.7.1 1:29:05.781,29,87.5,26.06
2025.7.1 1:29:06.777,28.9,87.3,26
2025.7.1 1:29:07.793,29,88.3,26
2025.7.1 1:29:08.791,28.9,89,26
2025.7.1 1:29:09.788,28.6,90,26
2025.7.1 1:29:10.792,28.7,91.4,26
2025.7.1 1:29:11.794,28.4,93,25.94
2025.7.1 1:29:12.780,28.2,94.1,26
2025.7.1 1:29:13.800,27.8,95.7,26
2025.7.1 1:29:14.784,27.7,96.1,25.94
2025.7.1 1:29:15.805,27.5,97.9,25.94
2025.7.1 1:29:16.782,27.4,99.2,25.88
2025.7.1 1:29:17.795,27.4,99.2,25.88
2025.7.1 1:29:18.793,27.2,99.9,25.88
2025.7.1 1:29:19.795,27,99.9,25.81
2025.7.1 1:29:20.788,26.8,99.9,25.81
2025.7.1 1:29:21.805,26.4,99.9,25.81
2025.7.1 1:29:22.797,26.4,99.9,25.81
2025.7.1 1:29:23.804,26.3,99.9,25.81
2025.7.1 1:29:24.802,26.3,99.9,25.75
2025.7.1 1:29:25.806,26.1,99.9,25.75
2025.7.1 1:29:26.814,25.9,99.9,25.69
2025.7.1 1:29:27.807,25.6,99.9,25.69
2025.7.1 1:29:28.799,25.2,99.9,25.63
2025.7.1 1:29:29.808,25.4,99.9,25.63
2025.7.1 1:29:30.813,25.5,99.9,25.63
2025.7.1 1:29:31.814,25.5,99.9,25.63
2025.7.1 1:29:32.811,25.6,99.9,25.56
2025.7.1 1:29:33.807,25.5,99.9,25.56
2025.7.1 1:29:34.815,25.4,99.9,25.56
2025.7.1 1:29:35.811,25.4,99.9,25.56
2025.7.1 1:29:36.806,25.5,99.9,25.5
2025.7.1 1:29:37.830,25.5,99.9,25.5
2025.7.1 1:29:38.816,25.5,99.9,25.5
2025.7.1 1:29:39.820,25.5,99.9,25.44
2025.7.1 1:29:40.817,25.5,99.9,25.44
2025.7.1 1:29:41.817,25.4,99.9,25.44
2025.7.1 1:29:42.830,25.3,99.9,25.38
2025.7.1 1:29:43.831,25.1,99.9,25.38
2025.7.1 1:29:44.820,25.3,99.9,25.38
2025.7.1 1:29:45.831,25.2,99.9,25.38
2025.7.1 1:29:46.838,25.2,99.9,25.31
2025.7.1 1:29:47.832,25.1,99.9,25.31
2025.7.1 1:29:48.827,25,99.9,25.31
2025.7.1 1:29:49.825,25,99.9,25.25
2025.7.1 1:29:50.836,25,99.9,25.31
2025.7.1 1:29:51.831,25.1,99.9,25.25
2025.7.1 1:29:52.828,25,99.9,25.25
2025.7.1 1:29:53.834,25,99.9,25.25
2025.7.1 1:29:54.834,25,99.9,25.19
2025.7.1 1:29:55.827,25,99.9,25.19
2025.7.1 1:29:56.836,24.9,99.9,25.19
2025.7.1 1:29:57.837,24.9,99.9,25.13
2025.7.1 1:29:58.830,24.9,99.9,25.13
2025.7.1 1:29:59.846,24.8,99.9,25.13
2025.7.1 1:30:00.835,24.9,99.9,25.13
2025.7.1 1:30:01.852,24.8,99.9,25.06
2025.7.1 1:30:02.851,24.8,99.9,25.06
2025.7.1 1:30:03.841,24.8,99.9,25.06
2025.7.1 1:30:04.843,24.8,99.9,25.06
2025.7.1 1:30:05.853,24.7,99.9,25
2025.7.1 1:30:06.843,24.8,99.9,25
2025.7.1 1:30:07.853,24.7,99.9,25
2025.7.1 1:30:08.846,24.6,99.9,25
2025.7.1 1:30:09.852,24.6,99.9,25
2025.7.1 1:30:10.855,24.7,99.9,24.94
2025.7.1 1:30:11.858,24.6,99.9,24.94
2025.7.1 1:30:12.862,24.5,99.9,24.94
2025.7.1 1:30:13.853,24.5,99.9,24.94
2025.7.1 1:30:14.849,24.6,99.9,24.88
2025.7.1 1:30:15.859,24.5,99.9,24.88
2025.7.1 1:30:16.866,24.4,99.9,24.88
2025.7.1 1:30:17.860,24.5,99.9,24.81
2025.7.1 1:30:18.870,24.4,99.9,24.88
2025.7.1 1:30:19.862,24.5,99.9,24.88
2025.7.1 1:30:20.877,24.4,99.9,24.88
2025.7.1 1:30:21.864,24.3,99.9,24.81
2025.7.1 1:30:22.863,24.3,99.9,24.81
2025.7.1 1:30:23.868,24.4,99.9,24.75
2025.7.1 1:30:24.868,24.3,99.9,24.75
2025.7.1 1:30:25.874,24.4,99.9,24.75
2025.7.1 1:30:26.875,24.4,99.9,24.75
2025.7.1 1:30:27.880,24.4,99.9,24.75
2025.7.1 1:30:28.874,24.4,99.9,24.69
2025.7.1 1:30:29.882,24.2,99.9,24.63
2025.7.1 1:30:30.875,24.1,99.9,24.63
2025.7.1 1:30:31.881,24.2,99.9,24.69
2025.7.1 1:30:32.883,24.3,99.9,24.63
2025.7.1 1:30:33.868,24.1,99.9,24.63
2025.7.1 1:30:34.880,24.3,99.9,24.63
2025.7.1 1:30:35.876,24.2,99.9,24.56
2025.7.1 1:30:36.894,24.3,99.9,24.56
2025.7.1 1:30:37.884,24.2,99.9,24.56
2025.7.1 1:30:38.889,24.1,99.9,24.56
2025.7.1 1:30:39.893,24.1,99.9,24.56
2025.7.1 1:30:40.888,24.1,99.9,24.5
2025.7.1 1:30:41.892,24,99.9,24.5
2025.7.1 1:30:42.894,24.1,99.9,24.44
2025.7.1 1:30:43.891,24.1,99.9,24.5
2025.7.1 1:30:44.892,24.1,99.9,24.44
2025.7.1 1:30:45.900,24.1,99.9,24.44
2025.7.1 1:30:46.891,24,99.9,24.44
2025.7.1 1:30:47.901,23.9,99.9,24.44
2025.7.1 1:30:48.895,23.9,99.9,24.44
2025.7.1 1:30:49.904,24,99.9,24.38
2025.7.1 1:30:50.903,23.9,99.9,24.38
2025.7.1 1:30:51.900,23.7,99.9,24.38
2025.7.1 1:30:52.909,23.7,99.9,24.31
2025.7.1 1:30:53.904,23.8,99.9,24.38
2025.7.1 1:30:54.904,23.7,99.9,24.38
2025.7.1 1:30:55.909,23.7,99.9,24.38
2025.7.1 1:30:56.909,23.6,99.9,24.31
2025.7.1 1:30:57.904,23.5,99.9,24.31
2025.7.1 1:30:58.910,23.5,99.9,24.31
2025.7.1 1:30:59.913,23.6,99.9,24.31
2025.7.1 1:31:00.925,23.6,99.9,24.25
2025.7.1 1:31:01.915,23.7,99.9,24.25
2025.7.1 1:31:02.909,23.7,99.9,24.19
2025.7.1 1:31:03.919,23.6,99.9,24.25
2025.7.1 1:31:04.917,23.5,99.9,24.25
2025.7.1 1:31:05.915,23.4,99.9,24.19
2025.7.1 1:31:06.934,23.4,99.9,24.19
2025.7.1 1:31:07.920,23.4,99.9,24.13
2025.7.1 1:31:08.930,23.4,99.9,24.13
2025.7.1 1:31:09.924,23.4,99.9,24.13
2025.7.1 1:31:10.927,23.6,99.9,24.13
2025.7.1 1:31:11.935,23.7,99.9,24.13
2025.7.1 1:31:12.927,23.9,99.9,24.13
2025.7.1 1:31:13.938,24,99.9,24.13
2025.7.1 1:31:14.941,24.2,99.9,24.13
2025.7.1 1:31:15.928,25.9,99.9,24.13
2025.7.1 1:31:16.936,27.6,99.9,24.13
2025.7.1 1:31:17.934,28.9,99.9,24.19
2025.7.1 1:31:18.940,29.2,98.4,24.19
2025.7.1 1:31:19.941,29.1,98.8,24.19
2025.7.1 1:31:20.944,28,99.9,24.19
2025.7.1 1:31:21.944,26.6,99.9,24.25
2025.7.1 1:31:22.941,26.4,99.9,24.19
2025.7.1 1:31:23.938,26.2,99.9,24.19
2025.7.1 1:31:24.939,26,99.9,24.25
2025.7.1 1:31:25.944,26.6,99.9,24.25
2025.7.1 1:31:26.940,28.3,99.9,24.25
2025.7.1 1:31:27.940,27.8,99.9,24.25
2025.7.1 1:31:28.951,28,99.9,24.25
2025.7.1 1:31:29.949,27.2,99.9,24.25
2025.7.1 1:31:30.957,29.2,99.9,24.25
2025.7.1 1:31:31.952,32.2,89.3,24.31
2025.7.1 1:31:32.955,30.5,90,24.31
2025.7.1 1:31:33.954,28.4,97,24.31
2025.7.1 1:31:34.950,30,98.5,24.38
2025.7.1 1:31:35.958,31.3,88.7,24.38
2025.7.1 1:31:36.954,30.2,87.7,24.44
2025.7.1 1:31:37.962,29.5,94.2,24.44
2025.7.1 1:31:38.953,31.7,87.6,24.5
2025.7.1 1:31:39.959,31.9,83.1,24.5
2025.7.1 1:31:40.958,31.8,79.7,24.56
2025.7.1 1:31:41.958,31.3,80.2,24.56
2025.7.1 1:31:42.974,30,87.1,24.63
2025.7.1 1:31:43.964,29.6,89.2,24.63
2025.7.1 1:31:44.971,30.5,87.5,24.69
2025.7.1 1:31:45.974,30.6,84.7,24.69
2025.7.1 1:31:46.970,31.2,79.8,24.75
2025.7.1 1:31:47.977,32.1,73.7,24.81
2025.7.1 1:31:48.976,32,74.2,24.81
2025.7.1 1:31:49.981,33.3,69.3,24.88
2025.7.1 1:31:50.975,33.9,65.4,24.94
2025.7.1 1:31:51.977,34,63,25
2025.7.1 1:31:52.978,34,65.7,25.06
2025.7.1 1:31:53.978,32.9,67.3,25.13
2025.7.1 1:31:54.978,32.6,69.7,25.13
2025.7.1 1:31:55.985,31.4,73.7,25.19
2025.7.1 1:31:56.981,31.3,76.5,25.25
2025.7.1 1:31:57.982,32.4,68.2,25.31
2025.7.1 1:31:58.993,31.4,73.6,25.31
2025.7.1 1:31:59.991,31.1,77.4,25.38
2025.7.1 1:32:00.998,29.9,80.5,25.31
2025.7.1 1:32:01.994,30.1,83.6,25.38
2025.7.1 1:32:02.988,30.7,81.7,25.44
2025.7.1 1:32:03.991,30.8,79.7,25.38
2025.7.1 1:32:04.991,30.7,80.4,25.44
2025.7.1 1:32:06.004,31.2,75.3,25.44
2025.7.1 1:32:06.992,31.3,76.3,25.44
2025.7.1 1:32:07.996,32.4,70.3,25.5
2025.7.1 1:32:08.996,33.1,63.3,25.56
2025.7.1 1:32:10.008,33.6,61.6,25.63
2025.7.1 1:32:10.999,33.7,63.4,25.69
2025.7.1 1:32:12.009,34,65.5,25.75
2025.7.1 1:32:13.003,29.6,73.7,24.25
2025.7.1 1:32:14.003,29.2,76.8,24.31
2025.7.1 1:32:15.015,30,71.8,24.31
2025.7.1 1:32:16.017,29.7,69.4,24.38
2025.7.1 1:32:17.009,30.3,67.3,24.38
2025.7.1 1:32:18.010,30.1,70.6,24.44
2025.7.1 1:32:19.011,29.7,69.9,24.44
2025.7.1 1:32:20.013,29.5,70.2,24.44
2025.7.1 1:32:21.013,30.3,68,24.44
2025.7.1 1:32:22.022,30.1,66.2,24.5
2025.7.1 1:32:23.015,32,60.5,24.56
2025.7.1 1:32:24.016,32.5,55.4,24.69
2025.7.1 1:32:25.016,32.3,54.9,24.69
2025.7.1 1:32:26.028,31.6,56.2,24.69
2025.7.1 1:32:27.020,32.6,51.9,24.81
2025.7.1 1:32:28.023,32.9,52.1,24.88
2025.7.1 1:32:29.026,33.1,50.8,24.88
2025.7.1 1:32:30.032,32.7,52.2,24.94
2025.7.1 1:32:31.034,32.9,52.7,25.06
2025.7.1 1:32:32.036,33.1,52.8,25.13
2025.7.1 1:32:33.033,31.9,53.9,25.19
2025.7.1 1:32:34.043,31.4,58.4,25.19
2025.7.1 1:32:35.035,28,87.1,26.25
2025.7.1 1:32:36.035,28.1,85.5,26.25
2025.7.1 1:32:37.035,28.1,86.1,26.19
2025.7.1 1:32:38.039,28,87,26.19
2025.7.1 1:32:39.050,28.1,83.8,26.13
2025.7.1 1:32:40.047,28.2,83.6,26.13
2025.7.1 1:32:41.043,28,85.3,26.13
2025.7.1 1:32:42.043,27.9,86.8,26.06
2025.7.1 1:32:43.046,28,86.4,26.06
2025.7.1 1:32:44.056,27.8,88.7,26.06
2025.7.1 1:32:45.048,27.8,89.6,26
2025.7.1 1:32:46.050,27.6,90.8,26
2025.7.1 1:32:47.052,27.4,92.2,26
2025.7.1 1:32:48.055,27.5,91.5,26
2025.7.1 1:32:49.064,27.4,91.6,25.94
2025.7.1 1:32:50.066,27.4,91.9,25.94
2025.7.1 1:32:51.053,27.4,92.2,25.94
2025.7.1 1:32:52.060,27.3,93.4,25.94
2025.7.1 1:32:53.067,27.2,94.4,25.94
2025.7.1 1:32:54.060,27,95.1,25.88
2025.7.1 1:32:55.069,26.8,96.2,25.88
2025.7.1 1:32:56.067,26.7,96.9,25.88
2025.7.1 1:32:57.065,26.6,97.4,25.81
2025.7.1 1:32:58.062,26.6,97.5,25.81
2025.7.1 1:32:59.072,26.5,97.7,25.81
2025.7.1 1:33:00.065,26.4,99.5,25.75
2025.7.1 1:33:01.071,26.4,99.1,25.75
2025.7.1 1:33:02.069,26.4,98.9,25.75
2025.7.1 1:33:03.081,26.1,99.9,25.69
2025.7.1 1:33:04.071,26,99.9,25.75
2025.7.1 1:33:05.082,25.8,99.9,25.69
2025.7.1 1:33:06.083,25.9,99.9,25.69
2025.7.1 1:33:07.074,25.9,99.9,25.69
2025.7.1 1:33:08.073,25.8,99.9,25.63
2025.7.1 1:33:09.076,25.6,99.9,25.63
2025.7.1 1:33:10.085,25.5,99.9,25.56
2025.7.1 1:33:11.087,25.6,99.9,25.56
2025.7.1 1:33:12.090,25.7,99.9,25.56
2025.7.1 1:33:13.082,25.4,99.9,25.56
2025.7.1 1:33:14.084,25.3,99.9,25.5
2025.7.1 1:33:15.093,25.4,99.9,25.5
2025.7.1 1:33:16.085,25.2,99.9,25.5
2025.7.1 1:33:17.088,25.4,99.9,25.5
2025.7.1 1:33:18.097,25.3,99.9,25.44
2025.7.1 1:33:19.099,25.4,99.9,25.44
2025.7.1 1:33:20.091,25.3,99.9,25.38
2025.7.1 1:33:21.093,25.2,99.9,25.38
2025.7.1 1:33:22.109,25.1,99.9,25.31
2025.7.1 1:33:23.100,25.1,99.9,25.31
2025.7.1 1:33:24.100,25.1,99.9,25.31
2025.7.1 1:33:25.099,25.2,99.9,25.25
2025.7.1 1:33:26.099,25.3,99.9,25.31
2025.7.1 1:33:27.100,25.3,99.9,25.25
2025.7.1 1:33:28.100,25.2,99.9,25.25
2025.7.1 1:33:29.108,25,99.9,25.25
2025.7.1 1:33:30.100,24.8,99.9,25.25
2025.7.1 1:33:31.102,24.8,99.9,25.19
2025.7.1 1:33:32.115,24.7,99.9,25.13
2025.7.1 1:33:33.106,24.7,99.9,25.19
2025.7.1 1:33:34.107,24.6,99.9,25.13
2025.7.1 1:33:35.116,24.5,99.9,25.13
2025.7.1 1:33:36.114,24.5,99.9,25.13
2025.7.1 1:33:37.109,24.5,99.9,25.06
2025.7.1 1:33:38.117,24.5,99.9,25.06
2025.7.1 1:33:39.121,24.2,99.9,25.06
2025.7.1 1:33:40.126,24.2,99.9,25
2025.7.1 1:33:41.125,24.2,99.9,25
2025.7.1 1:33:42.116,24.1,99.9,24.94
2025.7.1 1:33:43.118,24,99.9,24.94
2025.7.1 1:33:44.126,24,99.9,24.94
2025.7.1 1:33:45.120,23.9,99.9,24.94
2025.7.1 1:33:46.123,24,99.9,24.94
2025.7.1 1:33:47.125,23.9,99.9,24.88
2025.7.1 1:33:48.136,23.7,99.9,24.81
2025.7.1 1:33:49.134,23.6,99.9,24.88
2025.7.1 1:33:50.127,23.6,99.9,24.75
2025.7.1 1:33:51.141,23.7,99.9,24.75
2025.7.1 1:33:52.145,23.6,99.9,24.75
2025.7.1 1:33:53.131,23.5,99.9,24.69
2025.7.1 1:33:54.145,23.6,99.9,24.69
2025.7.1 1:33:55.151,23.6,99.9,24.69
2025.7.1 1:33:56.146,23.9,99.9,24.69
2025.7.1 1:33:57.148,23.9,99.9,24.63
2025.7.1 1:33:58.139,23.9,99.9,24.56
2025.7.1 1:33:59.149,23.8,99.9,24.56
2025.7.1 1:34:00.147,23.7,99.9,24.56
2025.7.1 1:34:01.143,23.7,99.9,24.56
2025.7.1 1:34:02.148,23.6,99.9,24.5
2025.7.1 1:34:03.141,23.6,99.9,24.5
2025.7.1 1:34:04.163,23.7,99.9,24.5
2025.7.1 1:34:05.163,23.7,99.9,24.44
2025.7.1 1:34:06.147,23.5,99.9,24.44
2025.7.1 1:34:07.159,23.6,99.9,24.44
2025.7.1 1:34:08.166,23.6,99.9,24.5
2025.7.1 1:34:09.152,23.6,99.9,24.38
2025.7.1 1:34:10.167,23.5,99.9,24.31
2025.7.1 1:34:11.160,23.4,99.9,24.38
2025.7.1 1:34:12.185,23.3,99.9,24.31
2025.7.1 1:34:13.167,23.3,99.9,24.31
2025.7.1 1:34:14.170,23.2,99.9,24.25
2025.7.1 1:34:15.171,23.3,99.9,24.31
2025.7.1 1:34:16.167,23.3,99.9,24.25
2025.7.1 1:34:17.172,23.3,99.9,24.25
2025.7.1 1:34:18.182,23.2,99.9,24.25
2025.7.1 1:34:19.179,23.2,99.9,24.19
2025.7.1 1:34:20.176,23.2,99.9,24.19
2025.7.1 1:34:21.177,23.1,99.9,24.19
2025.7.1 1:34:22.171,23.1,99.9,24.13
2025.7.1 1:34:23.183,23.1,99.9,24.13
2025.7.1 1:34:24.188,23.3,99.9,24.06
2025.7.1 1:34:25.171,23.1,99.9,24.13
2025.7.1 1:34:26.179,23.1,99.9,24
2025.7.1 1:34:27.181,23.1,99.9,24
2025.7.1 1:34:28.191,23.2,99.9,24
2025.7.1 1:34:29.191,23.2,99.9,23.94
2025.7.1 1:34:30.178,23.1,99.9,24
2025.7.1 1:34:31.196,23.2,99.9,23.94
2025.7.1 1:34:32.186,23.2,99.9,23.94
2025.7.1 1:34:33.183,23,99.9,23.88
2025.7.1 1:34:34.191,22.8,99.9,23.88
2025.7.1 1:34:35.181,23,99.9,23.88
2025.7.1 1:34:36.198,22.9,99.9,23.81
2025.7.1 1:34:37.195,22.9,99.9,23.81
2025.7.1 1:34:38.204,23,99.9,23.81
2025.7.1 1:34:39.201,23,99.9,23.75
2025.7.1 1:34:40.197,23.1,99.9,23.81
2025.7.1 1:34:41.205,22.9,99.9,23.81
2025.7.1 1:34:42.205,22.9,99.9,23.75
2025.7.1 1:34:43.199,22.9,99.9,23.75
2025.7.1 1:34:44.208,22.8,99.9,23.75
2025.7.1 1:34:45.217,22.9,99.9,23.69
2025.7.1 1:34:46.211,22.8,99.9,23.81
2025.7.1 1:34:47.218,22.9,99.9,23.69
2025.7.1 1:34:48.211,22.9,99.9,23.69
2025.7.1 1:34:49.218,22.8,99.9,23.69
2025.7.1 1:34:50.215,22.7,99.9,23.69
2025.7.1 1:34:51.210,22.9,99.9,23.63
2025.7.1 1:34:52.223,22.9,99.9,23.63
2025.7.1 1:34:53.219,23,99.9,23.63
2025.7.1 1:34:54.213,23.1,99.9,23.56
2025.7.1 1:34:55.231,22.9,99.9,23.63
2025.7.1 1:34:56.219,23.2,99.9,23.56
2025.7.1 1:34:57.225,23.4,99.9,23.56
2025.7.1 1:34:58.223,23.5,99.9,23.5
2025.7.1 1:34:59.221,23.6,99.9,23.56
2025.7.1 1:35:00.228,23.9,99.9,23.56
2025.7.1 1:35:01.236,24.1,99.9,23.56
2025.7.1 1:35:02.220,24.2,99.9,23.56
2025.7.1 1:35:03.236,24.3,99.9,23.56
2025.7.1 1:35:04.228,24.5,99.9,23.56
2025.7.1 1:35:05.233,25,99.9,23.5
2025.7.1 1:35:06.232,25.5,99.9,23.56
2025.7.1 1:35:07.229,27.1,99.9,23.56
2025.7.1 1:35:08.238,27.6,94.4,23.63
2025.7.1 1:35:09.236,29.8,90.5,23.56
2025.7.1 1:35:10.238,32.8,70.5,23.69
2025.7.1 1:35:11.237,32.2,66.3,23.69
2025.7.1 1:35:12.236,32.4,68.2,23.69
2025.7.1 1:35:13.242,28.9,81.9,23.75
2025.7.1 1:35:14.253,27.8,90.7,23.75
2025.7.1 1:35:15.234,27.7,91.8,23.75
2025.7.1 1:35:16.243,27.4,93.9,23.69
2025.7.1 1:35:17.255,27.1,96.6,23.75
2025.7.1 1:35:18.237,27,97.4,23.75
2025.7.1 1:35:19.248,27.4,96.5,23.81
2025.7.1 1:35:20.236,29.4,88.7,23.81
2025.7.1 1:35:21.240,28.9,86.1,23.81
2025.7.1 1:35:22.247,29.7,80.8,23.88
2025.7.1 1:35:23.248,30.4,74.4,23.88
2025.7.1 1:35:24.247,30.6,74.8,23.94
2025.7.1 1:35:25.257,30.8,73.1,24
2025.7.1 1:35:26.253,31.4,68.8,24.06
2025.7.1 1:35:27.260,31.5,67.6,24.13
2025.7.1 1:35:28.256,30,71.9,24.13
2025.7.1 1:35:29.255,30.6,69.6,24.19
2025.7.1 1:35:30.274,31.5,67,24.25
2025.7.1 1:35:31.250,31.5,66.8,24.31
2025.7.1 1:35:32.254,31.8,68.3,24.31
2025.7.1 1:35:33.263,29.8,73.6,24.38
2025.7.1 1:35:34.254,29.5,75.5,24.5
2025.7.1 1:35:35.252,29.7,75.2,24.5
2025.7.1 1:35:36.269,29.1,80.5,24.63
2025.7.1 1:35:37.256,28.5,81.7,24.63
2025.7.1 1:35:38.257,28.6,82.3,24.63
2025.7.1 1:35:39.265,30.5,75.4,24.69
2025.7.1 1:35:40.272,32.1,67.5,24.75
2025.7.1 1:35:41.269,29.9,77.2,24.75
2025.7.1 1:35:42.270,29.5,75.6,24.81
2025.7.1 1:35:43.272,29.4,79.9,24.75
2025.7.1 1:35:44.283,29.2,81.1,24.81
2025.7.1 1:35:45.272,29.7,79.4,24.88
2025.7.1 1:35:46.268,30.8,75.3,24.88
2025.7.1 1:35:47.278,31.2,71.6,24.88
2025.7.1 1:35:48.272,30.4,75.4,24.94
2025.7.1 1:35:49.274,30.4,71.5,24.94
2025.7.1 1:35:50.289,29.9,77.1,24.94
2025.7.1 1:35:51.276,29.6,79.3,24.94
2025.7.1 1:35:52.291,30.5,77.1,25
2025.7.1 1:35:53.281,32.3,66.8,25.06
2025.7.1 1:35:54.281,33.2,63.6,25.13
2025.7.1 1:35:55.296,31.8,66.8,25.13
2025.7.1 1:35:56.282,31.5,68.4,25.19
2025.7.1 1:35:57.291,32.2,65.2,25.19
2025.7.1 1:35:58.286,31.9,66.4,25.25
2025.7.1 1:35:59.290,31.8,65.3,25.31
2025.7.1 1:36:00.290,31.8,65.6,25.31
2025.7.1 1:36:01.303,31.5,67.2,25.31
2025.7.1 1:36:02.290,31.4,66.6,25.38
2025.7.1 1:36:03.305,31,69.8,25.38
2025.7.1 1:36:04.303,30.8,71.7,25.38
2025.7.1 1:36:05.304,31.3,69.9,25.38
2025.7.1 1:36:06.294,31.6,67.8,25.44
2025.7.1 1:36:07.306,30.8,71.2,25.44
2025.7.1 1:36:08.296,30.2,77.4,25.44
2025.7.1 1:36:09.301,30.2,77.1,25.5
2025.7.1 1:36:10.311,31.8,70.2,25.56
2025.7.1 1:36:11.314,31.7,72.7,25.56
2025.7.1 1:36:12.307,31.8,72,25.63
2025.7.1 1:36:13.315,32,70.8,25.63
2025.7.1 1:36:14.308,31,72.1,25.63
2025.7.1 1:36:15.316,30.3,75.4,25.63
2025.7.1 1:36:16.311,30.2,76.4,25.69
2025.7.1 1:36:17.312,29.7,79.9,25.63
2025.7.1 1:36:18.314,30.3,78.8,25.69
2025.7.1 1:36:19.316,30.1,78.2,25.69
2025.7.1 1:36:20.313,29.2,84.3,25.69
2025.7.1 1:36:21.314,29.1,86.5,25.69
2025.7.1 1:36:22.321,28.6,89.9,25.69
2025.7.1 1:36:23.319,28.5,89.9,25.69
2025.7.1 1:36:24.328,28.7,90.6,25.63
2025.7.1 1:36:25.322,28.5,89.6,25.69
2025.7.1 1:36:26.333,28.1,90.8,25.63
2025.7.1 1:36:27.331,27.4,94.4,25.56
2025.7.1 1:36:28.327,27.5,94.2,25.56
2025.7.1 1:36:29.326,27.3,94,25.5
2025.7.1 1:36:30.326,27,94.9,25.5
2025.7.1 1:36:31.339,26.9,95.3,25.44
2025.7.1 1:36:32.330,26.9,96,25.5
2025.7.1 1:36:33.332,26.9,96.6,25.44
2025.7.1 1:36:34.334,26.7,97,25.38
2025.7.1 1:36:35.336,26.6,99.5,25.38
2025.7.1 1:36:36.341,26.5,99.3,25.38
2025.7.1 1:36:37.343,26.4,99.9,25.38
2025.7.1 1:36:38.337,26.4,99.3,25.31
2025.7.1 1:36:39.338,26.4,99.2,25.31
2025.7.1 1:36:40.358,26.4,98.8,25.25
2025.7.1 1:36:41.338,26.4,99.2,25.25
2025.7.1 1:36:42.341,26.1,99.9,25.25
2025.7.1 1:36:43.341,26.1,99.9,25.25
2025.7.1 1:36:44.352,25.9,99.9,25.19
2025.7.1 1:36:45.342,26,99.9,25.19
2025.7.1 1:36:46.347,25.9,99.9,25.19
2025.7.1 1:36:47.345,26,99.9,25.13
2025.7.1 1:36:48.348,25.8,99.9,25.19
2025.7.1 1:36:49.356,25.8,99.9,25.13
2025.7.1 1:36:50.351,25.7,99.9,25.06
2025.7.1 1:36:51.347,25.7,99.9,25.13
2025.7.1 1:36:52.352,25.7,99.9,25.06
2025.7.1 1:36:53.354,25.5,99.9,25.06
2025.7.1 1:36:54.364,25.5,99.9,25.06
2025.7.1 1:36:55.358,25.5,99.9,25.06
2025.7.1 1:36:56.360,25.3,99.9,25
2025.7.1 1:36:57.370,25.4,99.9,25
2025.7.1 1:36:58.362,25.4,99.9,24.94
2025.7.1 1:36:59.364,25.3,99.9,24.94
2025.7.1 1:37:00.369,25.2,99.9,24.94
2025.7.1 1:37:01.364,25.3,99.9,24.88
2025.7.1 1:37:02.374,25.2,99.9,24.88
2025.7.1 1:37:03.374,25,99.9,24.81
2025.7.1 1:37:04.378,25,99.9,24.81
2025.7.1 1:37:05.364,25.1,99.9,24.81
2025.7.1 1:37:06.371,24.9,99.9,24.81
2025.7.1 1:37:07.372,24.8,99.9,24.81
2025.7.1 1:37:08.372,24.8,99.9,24.81
2025.7.1 1:37:09.382,24.6,99.9,24.81
2025.7.1 1:37:10.374,24.7,99.9,24.75
2025.7.1 1:37:11.386,24.4,99.9,24.75
2025.7.1 1:37:12.379,24.5,99.9,24.69
2025.7.1 1:37:13.381,24.6,99.9,24.69
2025.7.1 1:37:14.388,24.4,99.9,24.69
2025.7.1 1:37:15.383,24.3,99.9,24.56
2025.7.1 1:37:16.383,24.4,99.9,24.56
2025.7.1 1:37:17.394,24.3,99.9,24.63
2025.7.1 1:37:18.387,24.3,99.9,24.56
2025.7.1 1:37:19.386,24.2,99.9,24.56
2025.7.1 1:37:20.393,24.2,99.9,24.5
2025.7.1 1:37:21.388,24.2,99.9,24.5
2025.7.1 1:37:22.392,24.2,99.9,24.5
2025.7.1 1:37:23.409,24.2,99.9,24.44
2025.7.1 1:37:24.405,24.3,99.9,24.44
2025.7.1 1:37:25.405,24.3,99.9,24.5
2025.7.1 1:37:26.407,24.2,99.9,24.44
2025.7.1 1:37:27.402,24,99.9,24.44
2025.7.1 1:37:28.409,24,99.9,24.38
2025.7.1 1:37:29.401,23.9,99.9,24.38
2025.7.1 1:37:30.415,24.1,99.9,24.38
2025.7.1 1:37:31.406,23.9,99.9,24.38
2025.7.1 1:37:32.417,24,99.9,24.31
2025.7.1 1:37:33.409,24.1,99.9,24.31
2025.7.1 1:37:34.408,24,99.9,24.31
2025.7.1 1:37:35.414,23.9,99.9,24.31
2025.7.1 1:37:36.417,23.9,99.9,24.25
2025.7.1 1:37:37.425,23.8,99.9,24.25
2025.7.1 1:37:38.417,24,99.9,24.25
2025.7.1 1:37:39.419,24.1,99.9,24.19
2025.7.1 1:37:40.426,24,99.9,24.19
2025.7.1 1:37:41.427,23.9,99.9,24.19
2025.7.1 1:37:42.420,23.9,99.9,24.19
2025.7.1 1:37:43.422,23.7,99.9,24.13
2025.7.1 1:37:44.433,23.8,99.9,24.13
2025.7.1 1:37:45.424,23.8,99.9,24.13
2025.7.1 1:37:46.434,23.9,99.9,24.13
2025.7.1 1:37:47.425,23.7,99.9,24.13
2025.7.1 1:37:48.438,23.7,99.9,24.06
2025.7.1 1:37:49.428,23.9,99.9,24.13
2025.7.1 1:37:50.437,23.9,99.9,24.06
2025.7.1 1:37:51.441,23.9,99.9,24.06
2025.7.1 1:37:52.431,23.7,99.9,24.06
2025.7.1 1:37:53.432,23.5,99.9,24.06
2025.7.1 1:37:54.434,23.6,99.9,24.06
2025.7.1 1:37:55.442,23.6,99.9,23.94
2025.7.1 1:37:56.445,23.6,99.9,24
2025.7.1 1:37:57.443,23.5,99.9,23.94
2025.7.1 1:37:58.439,23.4,99.9,24
2025.7.1 1:37:59.452,23.4,99.9,23.94
2025.7.1 1:38:00.449,23.5,99.9,23.94
2025.7.1 1:38:01.452,23.5,99.9,23.88
2025.7.1 1:38:02.463,23.6,99.9,23.94
2025.7.1 1:38:03.446,23.5,99.9,23.88
2025.7.1 1:38:04.443,23.3,99.9,23.88
2025.7.1 1:38:05.447,23.4,99.9,23.81
2025.7.1 1:38:06.445,23.3,99.9,23.88
2025.7.1 1:38:07.459,23.2,99.9,23.81
2025.7.1 1:38:08.448,23.1,99.9,23.81
2025.7.1 1:38:09.450,23.3,99.9,23.81
2025.7.1 1:38:10.452,23.3,99.9,23.81
2025.7.1 1:38:11.469,23.1,99.9,23.75
2025.7.1 1:38:12.455,23.1,99.9,23.75
2025.7.1 1:38:13.453,23.2,99.9,23.69
2025.7.1 1:38:14.456,23.3,99.9,23.69
2025.7.1 1:38:15.471,23.1,99.9,23.69
2025.7.1 1:38:16.476,23.2,99.9,23.75
2025.7.1 1:38:17.460,23.1,99.9,23.69
2025.7.1 1:38:18.471,23,99.9,23.63
2025.7.1 1:38:19.469,23,99.9,23.63
2025.7.1 1:38:20.480,23,99.9,23.63
2025.7.1 1:38:21.474,22.8,99.9,23.63
2025.7.1 1:38:22.467,22.9,99.9,23.56
2025.7.1 1:38:23.482,23,99.9,23.56
2025.7.1 1:38:24.487,23,99.9,23.56
2025.7.1 1:38:25.474,23,99.9,23.56
2025.7.1 1:38:26.484,22.6,99.9,23.5
2025.7.1 1:38:27.481,22.7,99.9,23.5
2025.7.1 1:38:28.499,22.7,99.9,23.5
2025.7.1 1:38:29.487,22.7,99.9,23.5
2025.7.1 1:38:30.491,22.8,99.9,23.44
2025.7.1 1:38:31.493,22.7,99.9,23.44
2025.7.1 1:38:32.499,22.6,99.9,23.5
2025.7.1 1:38:33.485,22.6,99.9,23.44
2025.7.1 1:38:34.498,22.5,99.9,23.38
2025.7.1 1:38:35.494,22.5,99.9,23.38
2025.7.1 1:38:36.499,22.5,99.9,23.38
2025.7.1 1:38:37.509,22.5,99.9,23.38
2025.7.1 1:38:38.505,22.5,99.9,23.31
2025.7.1 1:38:39.505,22.6,99.9,23.31
2025.7.1 1:38:40.500,22.6,99.9,23.25
2025.7.1 1:38:41.495,22.7,99.9,23.25
2025.7.1 1:38:42.509,22.8,99.9,23.31
2025.7.1 1:38:43.502,23.2,99.9,23.31
2025.7.1 1:38:44.505,23.3,99.9,23.25
2025.7.1 1:38:45.508,23.3,99.9,23.25
2025.7.1 1:38:46.503,23.8,99.9,23.25
2025.7.1 1:38:47.511,23.7,99.9,23.25
2025.7.1 1:38:48.512,23.9,99.9,23.19
2025.7.1 1:38:49.516,23.7,99.9,23.25
2025.7.1 1:38:50.513,23.7,99.9,23.19
2025.7.1 1:38:51.520,23.7,99.9,23.19
2025.7.1 1:38:52.520,23.8,99.9,23.19
2025.7.1 1:38:53.519,24,99.9,23.19
2025.7.1 1:38:54.516,24.1,99.9,23.19
2025.7.1 1:38:55.533,24.3,99.9,23.19
2025.7.1 1:38:56.526,24.3,99.9,23.19
2025.7.1 1:38:57.526,24.3,99.9,23.19
2025.7.1 1:38:58.524,25.2,99.9,23.19
2025.7.1 1:38:59.524,25.2,99.9,23.25
2025.7.1 1:39:00.531,25.8,99.9,23.19
2025.7.1 1:39:01.540,27.4,99.9,23.25
2025.7.1 1:39:02.534,27.1,98.3,23.25
2025.7.1 1:39:03.537,27,99.7,23.31
2025.7.1 1:39:04.537,27.3,98.9,23.31
2025.7.1 1:39:05.536,27.3,97.6,23.31
2025.7.1 1:39:06.546,27.3,96,23.38
2025.7.1 1:39:07.533,27.1,96.2,23.38
2025.7.1 1:39:08.551,26.9,96.9,23.38
2025.7.1 1:39:09.545,26.7,96.7,23.38
2025.7.1 1:39:10.545,26.9,96.1,23.44
2025.7.1 1:39:11.553,27.2,96.5,23.44
2025.7.1 1:39:12.534,27.5,95.5,23.44
2025.7.1 1:39:13.544,29.1,89.1,23.5
2025.7.1 1:39:14.551,29.5,85.7,23.5
2025.7.1 1:39:15.554,29.1,83.4,23.56
2025.7.1 1:39:16.557,28.8,82.9,23.56
2025.7.1 1:39:17.550,28.9,87.5,23.63
2025.7.1 1:39:18.541,29.3,79.8,23.69
2025.7.1 1:39:19.554,30.5,78.2,23.69
2025.7.1 1:39:20.551,30.5,72.8,23.81
2025.7.1 1:39:21.550,30.2,74.1,23.81
2025.7.1 1:39:22.554,28.9,76.2,23.75
2025.7.1 1:39:23.553,29.7,78.6,23.94
2025.7.1 1:39:24.547,30.4,77.9,23.94
2025.7.1 1:39:25.555,30.1,78.6,24
2025.7.1 1:39:26.554,29.4,80.4,24
2025.7.1 1:39:27.557,29.7,80.4,24
2025.7.1 1:39:28.567,30.1,77.9,24.06
2025.7.1 1:39:29.553,30.6,77,24.13
2025.7.1 1:39:30.567,30.8,76.7,24.13
2025.7.1 1:39:31.570,30.2,78.9,24.13
2025.7.1 1:39:32.556,30.4,80.1,24.19
2025.7.1 1:39:33.570,30.1,77.6,24.19
2025.7.1 1:39:34.562,30.2,77.8,24.25
2025.7.1 1:39:35.568,30.8,73.2,24.31
2025.7.1 1:39:36.568,30.7,76.8,24.31
2025.7.1 1:39:37.566,30.6,72.4,24.31
2025.7.1 1:39:38.582,30.6,74.3,24.44
2025.7.1 1:39:39.583,30.2,73.4,24.44
2025.7.1 1:39:40.566,30,75,24.44
2025.7.1 1:39:41.584,31.3,69.4,24.44
2025.7.1 1:39:42.583,31.6,68.8,24.5
2025.7.1 1:39:43.582,32.1,64.3,24.63
2025.7.1 1:39:44.580,32.5,64.9,24.63
2025.7.1 1:39:45.574,31.3,66.6,24.63
2025.7.1 1:39:46.597,31.1,72,24.63
2025.7.1 1:39:47.591,32,65.2,24.69
2025.7.1 1:39:48.586,32,66.2,24.69
2025.7.1 1:39:49.590,32.4,66.1,24.81
2025.7.1 1:39:50.598,32.6,65.3,24.81
2025.7.1 1:39:51.590,33.1,61,24.94
2025.7.1 1:39:52.600,32.5,64.2,24.94
2025.7.1 1:39:53.585,32.9,62.1,24.94
2025.7.1 1:39:54.601,32.9,62,25
2025.7.1 1:39:55.602,32.4,64.1,25.06
2025.7.1 1:39:56.597,31.9,65.3,25
2025.7.1 1:39:57.595,31,67.9,25.06
2025.7.1 1:39:58.592,30.6,71.6,25.06
2025.7.1 1:39:59.597,31.1,69.5,25.06
2025.7.1 1:40:00.601,31.5,70,25.13
2025.7.1 1:40:01.604,31.6,69.5,25.19
2025.7.1 1:40:02.601,31.9,67.7,25.19
2025.7.1 1:40:03.601,31.7,69.9,25.25
2025.7.1 1:40:04.602,32.2,67.1,25.25
2025.7.1 1:40:05.617,32.4,65.1,25.25
2025.7.1 1:40:06.611,32.3,67,25.31
2025.7.1 1:40:07.622,32.3,66.4,25.38
2025.7.1 1:40:08.609,31.9,66.3,25.38
2025.7.1 1:40:09.604,31.4,69.3,25.38
2025.7.1 1:40:10.612,30.1,74.4,25.44
2025.7.1 1:40:11.615,29.5,76.1,25.38
2025.7.1 1:40:12.615,29.4,79.9,25.38
2025.7.1 1:40:13.614,29.3,80.4,25.38
2025.7.1 1:40:14.621,29.3,81.3,25.38
2025.7.1 1:40:15.632,29.4,81.7,25.38
2025.7.1 1:40:16.623,29.2,83.3,25.38
2025.7.1 1:40:17.616,29.1,84.2,25.44
2025.7.1 1:40:18.635,28.9,85.5,25.44
2025.7.1 1:40:19.631,29,86.1,25.38
2025.7.1 1:40:20.614,28.9,85.9,25.38
2025.7.1 1:40:21.633,28.8,85,25.38
2025.7.1 1:40:22.621,28.9,86.8,25.38
2025.7.1 1:40:23.628,29,86.3,25.38
2025.7.1 1:40:24.628,28.8,86.7,25.44
2025.7.1 1:40:25.625,28.3,90,25.38
2025.7.1 1:40:26.644,27.8,91.3,25.38
2025.7.1 1:40:27.644,27.6,93.1,25.31
2025.7.1 1:40:28.638,27.5,93.6,25.31
2025.7.1 1:40:29.646,27.3,94.5,25.31
2025.7.1 1:40:30.637,27,96,25.31
2025.7.1 1:40:31.642,26.7,96.7,25.31
2025.7.1 1:40:32.652,26.6,97,25.31
2025.7.1 1:40:33.651,26.4,98,25.31
2025.7.1 1:40:34.655,26.3,98.8,25.25
2025.7.1 1:40:35.652,26.1,99.9,25.25
2025.7.1 1:40:36.648,26,99.9,25.19
2025.7.1 1:40:37.657,25.7,99.9,25.19
2025.7.1 1:40:38.649,25.4,99.9,25.13
2025.7.1 1:40:39.658,25.2,99.9,25.13
2025.7.1 1:40:40.659,25.1,99.9,25.06
2025.7.1 1:40:41.650,25,99.9,25.06
2025.7.1 1:40:42.667,24.8,99.9,25
2025.7.1 1:40:43.665,24.7,99.9,25
2025.7.1 1:40:44.656,24.7,99.9,25
2025.7.1 1:40:45.674,24.8,99.9,24.94
2025.7.1 1:40:46.668,24.9,99.9,24.94
2025.7.1 1:40:47.670,25,99.9,24.94
2025.7.1 1:40:48.672,24.8,99.9,24.94
2025.7.1 1:40:49.670,24.9,99.9,24.88
2025.7.1 1:40:50.680,24.6,99.9,24.94
2025.7.1 1:40:51.675,24.8,99.9,24.88
2025.7.1 1:40:52.683,24.8,99.9,24.88
2025.7.1 1:40:53.679,24.9,99.9,24.88
2025.7.1 1:40:54.679,24.7,99.9,24.81
2025.7.1 1:40:55.676,24.8,99.9,24.81
2025.7.1 1:40:56.681,24.9,99.9,24.75
2025.7.1 1:40:57.675,24.9,99.9,24.75
2025.7.1 1:40:58.677,24.9,99.9,24.75
2025.7.1 1:40:59.675,25,99.9,24.75
2025.7.1 1:41:00.689,24.9,99.9,24.75
2025.7.1 1:41:01.679,24.9,99.9,24.69
2025.7.1 1:41:02.675,24.9,99.9,24.63
2025.7.1 1:41:03.680,24.9,99.9,24.69
2025.7.1 1:41:04.680,24.8,99.9,24.63
2025.7.1 1:41:05.678,24.8,99.9,24.63
2025.7.1 1:41:06.691,24.8,99.9,24.63
2025.7.1 1:41:07.695,24.7,99.9,24.63
2025.7.1 1:41:08.682,24.9,99.9,24.63
2025.7.1 1:41:09.683,24.8,99.9,24.63
2025.7.1 1:41:10.686,24.6,99.9,24.56
2025.7.1 1:41:11.702,24.7,99.9,24.63
2025.7.1 1:41:12.705,24.5,99.9,24.56
2025.7.1 1:41:13.686,24.4,99.9,24.56
2025.7.1 1:41:14.695,24.4,99.9,24.56
2025.7.1 1:41:15.695,24.5,99.9,24.5
2025.7.1 1:41:16.694,24.4,99.9,24.5
2025.7.1 1:41:17.707,24.3,99.9,24.44
2025.7.1 1:41:18.695,24.3,99.9,24.5
2025.7.1 1:41:19.705,24.3,99.9,24.44
2025.7.1 1:41:20.700,24.3,99.9,24.44
2025.7.1 1:41:21.692,24.1,99.9,24.44
2025.7.1 1:41:22.701,24,99.9,24.38
2025.7.1 1:41:23.702,24.1,99.9,24.38
2025.7.1 1:41:24.700,24,99.9,24.38
2025.7.1 1:41:25.716,24,99.9,24.38
2025.7.1 1:41:26.703,24.2,99.9,24.38
2025.7.1 1:41:27.711,24.2,99.9,24.31
2025.7.1 1:41:28.708,24.1,99.9,24.31
2025.7.1 1:41:29.704,24.1,99.9,24.25
2025.7.1 1:41:30.704,24,99.9,24.25
2025.7.1 1:41:31.721,24,99.9,24.31
2025.7.1 1:41:32.709,23.9,99.9,24.19
2025.7.1 1:41:33.716,23.8,99.9,24.25
2025.7.1 1:41:34.716,23.9,99.9,24.19
2025.7.1 1:41:35.714,23.9,99.9,24.19
2025.7.1 1:41:36.720,23.8,99.9,24.19
2025.7.1 1:41:37.717,23.9,99.9,24.19
2025.7.1 1:41:38.714,23.6,99.9,24.13
2025.7.1 1:41:39.722,23.6,99.9,24.13
2025.7.1 1:41:40.729,23.6,99.9,24.13
2025.7.1 1:41:41.728,23.7,99.9,24.06
2025.7.1 1:41:42.725,23.7,99.9,24.06
2025.7.1 1:41:43.732,23.8,99.9,24.13
2025.7.1 1:41:44.731,23.7,99.9,24.06
2025.7.1 1:41:45.727,23.8,99.9,24.06
2025.7.1 1:41:46.727,23.8,99.9,24.06
2025.7.1 1:41:47.726,23.7,99.9,23.94
2025.7.1 1:41:48.729,23.7,99.9,24
2025.7.1 1:41:49.732,23.7,99.9,24
2025.7.1 1:41:50.735,23.7,99.9,24
2025.7.1 1:41:51.735,23.8,99.9,23.94
2025.7.1 1:41:52.742,23.7,99.9,23.94
2025.7.1 1:41:53.734,23.7,99.9,23.94
2025.7.1 1:41:54.732,23.7,99.9,23.94
2025.7.1 1:41:55.736,23.7,99.9,23.94
2025.7.1 1:41:56.738,23.6,99.9,23.88
2025.7.1 1:41:57.741,23.6,99.9,23.88
2025.7.1 1:41:58.751,23.6,99.9,23.88
2025.7.1 1:41:59.750,23.7,99.9,23.88
2025.7.1 1:42:00.752,23.6,99.9,23.81
2025.7.1 1:42:01.757,23.6,99.9,23.81
2025.7.1 1:42:02.755,23.5,99.9,23.81
2025.7.1 1:42:03.754,23.5,99.9,23.81
2025.7.1 1:42:04.748,23.5,99.9,23.81
2025.7.1 1:42:05.747,23.5,99.9,23.81
2025.7.1 1:42:06.752,23.5,99.9,23.81
2025.7.1 1:42:07.754,23.6,99.9,23.75
2025.7.1 1:42:08.756,23.4,99.9,23.75
2025.7.1 1:42:09.753,23.5,99.9,23.75
2025.7.1 1:42:10.762,23.5,99.9,23.69
2025.7.1 1:42:11.752,23.5,99.9,23.69
2025.7.1 1:42:12.756,23.4,99.9,23.69
2025.7.1 1:42:13.758,23.5,99.9,23.63
2025.7.1 1:42:14.758,23.5,99.9,23.69
2025.7.1 1:42:15.759,23.5,99.9,23.63
2025.7.1 1:42:16.762,23.4,99.9,23.63
2025.7.1 1:42:17.764,23.4,99.9,23.63
2025.7.1 1:42:18.779,23.3,99.9,23.63
2025.7.1 1:42:19.769,23.2,99.9,23.63
2025.7.1 1:42:20.771,23.2,99.9,23.63
2025.7.1 1:42:21.774,23.1,99.9,23.56
2025.7.1 1:42:22.772,23.1,99.9,23.56
2025.7.1 1:42:23.779,23.1,99.9,23.56
2025.7.1 1:42:24.770,23,99.9,23.56
2025.7.1 1:42:25.773,23,99.9,23.56
2025.7.1 1:42:26.775,23.2,99.9,23.56
2025.7.1 1:42:27.774,23.1,99.9,23.5
2025.7.1 1:42:28.777,23,99.9,23.5
2025.7.1 1:42:29.776,23,99.9,23.44
2025.7.1 1:42:30.781,23,99.9,23.5
2025.7.1 1:42:31.780,23,99.9,23.5
2025.7.1 1:42:32.792,23,99.9,23.44
2025.7.1 1:42:33.786,23,99.9,23.44
2025.7.1 1:42:34.792,23.1,99.9,23.44
2025.7.1 1:42:35.783,23,99.9,23.44
2025.7.1 1:42:36.786,23.1,99.9,23.44
2025.7.1 1:42:37.789,23.2,99.9,23.44
2025.7.1 1:42:38.798,23.4,99.9,23.44
2025.7.1 1:42:39.790,23.4,99.9,23.38
2025.7.1 1:42:40.790,24.9,99.9,23.44
2025.7.1 1:42:41.788,25.5,99.9,23.44
2025.7.1 1:42:42.793,25.7,99.9,23.38
2025.7.1 1:42:43.793,27.9,99.9,23.44
2025.7.1 1:42:44.803,28.5,95.7,23.44
2025.7.1 1:42:45.797,28.7,95.1,23.5
2025.7.1 1:42:46.807,28.4,94.1,23.5
2025.7.1 1:42:47.808,26.9,99.9,23.5
2025.7.1 1:42:48.800,28.1,97.6,23.56
2025.7.1 1:42:49.815,28.8,92.9,23.56
2025.7.1 1:42:50.804,26.6,99.9,23.56
2025.7.1 1:42:51.808,25.9,99.9,23.5
2025.7.1 1:42:52.804,28.4,96.7,23.56
2025.7.1 1:42:53.821,28,94.2,23.56
2025.7.1 1:42:54.805,28.4,91.2,23.63
2025.7.1 1:42:55.820,28.2,93.4,23.63
2025.7.1 1:42:56.815,28.8,90.8,23.63
2025.7.1 1:42:57.818,28.8,93.1,23.69
2025.7.1 1:42:58.818,30.3,87.9,23.69
2025.7.1 1:42:59.813,30.6,83.4,23.75
2025.7.1 1:43:00.815,29.7,84.4,23.81
2025.7.1 1:43:01.815,30.6,79.3,23.81
2025.7.1 1:43:02.827,31,77.6,23.88
2025.7.1 1:43:03.821,30.8,73.9,23.94
2025.7.1 1:43:04.833,31.8,69.5,23.94
2025.7.1 1:43:05.822,29.8,73.2,24
2025.7.1 1:43:06.823,30.8,73.2,24.06
2025.7.1 1:43:07.832,30.5,73.8,24.06
2025.7.1 1:43:08.826,32.1,70.3,24.13
2025.7.1 1:43:09.826,31,68.5,24.19
2025.7.1 1:43:10.830,31.6,66.3,24.25
2025.7.1 1:43:11.828,31.2,69.7,24.25
2025.7.1 1:43:12.831,31.8,64.2,24.38
2025.7.1 1:43:13.832,32.2,63.9,24.38
2025.7.1 1:43:14.833,33.5,60.5,24.56
2025.7.1 1:43:15.835,34.1,56.7,24.63
2025.7.1 1:43:16.837,31.2,66,24.63
2025.7.1 1:43:17.837,29.8,71.6,24.69
2025.7.1 1:43:18.847,29.7,73.3,24.69
2025.7.1 1:43:19.843,29.5,75.5,24.69
2025.7.1 1:43:20.844,29.1,79.4,24.69
2025.7.1 1:43:21.853,29.4,81.5,24.69
2025.7.1 1:43:22.847,29.8,81.4,24.75
2025.7.1 1:43:23.856,29.9,80.6,24.75
2025.7.1 1:43:24.853,29.7,81.2,24.69
2025.7.1 1:43:25.850,29.5,84.2,24.75
2025.7.1 1:43:26.861,30.2,83.3,24.81
2025.7.1 1:43:27.850,30.4,81.6,24.81
2025.7.1 1:43:28.854,29.9,82.8,24.88
2025.7.1 1:43:29.859,31.9,73.9,24.88
2025.7.1 1:43:30.860,32.7,67.5,24.94
2025.7.1 1:43:31.858,32.7,68.1,25
2025.7.1 1:43:32.854,32.5,66.1,25.06
2025.7.1 1:43:33.861,33.2,61.8,25.06
2025.7.1 1:43:34.869,33.3,63.1,25.13
2025.7.1 1:43:35.871,33.5,61.6,25.19
2025.7.1 1:43:36.864,33.8,57.8,25.25
2025.7.1 1:43:37.875,33.6,59.5,25.31
2025.7.1 1:43:38.865,34.4,56.9,25.38
2025.7.1 1:43:39.877,34.4,58.4,25.44
2025.7.1 1:43:40.878,34.5,56.9,25.56
2025.7.1 1:43:41.870,34.4,57.7,25.56
2025.7.1 1:43:42.873,34.1,58,25.63
2025.7.1 1:43:43.873,33.5,58.9,25.63
2025.7.1 1:43:44.874,33.4,60.9,25.69
2025.7.1 1:43:45.876,33.9,57.5,25.75
2025.7.1 1:43:46.878,34.2,57.5,25.75
2025.7.1 1:43:47.877,33.1,59.3,25.81
2025.7.1 1:43:48.885,33.9,58.7,25.88
2025.7.1 1:43:49.879,33.2,61.2,25.88
2025.7.1 1:43:50.889,34.4,57.9,25.94
2025.7.1 1:43:51.885,34.1,58,25.94
2025.7.1 1:43:52.883,33,64.3,26
2025.7.1 1:43:53.882,31.8,68,26
2025.7.1 1:43:54.885,30.7,74.1,26
2025.7.1 1:43:55.891,30.5,77.9,26
2025.7.1 1:43:56.887,31.6,73.5,26
2025.7.1 1:43:57.898,31.1,74.6,26
2025.7.1 1:43:58.892,30.8,76.8,26
2025.7.1 1:43:59.902,29.9,79.7,26
2025.7.1 1:44:00.892,29.4,79.9,26.06
2025.7.1 1:44:01.897,29.4,80.5,26
2025.7.1 1:44:02.908,29.3,82.2,26
2025.7.1 1:44:03.897,28.8,89.7,25.94
2025.7.1 1:44:04.902,28.4,90.8,25.94
2025.7.1 1:44:05.912,28.5,92.2,25.94
2025.7.1 1:44:06.903,28.5,92.7,25.94
2025.7.1 1:44:07.918,27.7,94.8,25.94
2025.7.1 1:44:08.909,27.5,95.9,25.88
2025.7.1 1:44:09.909,28.1,95.3,25.88
2025.7.1 1:44:10.918,28.2,95.1,25.88
2025.7.1 1:44:11.908,28.7,92.9,25.88
2025.7.1 1:44:12.910,28.7,92.2,25.88
2025.7.1 1:44:13.910,28.8,92.7,25.88
2025.7.1 1:44:14.914,29,92.5,25.88
2025.7.1 1:44:15.924,28.9,91.6,25.88
2025.7.1 1:44:16.921,29.1,91.2,25.88
2025.7.1 1:44:17.917,29,90.8,25.88
2025.7.1 1:44:18.928,28.8,91.6,25.88
2025.7.1 1:44:19.922,28.7,91.9,25.94
2025.7.1 1:44:20.923,28.4,92.1,25.88
2025.7.1 1:44:21.929,28.5,91.3,25.88
2025.7.1 1:44:22.922,28.4,91.5,25.88
2025.7.1 1:44:23.938,28.4,91.1,25.88
2025.7.1 1:44:24.930,28.8,89.9,25.88
2025.7.1 1:44:25.929,28.2,90.5,25.88
2025.7.1 1:44:26.945,27.8,91.1,25.88
2025.7.1 1:44:27.931,27.7,92.4,25.81
2025.7.1 1:44:28.930,27.6,92.7,25.81
2025.7.1 1:44:29.946,27.5,92.6,25.81
2025.7.1 1:44:30.940,27.2,92.3,25.81
2025.7.1 1:44:31.931,27,94,25.81
2025.7.1 1:44:32.950,27,95.1,25.75
2025.7.1 1:44:33.945,26.8,94.9,25.75
2025.7.1 1:44:34.938,26.8,95.2,25.69
2025.7.1 1:44:35.944,26.7,99.5,25.75
2025.7.1 1:44:36.939,26.9,99.9,25.69
2025.7.1 1:44:37.957,26.6,99.9,25.69
2025.7.1 1:44:38.950,26.6,97.8,25.75
2025.7.1 1:44:39.949,26.6,97.7,25.63
2025.7.1 1:44:40.954,26.5,99,25.63
2025.7.1 1:44:41.946,26.4,98.6,25.69
2025.7.1 1:44:42.943,26.2,99.5,25.63
2025.7.1 1:44:43.956,26.2,99.9,25.63
2025.7.1 1:44:44.945,26.1,99.9,25.63
2025.7.1 1:44:45.956,26.1,99.9,25.63
2025.7.1 1:44:46.965,26,99.9,25.63
2025.7.1 1:44:47.955,25.9,99.9,25.63
2025.7.1 1:44:48.952,24.4,99.9,23.81
2025.7.1 1:44:49.958,25.8,99.9,23.88
2025.7.1 1:44:50.949,25.4,99.9,23.88
2025.7.1 1:44:51.955,25.7,99.9,23.88
2025.7.1 1:44:52.959,25.1,99.9,23.88
2025.7.1 1:44:53.966,26.4,99.9,23.88
2025.7.1 1:44:54.959,27,99.9,23.88
2025.7.1 1:44:55.969,27.4,99.9,23.94
2025.7.1 1:44:56.971,27.9,99.9,23.94
2025.7.1 1:44:57.963,28.4,99.9,24
2025.7.1 1:44:58.965,30.1,96,24
2025.7.1 1:44:59.961,30.1,94.4,24.06
2025.7.1 1:45:00.966,29.3,95.8,24.13
2025.7.1 1:45:01.966,30.1,91.5,24.13
2025.7.1 1:45:02.974,29.7,91.1,24.13
2025.7.1 1:45:03.973,29.3,91.1,24.19
2025.7.1 1:45:04.971,28.4,94.5,24.25
2025.7.1 1:45:05.969,29.3,92.8,24.25
2025.7.1 1:45:06.975,29.5,90.6,24.31
2025.7.1 1:45:07.971,30.8,87.2,24.38
2025.7.1 1:45:08.976,29.7,88.8,24.44
2025.7.1 1:45:09.989,29.9,88.7,24.5
2025.7.1 1:45:10.977,30.6,79.9,24.56
2025.7.1 1:45:11.978,30.9,79.5,24.56
2025.7.1 1:45:12.990,32.1,74.5,24.63
2025.7.1 1:45:13.991,31.4,78.3,24.75
2025.7.1 1:45:14.980,32.1,73.4,24.81
2025.7.1 1:45:15.979,32,65.5,24.88
2025.7.1 1:45:16.982,32.4,71.1,24.94
2025.7.1 1:45:17.986,31.8,69.7,25
2025.7.1 1:45:18.992,30.5,77.9,24.94
2025.7.1 1:45:19.988,29.5,87,24.94
2025.7.1 1:45:20.996,29.1,89.1,24.94
2025.7.1 1:45:21.992,31,80,25
2025.7.1 1:45:22.993,30.1,84.3,25
2025.7.1 1:45:23.995,30.1,78.2,25.13
2025.7.1 1:45:25.003,29.3,82.7,25.13
2025.7.1 1:45:26.004,30.8,79.3,25.13
2025.7.1 1:45:27.000,30.6,73.6,25.19
2025.7.1 1:45:27.999,32.1,75.2,25.19
2025.7.1 1:45:29.003,32,74.8,25.25
2025.7.1 1:45:30.004,32.3,73.7,25.31
2025.7.1 1:45:31.003,32.1,69.9,25.38
2025.7.1 1:45:32.008,31.8,75.4,25.44
2025.7.1 1:45:33.005,31,79.7,25.44
2025.7.1 1:45:34.019,30.6,80.8,25.44
2025.7.1 1:45:35.010,30,82.7,25.44
2025.7.1 1:45:36.012,29.3,89.3,25.44
2025.7.1 1:45:37.012,29,90.6,25.44
2025.7.1 1:45:38.013,28.9,91,25.44
2025.7.1 1:45:39.015,28.8,91.2,25.44
2025.7.1 1:45:40.022,28.6,91.9,25.38
2025.7.1 1:45:41.016,28.3,93.3,25.44
2025.7.1 1:45:42.015,28.2,94.4,25.38
2025.7.1 1:45:43.021,28.1,95.4,25.38
2025.7.1 1:45:44.023,28,96.5,25.31
2025.7.1 1:45:45.022,27.8,97.5,25.38
2025.7.1 1:45:46.021,28.1,95.8,25.31
2025.7.1 1:45:47.036,28.6,95.4,25.38
2025.7.1 1:45:48.034,29.3,91.7,25.38
2025.7.1 1:45:49.034,28.9,92.2,25.38
2025.7.1 1:45:50.042,29.1,91.8,25.31
2025.7.1 1:45:51.033,29.2,90.6,25.31
2025.7.1 1:45:52.041,29.2,91.4,25.38
2025.7.1 1:45:53.037,29.9,91.9,25.44
2025.7.1 1:45:54.035,29.5,89.6,25.38
2025.7.1 1:45:55.033,29.2,88.8,25.44
2025.7.1 1:45:56.036,29.2,90.6,25.44
2025.7.1 1:45:57.039,29.4,90.9,25.44
2025.7.1 1:45:58.058,29.7,86.8,25.44
2025.7.1 1:45:59.041,29.6,88,25.5
2025.7.1 1:46:00.041,29.8,85.5,25.56
2025.7.1 1:46:01.053,30.4,81.3,25.56
2025.7.1 1:46:02.049,31.1,75.2,25.63
2025.7.1 1:46:03.049,30.2,81.4,25.63
2025.7.1 1:46:04.053,29.5,82.9,25.56
2025.7.1 1:46:05.057,29.1,89.7,25.63
2025.7.1 1:46:06.049,29.1,90.7,25.56
2025.7.1 1:46:07.066,28.7,92.2,25.63
2025.7.1 1:46:08.048,28.9,92,25.63
2025.7.1 1:46:09.059,29,91.8,25.63
2025.7.1 1:46:10.055,29,92,25.63
2025.7.1 1:46:11.057,27.3,99.9,23.88
2025.7.1 1:46:12.062,27,99.9,23.88
2025.7.1 1:46:13.057,26.6,99.9,23.88
2025.7.1 1:46:14.063,26.9,99.9,23.88
2025.7.1 1:46:15.074,26.8,99.9,23.94
2025.7.1 1:46:16.068,26.4,99.9,23.94
2025.7.1 1:46:17.073,26.5,99.9,23.88
2025.7.1 1:46:18.067,26,99.9,23.94
2025.7.1 1:46:19.078,25.8,99.9,23.88
2025.7.1 1:46:20.079,25.7,99.9,23.94
2025.7.1 1:46:21.077,25.6,99.9,23.94
2025.7.1 1:46:22.087,25.8,99.9,23.88
2025.7.1 1:46:23.086,26.2,99.9,23.94
2025.7.1 1:46:24.074,26.5,99.9,23.94
2025.7.1 1:46:25.083,26.8,99.9,23.94
2025.7.1 1:46:26.077,26.9,99.9,23.94
2025.7.1 1:46:27.082,26.8,99.9,23.94
2025.7.1 1:46:28.093,27.2,99.9,24
2025.7.1 1:46:29.087,27.7,99.9,24
2025.7.1 1:46:30.093,28.1,99.9,24.06
2025.7.1 1:46:31.091,28,99.9,24.06
2025.7.1 1:46:32.099,28.6,99.9,24.06
2025.7.1 1:46:33.091,28.6,99.9,24.13
2025.7.1 1:46:34.089,28.4,99.9,24.19
2025.7.1 1:46:35.105,28,99.9,24.13
2025.7.1 1:46:36.092,27.8,99.5,24.19
2025.7.1 1:46:37.099,28.5,97.8,24.19
2025.7.1 1:46:38.104,28.4,97.1,24.19
2025.7.1 1:46:39.098,28.7,96.8,24.25
2025.7.1 1:46:40.090,28.5,96.1,24.19
2025.7.1 1:46:41.114,28.7,95.8,24.31
2025.7.1 1:46:42.104,28.8,94.5,24.25
2025.7.1 1:46:43.109,29.2,97.1,24.31
2025.7.1 1:46:44.116,28.9,96.7,24.31
2025.7.1 1:46:45.110,28.5,97.1,24.31
2025.7.1 1:46:46.112,28.5,97.6,24.38
2025.7.1 1:46:47.114,28.7,98.4,24.38
2025.7.1 1:46:48.126,28.7,96.8,24.38
2025.7.1 1:46:49.114,25.5,99.9,23.31
2025.7.1 1:46:50.109,25.8,99.9,23.31
2025.7.1 1:46:51.117,26.7,99.9,23.38
2025.7.1 1:46:52.119,28.4,99.9,23.44
2025.7.1 1:46:53.121,27.9,99.9,23.44
2025.7.1 1:46:54.128,27.6,99.9,23.44
2025.7.1 1:46:55.124,27.5,99.9,23.5
2025.7.1 1:46:56.112,27.2,99.9,23.56
2025.7.1 1:46:57.132,27.2,99.9,23.56
2025.7.1 1:46:58.126,27.2,99.9,23.56
2025.7.1 1:46:59.124,27.7,99.9,23.63
2025.7.1 1:47:00.120,28,99.9,23.69
2025.7.1 1:47:01.121,28.6,99.9,23.75
2025.7.1 1:47:02.129,28.7,99.9,23.81
2025.7.1 1:47:03.136,27.8,99.9,23.81
2025.7.1 1:47:04.131,28.2,99.9,23.81
2025.7.1 1:47:05.137,28.5,99.9,23.88
2025.7.1 1:47:06.138,28.6,99.9,23.88
2025.7.1 1:47:07.139,28.6,98.3,23.94
2025.7.1 1:47:08.140,29.2,97.2,23.94
2025.7.1 1:47:09.150,28.7,99.9,24
2025.7.1 1:47:10.148,28.2,99.9,24
2025.7.1 1:47:11.139,29.4,99.9,24.06
2025.7.1 1:47:12.147,30.5,94.4,24.19
2025.7.1 1:47:13.143,31.5,91.7,24.19
2025.7.1 1:47:14.147,32,89.1,24.25
2025.7.1 1:47:15.151,31.4,85.4,24.31
2025.7.1 1:47:16.154,31.4,88,24.38
2025.7.1 1:47:17.139,30.8,83.4,24.44
2025.7.1 1:47:18.151,32.3,83.1,24.5
2025.7.1 1:47:19.147,32.6,75.5,24.56
2025.7.1 1:47:20.164,32.1,72.3,24.63
2025.7.1 1:47:21.164,30.8,73.5,24.63
2025.7.1 1:47:22.153,32.2,72.3,24.69
2025.7.1 1:47:23.168,31,73.2,24.75
2025.7.1 1:47:24.156,32.2,71,24.75
2025.7.1 1:47:25.155,32,69,24.81
2025.7.1 1:47:26.170,31.6,73.5,24.88
2025.7.1 1:47:27.168,31.7,76.1,24.94
2025.7.1 1:47:28.165,32.8,67.6,24.94
2025.7.1 1:47:29.165,33.9,64.4,25
2025.7.1 1:47:30.169,33.8,66.2,25.06
2025.7.1 1:47:31.170,33.7,64.7,25.13
2025.7.1 1:47:32.178,33.7,64.6,25.13
2025.7.1 1:47:33.173,33.2,64,25.19
2025.7.1 1:47:34.175,33.9,63.5,25.25
2025.7.1 1:47:35.168,33.7,60.5,25.38
2025.7.1 1:47:36.174,33.3,59.7,25.38
2025.7.1 1:47:37.174,33.1,64.9,25.44
2025.7.1 1:47:38.179,32.8,60.2,25.44
2025.7.1 1:47:39.183,31.6,65.7,25.5
2025.7.1 1:47:40.178,31.3,70.1,25.44
2025.7.1 1:47:41.195,31.2,67.9,25.5
2025.7.1 1:47:42.191,30.8,80.3,25.5
2025.7.1 1:47:43.188,25.7,99.9,25.69
2025.7.1 1:47:44.184,24.9,99.9,25.63
2025.7.1 1:47:45.186,24.7,99.9,25.56
2025.7.1 1:47:46.178,24.6,99.9,25.56
2025.7.1 1:47:47.191,24.3,99.9,25.5
2025.7.1 1:47:48.185,24.3,99.9,25.5
2025.7.1 1:47:49.205,24.6,99.9,25.44
2025.7.1 1:47:50.198,24.7,99.9,25.44
2025.7.1 1:47:51.187,24.2,99.9,25.38
2025.7.1 1:47:52.208,24,99.9,25.38
2025.7.1 1:47:53.193,23.8,99.9,25.38
2025.7.1 1:47:54.188,24,99.9,25.38
2025.7.1 1:47:55.195,23.9,99.9,25.31
2025.7.1 1:47:56.196,24.1,99.9,25.25
2025.7.1 1:47:57.208,24.1,99.9,25.25
2025.7.1 1:47:58.210,24.1,99.9,25.25
2025.7.1 1:47:59.197,24.1,99.9,25.25
2025.7.1 1:48:00.209,23.9,99.9,25.19
2025.7.1 1:48:01.203,23.7,99.9,25.19
2025.7.1 1:48:02.200,23.9,99.9,25.13
2025.7.1 1:48:03.214,24.1,99.9,25.19
2025.7.1 1:48:04.216,24.2,99.9,25.13
2025.7.1 1:48:05.218,24,99.9,25.13
2025.7.1 1:48:06.208,24.1,99.9,25.13
2025.7.1 1:48:07.209,24,99.9,25.13
2025.7.1 1:48:08.229,24.1,99.9,25.06
2025.7.1 1:48:09.215,24.1,99.9,25.06
2025.7.1 1:48:10.210,24.2,99.9,25.06
2025.7.1 1:48:11.226,24,99.9,25
2025.7.1 1:48:12.219,24,99.9,25.06
2025.7.1 1:48:13.219,24.1,99.9,25
2025.7.1 1:48:14.223,23.9,99.9,24.94
2025.7.1 1:48:15.225,24,99.9,24.94
2025.7.1 1:48:16.214,24,99.9,24.94
2025.7.1 1:48:17.233,24,99.9,24.94
2025.7.1 1:48:18.229,23.9,99.9,24.88
2025.7.1 1:48:19.235,23.9,99.9,24.88
2025.7.1 1:48:20.229,23.9,99.9,24.88
2025.7.1 1:48:21.228,23.9,99.9,24.88
2025.7.1 1:48:22.237,23.9,99.9,24.81
2025.7.1 1:48:23.227,23.9,99.9,24.81
2025.7.1 1:48:24.244,23.9,99.9,24.75
2025.7.1 1:48:25.243,23.9,99.9,24.75
2025.7.1 1:48:26.230,23.9,99.9,24.81
2025.7.1 1:48:27.236,23.7,99.9,24.75
2025.7.1 1:48:28.244,23.6,99.9,24.75
2025.7.1 1:48:29.230,23.5,99.9,24.69
2025.7.1 1:48:30.239,23.4,99.9,24.69
2025.7.1 1:48:31.242,23.4,99.9,24.63
2025.7.1 1:48:32.243,23.4,99.9,24.69
2025.7.1 1:48:33.240,23.4,99.9,24.63
2025.7.1 1:48:34.249,23.5,99.9,24.63
2025.7.1 1:48:35.253,23.5,99.9,24.63
2025.7.1 1:48:36.249,23.5,99.9,24.63
2025.7.1 1:48:37.247,23.5,99.9,24.56
2025.7.1 1:48:38.246,23.5,99.9,24.56
2025.7.1 1:48:39.255,23.5,99.9,24.5
2025.7.1 1:48:40.248,23.6,99.9,24.5
2025.7.1 1:48:41.256,23.6,99.9,24.5
2025.7.1 1:48:42.248,23.6,99.9,24.5
2025.7.1 1:48:43.252,23.6,99.9,24.5
2025.7.1 1:48:44.257,23.6,99.9,24.44
2025.7.1 1:48:45.248,23.6,99.9,24.44
2025.7.1 1:48:46.261,23.6,99.9,24.44
2025.7.1 1:48:47.258,23.5,99.9,24.44
2025.7.1 1:48:48.255,23.5,99.9,24.38
2025.7.1 1:48:49.255,23.6,99.9,24.38
2025.7.1 1:48:50.259,23.5,99.9,24.38
2025.7.1 1:48:51.276,23.3,99.9,24.38
2025.7.1 1:48:52.274,23.3,99.9,24.31
2025.7.1 1:48:53.261,23.4,99.9,24.31
2025.7.1 1:48:54.276,23.3,99.9,24.25
2025.7.1 1:48:55.280,23.4,99.9,24.25
2025.7.1 1:48:56.262,23.4,99.9,24.25
2025.7.1 1:48:57.273,23.6,99.9,24.25
2025.7.1 1:48:58.274,23.5,99.9,24.25
2025.7.1 1:48:59.274,23.5,99.9,24.25
2025.7.1 1:49:00.269,23.5,99.9,24.19
2025.7.1 1:49:01.274,23.5,99.9,24.19
2025.7.1 1:49:02.283,23.4,99.9,24.19
2025.7.1 1:49:03.284,23.4,99.9,24.19
2025.7.1 1:49:04.295,23.3,99.9,24.19
2025.7.1 1:49:05.292,23.2,99.9,24.13
2025.7.1 1:49:06.288,23.2,99.9,24.13
2025.7.1 1:49:07.285,23.1,99.9,24.06
2025.7.1 1:49:08.285,23,99.9,24.06
2025.7.1 1:49:09.282,23,99.9,24.06
2025.7.1 1:49:10.298,23,99.9,24
2025.7.1 1:49:11.284,23.1,99.9,24
2025.7.1 1:49:12.289,23,99.9,24
2025.7.1 1:49:13.295,23.1,99.9,24
2025.7.1 1:49:14.288,23.1,99.9,24
2025.7.1 1:49:15.298,23,99.9,24
2025.7.1 1:49:16.305,23,99.9,23.94
2025.7.1 1:49:17.292,23,99.9,23.94
2025.7.1 1:49:18.304,23,99.9,23.94
2025.7.1 1:49:19.305,23,99.9,23.94
2025.7.1 1:49:20.291,22.9,99.9,23.94
2025.7.1 1:49:21.302,22.9,99.9,23.88
2025.7.1 1:49:22.298,22.8,99.9,23.88
2025.7.1 1:49:23.293,22.7,99.9,23.81
2025.7.1 1:49:24.315,22.6,99.9,23.81
2025.7.1 1:49:25.300,22.6,99.9,23.75
2025.7.1 1:49:26.307,22.6,99.9,23.75
2025.7.1 1:49:27.313,22.6,99.9,23.75
2025.7.1 1:49:28.301,22.5,99.9,23.75
2025.7.1 1:49:29.323,22.5,99.9,23.69
2025.7.1 1:49:30.317,22.5,99.9,23.69
2025.7.1 1:49:31.322,22.5,99.9,23.69
2025.7.1 1:49:32.313,22.5,99.9,23.69
2025.7.1 1:49:33.318,22.5,99.9,23.56
2025.7.1 1:49:34.316,22.6,99.9,23.63
2025.7.1 1:49:35.327,22.6,99.9,23.56
2025.7.1 1:49:36.310,22.6,99.9,23.63
2025.7.1 1:49:37.331,22.6,99.9,23.63
2025.7.1 1:49:38.319,22.6,99.9,23.56
2025.7.1 1:49:39.327,22.5,99.9,23.56
2025.7.1 1:49:40.334,22.5,99.9,23.56
2025.7.1 1:49:41.327,22.4,99.9,23.5
2025.7.1 1:49:42.337,22.6,99.9,23.5
2025.7.1 1:49:43.327,22.5,99.9,23.5
2025.7.1 1:49:44.327,22.5,99.9,23.5
2025.7.1 1:49:45.336,22.6,99.9,23.5
2025.7.1 1:49:46.329,22.6,99.9,23.44
2025.7.1 1:49:47.338,22.4,99.9,23.44
2025.7.1 1:49:48.345,22.5,99.9,23.44
2025.7.1 1:49:49.334,22.6,99.9,23.44
2025.7.1 1:49:50.344,22.5,99.9,23.38
2025.7.1 1:49:51.332,22.6,99.9,23.44
2025.7.1 1:49:52.333,22.6,99.9,23.38
2025.7.1 1:49:53.344,22.7,99.9,23.38
2025.7.1 1:49:54.337,22.7,99.9,23.38
2025.7.1 1:49:55.344,22.7,99.9,23.31
2025.7.1 1:49:56.345,22.8,99.9,23.31
2025.7.1 1:49:57.340,23.4,99.9,23.38
2025.7.1 1:49:58.348,23.6,99.9,23.31
2025.7.1 1:49:59.357,24,99.9,23.31
2025.7.1 1:50:00.353,24.1,99.9,23.38
2025.7.1 1:50:01.357,23.9,99.9,23.31
2025.7.1 1:50:02.360,23.8,99.9,23.25
2025.7.1 1:50:03.348,23.7,99.9,23.31
2025.7.1 1:50:04.354,23.6,99.9,23.25
2025.7.1 1:50:05.349,23.6,99.9,23.31
2025.7.1 1:50:06.362,23.8,99.9,23.25
2025.7.1 1:50:07.359,24,99.9,23.25
2025.7.1 1:50:08.360,24.2,99.9,23.31
2025.7.1 1:50:09.362,24.4,99.9,23.31
2025.7.1 1:50:10.358,24.4,99.9,23.25
2025.7.1 1:50:11.361,24.6,99.9,23.31
2025.7.1 1:50:12.363,25.2,99.9,23.25
2025.7.1 1:50:13.367,25.6,99.9,23.31
2025.7.1 1:50:14.363,26.4,99.9,23.31
2025.7.1 1:50:15.374,26,99.9,23.31
2025.7.1 1:50:16.362,26.3,99.9,23.31
2025.7.1 1:50:17.375,26.2,99.9,23.31
2025.7.1 1:50:18.368,26.4,99.9,23.31
2025.7.1 1:50:19.376,27.1,99.9,23.38
2025.7.1 1:50:20.378,28.8,99.9,23.38
2025.7.1 1:50:21.369,29.7,99.5,23.38
2025.7.1 1:50:22.384,30.1,96,23.44
2025.7.1 1:50:23.377,29.7,92.8,23.5
2025.7.1 1:50:24.372,28.8,95,23.5
2025.7.1 1:50:25.391,30,92.7,23.5
2025.7.1 1:50:26.376,30.4,93.4,23.56
2025.7.1 1:50:27.380,30.2,88.1,23.56
2025.7.1 1:50:28.388,30.4,91.5,23.56
2025.7.1 1:50:29.388,30.3,92.8,23.75
2025.7.1 1:50:30.396,30.6,91.4,23.75
2025.7.1 1:50:31.395,29,96.5,24.06
2025.7.1 1:50:32.392,28.9,96.7,24.06
2025.7.1 1:50:33.396,28.9,94.4,24.06
2025.7.1 1:50:34.398,28.4,96.1,24.06
2025.7.1 1:50:35.383,27.9,95.4,24.06
2025.7.1 1:50:36.405,27.9,95.9,24.06
2025.7.1 1:50:37.391,27.2,99.1,24.06
2025.7.1 1:50:38.411,27.4,99.9,24.06
2025.7.1 1:50:39.400,28.8,98.8,24.13
2025.7.1 1:50:40.401,29.5,93.4,24.19
2025.7.1 1:50:41.399,29,94.7,24.13
2025.7.1 1:50:42.399,28.4,97.9,24.19
2025.7.1 1:50:43.392,28.5,96.8,24.19
2025.7.1 1:50:44.408,28.3,98.1,24.25
2025.7.1 1:50:45.400,28.3,99.6,24.19
2025.7.1 1:50:46.406,28.6,98.5,24.19
2025.7.1 1:50:47.413,29.1,98.8,24.25
2025.7.1 1:50:48.402,29.7,97.3,24.31
2025.7.1 1:50:49.426,30.8,94.3,24.38
2025.7.1 1:50:50.413,31.3,92.7,24.38
2025.7.1 1:50:51.402,31,88.2,24.44
2025.7.1 1:50:52.413,30.4,90.8,24.44
2025.7.1 1:50:53.415,30.2,90,24.44
2025.7.1 1:50:54.419,30.9,87.1,24.5
2025.7.1 1:50:55.416,31.2,84.9,24.5
2025.7.1 1:50:56.412,32.8,82.4,24.56
2025.7.1 1:50:57.433,32.6,78.1,24.56
2025.7.1 1:50:58.420,33,77.7,24.69
2025.7.1 1:50:59.429,32.3,77.3,24.69
2025.7.1 1:51:00.434,31.9,78.2,24.69
2025.7.1 1:51:01.423,30.7,79.6,24.75
2025.7.1 1:51:02.441,30.5,83.5,24.75
2025.7.1 1:51:03.439,30.4,85.8,24.75
2025.7.1 1:51:04.424,30.3,90.3,24.75
2025.7.1 1:51:05.434,30.3,90,24.81
2025.7.1 1:51:06.440,30.9,90,24.81
2025.7.1 1:51:07.445,30.4,89.5,24.81
2025.7.1 1:51:08.445,31.5,89,24.88
2025.7.1 1:51:09.441,32.2,80.5,24.94
2025.7.1 1:51:10.438,31.8,80.7,25
2025.7.1 1:51:11.431,32.1,81,25
2025.7.1 1:51:12.442,32.1,82,25.06
2025.7.1 1:51:13.442,32.1,76.5,25.06
2025.7.1 1:51:14.440,32.1,77,25.13
2025.7.1 1:51:15.454,31.5,77.3,25.13
2025.7.1 1:51:16.454,31.7,76.6,25.19
2025.7.1 1:51:17.440,31.7,75.9,25.19
2025.7.1 1:51:18.461,31.1,79.7,25.19
2025.7.1 1:51:19.446,30.5,86.3,25.25
2025.7.1 1:51:20.444,30,90.1,25.19
2025.7.1 1:51:21.451,29.6,90.2,25.25
2025.7.1 1:51:22.451,28.9,92.9,25.19
2025.7.1 1:51:23.467,28.6,93.5,25.19
2025.7.1 1:51:24.454,28.3,93.5,25.19
2025.7.1 1:51:25.462,28.1,94.3,25.19
2025.7.1 1:51:26.457,27.8,97.5,25.19
2025.7.1 1:51:27.459,27.9,97.4,25.13
2025.7.1 1:51:28.455,27.7,97.2,25.19
2025.7.1 1:51:29.461,27.7,98.5,25.13
2025.7.1 1:51:30.469,27.4,99.9,25.19
2025.7.1 1:51:31.475,27.4,99.9,25.13
2025.7.1 1:51:32.467,27.8,99.5,25.13
2025.7.1 1:51:33.460,27.9,99.3,25.13
2025.7.1 1:51:34.466,27.9,98.9,25.19
2025.7.1 1:51:35.469,27.7,99.9,25.13
2025.7.1 1:51:36.472,27.6,99.9,25.13
2025.7.1 1:51:37.473,27.6,99.9,25.13
2025.7.1 1:51:38.470,27.6,99.9,25.19
2025.7.1 1:51:39.465,27.5,99.9,25.19
2025.7.1 1:51:40.478,27.4,99.9,25.13
2025.7.1 1:51:41.466,27.3,99.9,25.13
2025.7.1 1:51:42.477,32.3,75.4,25.13
2025.7.1 1:51:43.478,32.5,69.8,25.19
2025.7.1 1:51:44.470,32.6,71.3,25.25
2025.7.1 1:51:45.491,32.8,69.1,25.25
2025.7.1 1:51:46.488,32.6,70.7,25.31
2025.7.1 1:51:47.486,32,71.3,25.31
2025.7.1 1:51:48.484,33,71.8,25.38
2025.7.1 1:51:49.482,32.3,74.1,25.38
2025.7.1 1:51:50.498,32.5,73,25.5
2025.7.1 1:51:51.486,33.7,65.6,25.5
2025.7.1 1:51:52.484,33.9,65.5,25.56
2025.7.1 1:51:53.495,32.5,65.8,25.5
2025.7.1 1:51:54.492,32.6,67.5,25.56
2025.7.1 1:51:55.506,33.1,67.3,25.56
2025.7.1 1:51:56.495,31.5,70,25.63
2025.7.1 1:51:57.490,31.1,73,25.56
2025.7.1 1:51:58.501,30.5,85.8,25.63
2025.7.1 1:51:59.498,30.2,90.2,25.63
2025.7.1 1:52:00.493,31,86.5,25.63
2025.7.1 1:52:01.513,32.2,81.5,25.69
2025.7.1 1:52:02.500,34.3,72.5,25.75
2025.7.1 1:52:03.516,34.1,69.5,25.75
2025.7.1 1:52:04.507,34.3,70.4,25.81
2025.7.1 1:52:05.512,34.2,66.5,25.88
2025.7.1 1:52:06.511,34.8,64.4,25.88
2025.7.1 1:52:07.510,33.9,68.4,25.94
2025.7.1 1:52:08.519,34.2,62.3,26
2025.7.1 1:52:09.515,34.5,68.6,26.06
2025.7.1 1:52:10.520,34.6,68.4,26.06
2025.7.1 1:52:11.527,34.1,67.8,26.13
2025.7.1 1:52:12.517,33.3,73.3,26.13
2025.7.1 1:52:13.525,31.4,83.4,26.13
2025.7.1 1:52:14.528,30.6,89.3,26.19
2025.7.1 1:52:15.521,31.4,87.4,26.19
2025.7.1 1:52:16.517,31.3,86.7,26.19
2025.7.1 1:52:17.527,30.3,91.5,26.19
2025.7.1 1:52:18.533,31.3,89.4,26.25
2025.7.1 1:52:19.518,30.3,91.7,26.25
2025.7.1 1:52:20.520,29.9,92.3,26.25
2025.7.1 1:52:21.523,29.4,94.2,26.25
2025.7.1 1:52:22.531,29.3,93.9,26.25
2025.7.1 1:52:23.540,29.3,93.2,26.19
2025.7.1 1:52:24.524,28.8,94,26.19
2025.7.1 1:52:25.538,28.8,94.8,26.19
2025.7.1 1:52:26.533,28.9,94.3,26.19
2025.7.1 1:52:27.545,29.2,92,26.19
2025.7.1 1:52:28.536,29.5,91.7,26.19
2025.7.1 1:52:29.531,29.7,90.6,26.19
2025.7.1 1:52:30.542,29.5,91.6,26.19
2025.7.1 1:52:31.542,29.4,90.9,26.19
2025.7.1 1:52:32.535,28.8,92.7,26.19
2025.7.1 1:52:33.544,28.4,94,26.19
2025.7.1 1:52:34.543,28.3,94.2,26.13
2025.7.1 1:52:35.534,28.2,94.3,26.13
2025.7.1 1:52:36.546,28,94.7,26.13
2025.7.1 1:52:37.543,27.8,95.4,26.13
2025.7.1 1:52:38.558,27.8,95.2,26.06
2025.7.1 1:52:39.555,28,95.8,26.06
2025.7.1 1:52:40.542,27.9,95.6,26.06
2025.7.1 1:52:41.554,27.9,95.8,26.06
2025.7.1 1:52:42.560,27.7,95.6,26.06
2025.7.1 1:52:43.557,27.6,96.1,26.06
2025.7.1 1:52:44.557,27.6,96.6,26.06
2025.7.1 1:52:45.556,27.3,97.7,26.06
2025.7.1 1:52:46.573,27.1,99.1,26
2025.7.1 1:52:47.568,26.7,99.9,26
2025.7.1 1:52:48.562,26.2,99.9,25.94
2025.7.1 1:52:49.568,26.1,99.9,26
2025.7.1 1:52:50.562,26,99.9,25.94
2025.7.1 1:52:51.568,25.9,99.9,25.94
2025.7.1 1:52:52.567,26,99.9,25.94
2025.7.1 1:52:53.577,26,99.9,25.88
2025.7.1 1:52:54.578,25.9,99.9,25.88
2025.7.1 1:52:55.568,25.9,99.9,25.88
2025.7.1 1:52:56.564,25.7,99.9,25.81
2025.7.1 1:52:57.571,25.6,99.9,25.81
2025.7.1 1:52:58.570,25.7,99.9,25.81
2025.7.1 1:52:59.583,25.7,99.9,25.81
2025.7.1 1:53:00.576,25.6,99.9,25.81
2025.7.1 1:53:01.577,25.4,99.9,25.81
2025.7.1 1:53:02.590,25.3,99.9,25.75
2025.7.1 1:53:03.587,25.4,99.9,25.75
2025.7.1 1:53:04.574,25.3,99.9,25.75
2025.7.1 1:53:05.582,25.1,99.9,25.75
2025.7.1 1:53:06.582,25.1,99.9,25.69
2025.7.1 1:53:07.584,25.2,99.9,25.69
2025.7.1 1:53:08.591,25.2,99.9,25.75
2025.7.1 1:53:09.585,25.1,99.9,25.69
2025.7.1 1:53:10.593,25.1,99.9,25.63
2025.7.1 1:53:11.596,25.1,99.9,25.69
2025.7.1 1:53:12.594,25.1,99.9,25.63
2025.7.1 1:53:13.597,25.1,99.9,25.63
2025.7.1 1:53:14.591,25,99.9,25.63
2025.7.1 1:53:15.597,25.1,99.9,25.56
2025.7.1 1:53:16.599,25.1,99.9,25.56
2025.7.1 1:53:17.602,24.9,99.9,25.56
2025.7.1 1:53:18.609,24.9,99.9,25.56
2025.7.1 1:53:19.602,24.9,99.9,25.5
2025.7.1 1:53:20.595,24.8,99.9,25.5
2025.7.1 1:53:21.608,24.8,99.9,25.44
2025.7.1 1:53:22.602,24.7,99.9,25.5
2025.7.1 1:53:23.618,24.6,99.9,25.5
2025.7.1 1:53:24.610,24.7,99.9,25.44
2025.7.1 1:53:25.615,24.8,99.9,25.44
2025.7.1 1:53:26.617,24.7,99.9,25.38
2025.7.1 1:53:27.610,24.6,99.9,25.44
2025.7.1 1:53:28.618,24.6,99.9,25.38
2025.7.1 1:53:29.624,24.4,99.9,25.38
2025.7.1 1:53:30.615,24.4,99.9,25.38
2025.7.1 1:53:31.620,24.5,99.9,25.31
2025.7.1 1:53:32.622,24.4,99.9,25.31
2025.7.1 1:53:33.625,24.4,99.9,25.31
2025.7.1 1:53:34.631,24.5,99.9,25.31
2025.7.1 1:53:35.628,24.6,99.9,25.31
2025.7.1 1:53:36.628,24.4,99.9,25.25
2025.7.1 1:53:37.634,24.3,99.9,25.25
2025.7.1 1:53:38.631,24.3,99.9,25.25
2025.7.1 1:53:39.641,24.1,99.9,25.19
2025.7.1 1:53:40.632,24.2,99.9,25.19
2025.7.1 1:53:41.627,24.3,99.9,25.19
2025.7.1 1:53:42.649,24.2,99.9,25.19
2025.7.1 1:53:43.630,24.2,99.9,25.19
2025.7.1 1:53:44.627,24.1,99.9,25.13
2025.7.1 1:53:45.648,24.2,99.9,25.13
2025.7.1 1:53:46.635,24.1,99.9,25.06
2025.7.1 1:53:47.652,24,99.9,25.06
2025.7.1 1:53:48.654,24,99.9,25.06
2025.7.1 1:53:49.646,23.9,99.9,25.06
2025.7.1 1:53:50.651,23.9,99.9,25.06
2025.7.1 1:53:51.650,23.8,99.9,25
2025.7.1 1:53:52.651,23.7,99.9,25
2025.7.1 1:53:53.659,23.7,99.9,24.94
2025.7.1 1:53:54.662,23.8,99.9,24.94
2025.7.1 1:53:55.662,23.9,99.9,24.94
2025.7.1 1:53:56.662,23.8,99.9,24.94
2025.7.1 1:53:57.659,23.8,99.9,24.88
2025.7.1 1:53:58.665,23.9,99.9,24.88
2025.7.1 1:53:59.668,23.9,99.9,24.88
2025.7.1 1:54:00.672,23.7,99.9,24.88
2025.7.1 1:54:01.667,23.8,99.9,24.88
2025.7.1 1:54:02.665,23.7,99.9,24.81
2025.7.1 1:54:03.664,23.6,99.9,24.81
2025.7.1 1:54:04.667,23.5,99.9,24.81
2025.7.1 1:54:05.668,23.4,99.9,24.81
2025.7.1 1:54:06.670,23.3,99.9,24.75
2025.7.1 1:54:07.673,23.4,99.9,24.81
2025.7.1 1:54:08.687,23.4,99.9,24.75
2025.7.1 1:54:09.671,23.3,99.9,24.75
2025.7.1 1:54:10.674,23.4,99.9,24.69
2025.7.1 1:54:11.685,23.3,99.9,24.69
2025.7.1 1:54:12.683,23.3,99.9,24.69
2025.7.1 1:54:13.690,23.4,99.9,24.63
2025.7.1 1:54:14.686,23.3,99.9,24.63
2025.7.1 1:54:15.684,23.3,99.9,24.69
2025.7.1 1:54:16.689,23.3,99.9,24.63
2025.7.1 1:54:17.694,23.2,99.9,24.56
2025.7.1 1:54:18.685,23.3,99.9,24.63
2025.7.1 1:54:19.687,23.2,99.9,24.56
2025.7.1 1:54:20.688,23.1,99.9,24.56
2025.7.1 1:54:21.684,23.1,99.9,24.5
2025.7.1 1:54:22.683,23,99.9,24.5
2025.7.1 1:54:23.690,22.9,99.9,24.5
2025.7.1 1:54:24.696,22.9,99.9,24.44
2025.7.1 1:54:25.699,22.9,99.9,24.44
2025.7.1 1:54:26.682,22.9,99.9,24.5
2025.7.1 1:54:27.697,23.1,99.9,24.44
2025.7.1 1:54:28.689,23.2,99.9,24.44
2025.7.1 1:54:29.686,23.1,99.9,24.44
2025.7.1 1:54:30.692,23.2,99.9,24.38
2025.7.1 1:54:31.695,23.1,99.9,24.38
2025.7.1 1:54:32.698,23.1,99.9,24.38
2025.7.1 1:54:33.708,23,99.9,24.38
2025.7.1 1:54:34.695,22.7,99.9,24.38
2025.7.1 1:54:35.699,22.6,99.9,24.31
2025.7.1 1:54:36.701,22.9,99.9,24.31
2025.7.1 1:54:37.703,22.9,99.9,24.31
2025.7.1 1:54:38.702,22.7,99.9,24.31
2025.7.1 1:54:39.701,22.9,99.9,24.31
2025.7.1 1:54:40.716,22.8,99.9,24.25
2025.7.1 1:54:41.706,22.9,99.9,24.25
2025.7.1 1:54:42.709,23,99.9,24.25
2025.7.1 1:54:43.712,23.3,99.9,24.25
2025.7.1 1:54:44.717,23.3,99.9,24.19
2025.7.1 1:54:45.703,23.3,99.9,24.19
2025.7.1 1:54:46.721,23.1,99.9,24.19
2025.7.1 1:54:47.710,23.6,99.9,24.19
2025.7.1 1:54:48.712,23.6,99.9,24.13
2025.7.1 1:54:49.718,24,99.9,24.13
2025.7.1 1:54:50.713,23.9,99.9,24.13
2025.7.1 1:54:51.722,24,99.9,24.13
2025.7.1 1:54:52.720,24.1,99.9,24.13
2025.7.1 1:54:53.717,24.1,99.9,24.06
2025.7.1 1:54:54.731,24.5,99.9,24.06
2025.7.1 1:54:55.732,24.6,99.9,24.13
2025.7.1 1:54:56.733,24.9,99.9,24.13
2025.7.1 1:54:57.728,24.9,99.9,24.13
2025.7.1 1:54:58.726,24.8,99.9,24.13
2025.7.1 1:54:59.731,25,99.9,24.13
2025.7.1 1:55:00.732,25.2,99.9,24.13
2025.7.1 1:55:01.730,25.5,99.9,24.13
2025.7.1 1:55:02.735,25.4,99.9,24.06
2025.7.1 1:55:03.734,25.8,99.9,24.13
2025.7.1 1:55:04.739,26.6,99.9,24.13
2025.7.1 1:55:05.740,27.4,99.9,24.13
2025.7.1 1:55:06.746,27.1,99.9,24.13
2025.7.1 1:55:07.760,27.6,99.9,24.13
2025.7.1 1:55:08.751,27.3,99.9,24.13
2025.7.1 1:55:09.740,27.3,99.9,24.19
2025.7.1 1:55:10.748,27.4,99.9,24.19
2025.7.1 1:55:11.751,27.2,99.6,24.19
2025.7.1 1:55:12.753,27.1,99.9,24.19
2025.7.1 1:55:13.758,28,98.6,24.25
2025.7.1 1:55:14.742,28.8,94,24.25
2025.7.1 1:55:15.754,28.9,94.5,24.31
2025.7.1 1:55:16.762,29.9,92.9,24.31
2025.7.1 1:55:17.766,29.5,91.7,24.31
2025.7.1 1:55:19.751,28.7,94.9,24.44
2025.7.1 1:55:20.764,28.3,94.6,24.44
2025.7.1 1:55:21.757,28.8,93.3,24.5
2025.7.1 1:55:22.753,29.4,92.6,24.5
2025.7.1 1:55:23.763,28.8,91.4,24.5
2025.7.1 1:55:24.761,28.8,91.6,24.56
2025.7.1 1:55:25.764,29.5,91,24.56
2025.7.1 1:55:26.767,29.2,90.6,24.63
2025.7.1 1:55:27.764,29.5,89.4,24.69
2025.7.1 1:55:28.773,30.8,79.9,24.69
2025.7.1 1:55:29.770,31.8,75.7,24.75
2025.7.1 1:55:30.769,30.6,77.9,24.81
2025.7.1 1:55:31.774,29.7,81.5,24.75
2025.7.1 1:55:32.779,29.4,90,24.88
2025.7.1 1:55:33.788,30.2,90.1,24.81
2025.7.1 1:55:34.782,31.5,84.6,24.94
2025.7.1 1:55:35.778,31,83.5,24.88
2025.7.1 1:55:36.788,30.6,86.8,24.94
2025.7.1 1:55:37.781,29.7,90.9,24.94
2025.7.1 1:55:38.774,28.7,93.1,24.88
2025.7.1 1:55:39.795,29.5,92.4,24.94
2025.7.1 1:55:40.782,30.5,90,25
2025.7.1 1:55:41.784,31,85,25.06
2025.7.1 1:55:42.800,29.9,90.4,25
2025.7.1 1:55:43.784,29.7,91.8,25.06
2025.7.1 1:55:44.794,29.4,92.5,25.06
2025.7.1 1:55:45.792,29.5,92.6,25.13
2025.7.1 1:55:46.792,30.8,89,25.13
2025.7.1 1:55:47.804,30.4,88.2,25.19
2025.7.1 1:55:48.791,29.6,90.2,25.13
2025.7.1 1:55:49.797,29.8,90.8,25.13
2025.7.1 1:55:50.796,30,86.7,25.19
2025.7.1 1:55:51.792,29.7,89,25.19
2025.7.1 1:55:52.802,29.8,89.9,25.25
2025.7.1 1:55:53.808,29.4,90.7,25.19
2025.7.1 1:55:54.793,29.3,92.5,25.19
2025.7.1 1:55:55.813,29.5,91,25.19
2025.7.1 1:55:56.803,29.4,91.5,25.19
2025.7.1 1:55:57.799,29.9,90.4,25.19
2025.7.1 1:55:58.807,29.7,90,25.25
2025.7.1 1:55:59.803,30.4,88,25.25
2025.7.1 1:56:00.812,29.9,88.6,25.25
2025.7.1 1:56:01.812,30.1,90,25.31
2025.7.1 1:56:02.806,31.2,81.7,25.38
2025.7.1 1:56:03.815,31.1,80.3,25.38
2025.7.1 1:56:04.815,30.4,80.8,25.38
2025.7.1 1:56:05.822,30.2,82.4,25.38
2025.7.1 1:56:06.817,29.1,88.8,25.38
2025.7.1 1:56:07.817,29.9,85.7,25.44
2025.7.1 1:56:08.836,31,82.1,25.44
2025.7.1 1:56:09.825,30.9,79.6,25.44
2025.7.1 1:56:10.819,30.9,81.1,25.44
2025.7.1 1:56:11.838,31.3,81.9,25.5
2025.7.1 1:56:12.824,31.5,76.6,25.5
2025.7.1 1:56:13.832,30.8,80.6,25.56
2025.7.1 1:56:14.838,30.8,78.8,25.56
2025.7.1 1:56:15.824,30,84.1,25.56
2025.7.1 1:56:16.831,30.1,85.2,25.56
2025.7.1 1:56:17.831,29.9,89.8,25.63
2025.7.1 1:56:18.834,30.7,84.6,25.69
2025.7.1 1:56:19.836,31.1,82.5,25.69
2025.7.1 1:56:20.837,31.2,81.6,25.69
2025.7.1 1:56:21.839,30.8,81.7,25.69
2025.7.1 1:56:22.840,30.6,86.8,25.75
2025.7.1 1:56:23.836,29.7,88,25.81
2025.7.1 1:56:24.842,29.1,91.2,25.81
2025.7.1 1:56:25.844,28.9,92.9,25.75
2025.7.1 1:56:26.839,28.5,94.1,25.75
2025.7.1 1:56:27.844,28.3,94.6,25.75
2025.7.1 1:56:28.851,27.7,96.3,25.75
2025.7.1 1:56:29.839,27.5,97.4,25.75
2025.7.1 1:56:30.848,27.4,98.2,25.75
2025.7.1 1:56:31.854,27.4,98.6,25.69
2025.7.1 1:56:32.847,26.8,99.9,25.69
2025.7.1 1:56:33.859,26.5,99.9,25.69
2025.7.1 1:56:34.844,26.5,99.9,25.63
2025.7.1 1:56:35.857,26.5,99.9,25.56
2025.7.1 1:56:36.852,26.3,99.9,25.56
2025.7.1 1:56:37.852,26.2,99.9,25.56
2025.7.1 1:56:38.868,26,99.9,25.56
2025.7.1 1:56:39.852,25.8,99.9,25.56
2025.7.1 1:56:40.869,25.7,99.9,25.56
2025.7.1 1:56:41.866,25.7,99.9,25.5
2025.7.1 1:56:42.862,25.7,99.9,25.5
2025.7.1 1:56:43.870,25.6,99.9,25.5
2025.7.1 1:56:44.853,25.6,99.9,25.5
2025.7.1 1:56:45.865,25.6,99.9,25.44
2025.7.1 1:56:46.882,25.6,99.9,25.44
2025.7.1 1:56:47.862,25.5,99.9,25.44
2025.7.1 1:56:48.867,25.4,99.9,25.38
2025.7.1 1:56:49.873,25.4,99.9,25.38
2025.7.1 1:56:50.862,25.4,99.9,25.38
2025.7.1 1:56:51.880,25.3,99.9,25.38
2025.7.1 1:56:52.869,25.1,99.9,25.31
2025.7.1 1:56:53.884,25.2,99.9,25.38
2025.7.1 1:56:54.885,25.1,99.9,25.31
2025.7.1 1:56:55.880,25.1,99.9,25.31
2025.7.1 1:56:56.876,25,99.9,25.25
2025.7.1 1:56:57.887,24.9,99.9,25.31
2025.7.1 1:56:58.874,25.1,99.9,25.25
2025.7.1 1:56:59.881,25.2,99.9,25.25
2025.7.1 1:57:00.880,25.1,99.9,25.25
2025.7.1 1:57:01.878,25,99.9,25.25
2025.7.1 1:57:02.893,25.1,99.9,25.19
2025.7.1 1:57:03.883,24.9,99.9,25.25
2025.7.1 1:57:04.889,25,99.9,25.19
2025.7.1 1:57:05.888,25,99.9,25.19
2025.7.1 1:57:06.894,24.9,99.9,25.19
2025.7.1 1:57:07.894,24.9,99.9,25.19
2025.7.1 1:57:08.897,24.9,99.9,25.13
2025.7.1 1:57:09.895,25.1,99.9,25.13
2025.7.1 1:57:10.906,25,99.9,25.06
2025.7.1 1:57:11.894,24.9,99.9,25.06
2025.7.1 1:57:12.908,24.9,99.9,25.06
2025.7.1 1:57:13.907,24.9,99.9,25.06
2025.7.1 1:57:14.909,24.9,99.9,25.06
2025.7.1 1:57:15.900,24.8,99.9,25
2025.7.1 1:57:16.906,24.7,99.9,25
2025.7.1 1:57:17.897,24.7,99.9,25
2025.7.1 1:57:18.911,24.6,99.9,25
2025.7.1 1:57:19.904,24.5,99.9,24.94
2025.7.1 1:57:20.910,24.4,99.9,24.94
2025.7.1 1:57:21.909,24.4,99.9,24.94
2025.7.1 1:57:22.911,24.4,99.9,24.94
2025.7.1 1:57:23.914,24.3,99.9,24.88
2025.7.1 1:57:24.916,24.4,99.9,24.88
2025.7.1 1:57:25.909,24.3,99.9,24.94
2025.7.1 1:57:26.919,24.4,99.9,24.88
2025.7.1 1:57:27.916,24.2,99.9,24.81
2025.7.1 1:57:28.920,24.2,99.9,24.88
2025.7.1 1:57:29.922,24.2,99.9,24.81
2025.7.1 1:57:30.915,24.4,99.9,24.81
2025.7.1 1:57:31.931,24.4,99.9,24.81
2025.7.1 1:57:32.922,24.3,99.9,24.75
2025.7.1 1:57:33.918,24.5,99.9,24.75
2025.7.1 1:57:34.930,24.5,99.9,24.75
2025.7.1 1:57:35.918,24.5,99.9,24.75
2025.7.1 1:57:36.933,24.5,99.9,24.69
2025.7.1 1:57:37.932,24.6,99.9,24.75
2025.7.1 1:57:38.927,24.2,99.9,24.69
2025.7.1 1:57:39.931,24,99.9,24.69
2025.7.1 1:57:40.932,24.1,99.9,24.69
2025.7.1 1:57:41.929,24.2,99.9,24.69
2025.7.1 1:57:42.937,23.9,99.9,24.69
2025.7.1 1:57:43.931,23.9,99.9,24.63
2025.7.1 1:57:44.930,23.8,99.9,24.63
2025.7.1 1:57:45.948,23.7,99.9,24.63
2025.7.1 1:57:46.945,23.8,99.9,24.63
2025.7.1 1:57:47.942,23.7,99.9,24.63
2025.7.1 1:57:48.950,23.6,99.9,24.56
2025.7.1 1:57:49.935,23.8,99.9,24.56
2025.7.1 1:57:50.952,23.7,99.9,24.56
2025.7.1 1:57:51.947,23.5,99.9,24.56
2025.7.1 1:57:52.947,23.5,99.9,24.56
2025.7.1 1:57:53.947,23.5,99.9,24.56
2025.7.1 1:57:54.944,23.6,99.9,24.56
2025.7.1 1:57:55.952,23.6,99.9,24.44
2025.7.1 1:57:56.956,23.6,99.9,24.44
2025.7.1 1:57:57.954,23.6,99.9,24.44
2025.7.1 1:57:58.966,23.7,99.9,24.5
2025.7.1 1:57:59.953,23.7,99.9,24.44
2025.7.1 1:58:00.951,23.8,99.9,24.44
2025.7.1 1:58:01.948,23.9,99.9,24.38
2025.7.1 1:58:02.956,23.5,99.9,24.44
2025.7.1 1:58:03.954,23.6,99.9,24.38
2025.7.1 1:58:04.956,23.6,99.9,24.31
2025.7.1 1:58:05.956,23.6,99.9,24.31
2025.7.1 1:58:06.964,23.5,99.9,24.31
2025.7.1 1:58:07.964,23.5,99.9,24.31
2025.7.1 1:58:08.959,23.4,99.9,24.25
2025.7.1 1:58:09.969,23.1,99.9,24.25
2025.7.1 1:58:10.968,22.9,99.9,24.25
2025.7.1 1:58:11.969,22.9,99.9,24.25
2025.7.1 1:58:12.963,22.9,99.9,24.25
2025.7.1 1:58:13.974,22.9,99.9,24.19
2025.7.1 1:58:14.972,22.9,99.9,24.19
2025.7.1 1:58:15.972,22.9,99.9,24.19
2025.7.1 1:58:16.970,22.6,99.9,24.19
2025.7.1 1:58:17.967,22.7,99.9,24.19
2025.7.1 1:58:18.968,22.9,99.9,24.13
2025.7.1 1:58:19.971,22.9,99.9,24.13
2025.7.1 1:58:20.972,23,99.9,24.13
2025.7.1 1:58:21.972,23.1,99.9,24.13
2025.7.1 1:58:22.982,23,99.9,24.06
2025.7.1 1:58:23.975,22.9,99.9,24.06
2025.7.1 1:58:24.982,22.9,99.9,24.06
2025.7.1 1:58:25.990,23,99.9,24.06
2025.7.1 1:58:26.985,23,99.9,24
2025.7.1 1:58:27.978,22.9,99.9,24
2025.7.1 1:58:28.982,22.7,99.9,24
2025.7.1 1:58:29.978,22.7,99.9,24
2025.7.1 1:58:30.981,22.6,99.9,23.94
2025.7.1 1:58:31.984,22.6,99.9,23.94
2025.7.1 1:58:32.985,22.5,99.9,23.94
2025.7.1 1:58:33.988,22.6,99.9,23.88
2025.7.1 1:58:34.988,22.6,99.9,23.88
2025.7.1 1:58:35.996,22.7,99.9,23.88
2025.7.1 1:58:36.997,22.6,99.9,23.88
2025.7.1 1:58:38.002,22.4,99.9,23.81
2025.7.1 1:58:39.003,22.7,99.9,23.81
2025.7.1 1:58:40.008,23,99.9,23.88
2025.7.1 1:58:41.004,23.1,99.9,23.88
2025.7.1 1:58:42.006,23.1,99.9,23.81
2025.7.1 1:58:43.000,23.3,99.9,23.81
2025.7.1 1:58:44.006,23.9,99.9,23.81
2025.7.1 1:58:44.998,25,99.9,23.81
2025.7.1 1:58:46.003,25.1,99.9,23.81
2025.7.1 1:58:47.005,26.2,99.9,23.88
2025.7.1 1:58:48.004,27.3,99.9,23.81
2025.7.1 1:58:49.014,30.4,90.9,23.94
2025.7.1 1:58:50.009,31.3,82.9,23.94
2025.7.1 1:58:51.014,28.8,92.9,23.88
2025.7.1 1:58:52.018,29.9,91.9,24
2025.7.1 1:58:53.011,31.7,79.3,23.94
2025.7.1 1:58:54.008,28.9,92.9,23.94
2025.7.1 1:58:55.012,27.7,98.9,23.94
2025.7.1 1:58:56.012,27.4,99.9,23.94
2025.7.1 1:58:57.014,29.3,94.9,23.94
2025.7.1 1:58:58.014,29.9,87.8,24
2025.7.1 1:58:59.015,26.9,99.4,23.94
2025.7.1 1:59:00.026,26.9,99.9,24
2025.7.1 1:59:01.019,27.3,99.9,23.94
2025.7.1 1:59:02.031,27.5,99.5,24
2025.7.1 1:59:03.031,28.6,96.4,24.06
2025.7.1 1:59:04.023,27.3,99.4,24
2025.7.1 1:59:05.022,27.8,98.3,24
2025.7.1 1:59:06.031,27.4,99.4,24.06
2025.7.1 1:59:07.025,26.8,99.9,24
2025.7.1 1:59:08.024,26.9,99.9,24.13
2025.7.1 1:59:09.031,26.9,99.9,24.06
2025.7.1 1:59:10.032,27.2,99.9,24.13
2025.7.1 1:59:11.046,27.8,98,24.13
2025.7.1 1:59:12.033,28.3,96.4,24.13
2025.7.1 1:59:13.044,28.2,97.9,24.19
2025.7.1 1:59:14.036,28.8,97,24.19
2025.7.1 1:59:15.046,30.3,86.6,24.25
2025.7.1 1:59:16.045,30,88.8,24.31
2025.7.1 1:59:17.049,29.5,90.8,24.31
2025.7.1 1:59:18.041,29.9,87.7,24.31
2025.7.1 1:59:19.060,28.6,92.2,24.31
2025.7.1 1:59:20.046,28.3,93.2,24.44
2025.7.1 1:59:21.043,27.9,93.2,24.38
2025.7.1 1:59:22.063,30,87.1,24.44
2025.7.1 1:59:23.045,31.6,78.7,24.44
2025.7.1 1:59:24.046,32.3,73.9,24.56
2025.7.1 1:59:25.070,30.2,80.3,24.5
2025.7.1 1:59:26.058,32.1,70.7,24.63
2025.7.1 1:59:27.069,32.2,72,24.63
2025.7.1 1:59:28.061,33.5,67.6,24.69
2025.7.1 1:59:29.058,31.3,72.6,24.69
2025.7.1 1:59:30.065,31.2,75.7,24.75
2025.7.1 1:59:31.070,32.4,72.2,24.75
2025.7.1 1:59:32.066,33,67.5,24.81
2025.7.1 1:59:33.073,33,64,24.88
2025.7.1 1:59:34.071,33,66.1,24.88
2025.7.1 1:59:35.069,32.2,70.4,24.88
2025.7.1 1:59:36.064,31.2,76.6,24.94
2025.7.1 1:59:37.082,31.1,78,24.94
2025.7.1 1:59:38.086,31.7,77.4,25
2025.7.1 1:59:39.068,31.9,73.7,25
2025.7.1 1:59:40.068,31.1,79.8,25.06
2025.7.1 1:59:41.081,30.1,84.3,25.06
2025.7.1 1:59:42.078,29.9,85.6,25.06
2025.7.1 1:59:43.082,29.4,90.6,25.06
2025.7.1 1:59:44.086,28.8,91.8,25.06
2025.7.1 1:59:45.079,29.1,93.4,25.13
2025.7.1 1:59:46.076,28.9,93.9,25.06
2025.7.1 1:59:47.091,28.7,94.2,25.06
2025.7.1 1:59:48.079,28.7,95,25.06
2025.7.1 1:59:49.090,29,95.6,25.06
2025.7.1 1:59:50.085,28.9,94.8,25.06
2025.7.1 1:59:51.081,28.9,96.2,25.13
2025.7.1 1:59:52.086,28.8,94.7,25.13
2025.7.1 1:59:53.087,28.7,95.1,25.13
2025.7.1 1:59:54.093,28.6,96.3,25.06
2025.7.1 1:59:55.099,28.7,97.1,25.13
2025.7.1 1:59:56.087,28.8,96.4,25.19
2025.7.1 1:59:57.095,29,95.7,25.13
2025.7.1 1:59:58.088,29,93.9,25.13
2025.7.1 1:59:59.088,29,93.6,25.19
2025.7.1 2:00:00.095,29.3,93.2,25.19
2025.7.1 2:00:01.101,30.1,91.7,25.19
2025.7.1 2:00:02.102,30.4,88.9,25.25
2025.7.1 2:00:03.104,30.2,89.7,25.25
2025.7.1 2:00:04.097,29.9,90.2,25.19
2025.7.1 2:00:05.102,31.1,84.2,25.25
2025.7.1 2:00:06.108,31.2,82.5,25.31
2025.7.1 2:00:07.100,31.6,82.4,25.31
2025.7.1 2:00:08.112,32,79.8,25.38
2025.7.1 2:00:09.107,32.3,78.4,25.38
2025.7.1 2:00:10.102,32.5,76.6,25.5
2025.7.1 2:00:11.120,31.9,84,25.44
2025.7.1 2:00:12.115,31.5,82.8,25.5
2025.7.1 2:00:13.120,31.5,82.1,25.56
2025.7.1 2:00:14.125,31.5,83.5,25.56
2025.7.1 2:00:15.116,31.4,81.7,25.63
2025.7.1 2:00:16.121,30,86.5,25.56
2025.7.1 2:00:17.117,30.3,86.7,25.56
2025.7.1 2:00:18.117,30.7,86.9,25.63
2025.7.1 2:00:19.119,29.8,88.4,25.63
2025.7.1 2:00:20.116,29.8,90,25.63
2025.7.1 2:00:21.118,29.5,91.5,25.69
2025.7.1 2:00:22.121,29,93,25.63
2025.7.1 2:00:23.126,28.8,93.7,25.63
2025.7.1 2:00:24.135,28.7,96.3,25.69
2025.7.1 2:00:25.120,28.8,94.7,25.69
2025.7.1 2:00:26.118,29.2,93.3,25.69
2025.7.1 2:00:27.139,29.3,93.2,25.69
2025.7.1 2:00:28.134,29.2,93.6,25.75
2025.7.1 2:00:29.144,29,94,25.69
2025.7.1 2:00:30.133,28.7,94.8,25.69
2025.7.1 2:00:31.141,28.3,96,25.69
2025.7.1 2:00:32.143,28.3,96.9,25.69
2025.7.1 2:00:33.134,28,97.7,25.69
2025.7.1 2:00:34.130,27.7,98.5,25.75
2025.7.1 2:00:35.136,27.6,98.8,25.63
2025.7.1 2:00:36.136,27.2,99.9,25.69
2025.7.1 2:00:37.139,27,99.9,25.63
2025.7.1 2:00:38.140,26.9,99.9,25.63
2025.7.1 2:00:39.137,26.9,99.9,25.69
2025.7.1 2:00:40.131,26.8,99.9,25.63
2025.7.1 2:00:41.132,26.7,99.9,25.63
2025.7.1 2:00:42.136,26.7,99.9,25.56
2025.7.1 2:00:43.145,26.6,99.9,25.63
2025.7.1 2:00:44.152,26.3,99.9,25.56
2025.7.1 2:00:45.139,26.2,99.9,25.56
2025.7.1 2:00:46.150,26.3,99.9,25.56
2025.7.1 2:00:47.153,26.4,99.9,25.5
2025.7.1 2:00:48.142,26.4,99.9,25.5
2025.7.1 2:00:49.150,26.4,99.9,25.5
2025.7.1 2:00:50.145,26.3,99.9,25.5
2025.7.1 2:00:51.145,26.3,99.9,25.5
2025.7.1 2:00:52.148,26.4,99.9,25.44
2025.7.1 2:00:53.147,26.3,99.9,25.5
2025.7.1 2:00:54.153,26.2,99.9,25.44
2025.7.1 2:00:55.162,26.1,99.9,25.5
2025.7.1 2:00:56.150,26.1,99.9,25.5
2025.7.1 2:00:57.159,26,99.9,25.44
2025.7.1 2:00:58.157,25.9,99.9,25.44
2025.7.1 2:00:59.170,25.8,99.9,25.44
2025.7.1 2:01:00.153,25.8,99.9,25.44
2025.7.1 2:01:01.153,26,99.9,25.44
2025.7.1 2:01:02.156,25.9,99.9,25.38
2025.7.1 2:01:03.161,25.8,99.9,25.38
2025.7.1 2:01:04.160,25.9,99.9,25.44
2025.7.1 2:01:05.171,25.9,99.9,25.38
2025.7.1 2:01:06.166,25.8,99.9,25.38
2025.7.1 2:01:07.170,25.8,99.9,25.38
2025.7.1 2:01:08.180,25.8,99.9,25.38
2025.7.1 2:01:09.168,25.7,99.9,25.38
2025.7.1 2:01:10.178,25.6,99.9,25.44
2025.7.1 2:01:11.165,25.7,99.9,25.38
2025.7.1 2:01:12.169,25.7,99.9,25.31
2025.7.1 2:01:13.168,25.6,99.9,25.31
2025.7.1 2:01:14.169,25.5,99.9,25.31
2025.7.1 2:01:15.177,25.6,99.9,25.31
2025.7.1 2:01:16.166,25.6,99.9,25.31
2025.7.1 2:01:17.175,25.6,99.9,25.31
2025.7.1 2:01:18.172,25.6,99.9,25.25
2025.7.1 2:01:19.172,25.5,99.9,25.25
2025.7.1 2:01:20.185,25.5,99.9,25.25
2025.7.1 2:01:21.188,25.5,99.9,25.25
2025.7.1 2:01:22.178,25.5,99.9,25.25
2025.7.1 2:01:23.181,25.4,99.9,25.19
2025.7.1 2:01:24.188,25.4,99.9,25.25
2025.7.1 2:01:25.179,25.5,99.9,25.25
2025.7.1 2:01:26.182,25.4,99.9,25.19
2025.7.1 2:01:27.181,25.4,99.9,25.19
2025.7.1 2:01:28.188,25.3,99.9,25.19
2025.7.1 2:01:29.182,25.3,99.9,25.19
2025.7.1 2:01:30.184,25.3,99.9,25.19
2025.7.1 2:01:31.194,25.3,99.9,25.19
2025.7.1 2:01:32.190,25.3,99.9,25.19
2025.7.1 2:01:33.199,25.3,99.9,25.13
2025.7.1 2:01:34.188,25.3,99.9,25.19
2025.7.1 2:01:35.194,25.3,99.9,25.13
2025.7.1 2:01:36.193,25.2,99.9,25.13
2025.7.1 2:01:37.216,25.2,99.9,25.13
2025.7.1 2:01:38.194,25.1,99.9,25.06
2025.7.1 2:01:39.204,25.1,99.9,25.06
2025.7.1 2:01:40.197,25,99.9,25.06
2025.7.1 2:01:41.198,25.1,99.9,25.06
2025.7.1 2:01:42.211,25,99.9,25.06
2025.7.1 2:01:43.198,24.9,99.9,25
2025.7.1 2:01:44.208,25,99.9,25
2025.7.1 2:01:45.201,24.9,99.9,25.06
2025.7.1 2:01:46.215,25,99.9,25
2025.7.1 2:01:47.201,25,99.9,25
2025.7.1 2:01:48.206,24.9,99.9,25
2025.7.1 2:01:49.215,24.9,99.9,25
2025.7.1 2:01:50.207,24.9,99.9,24.94
2025.7.1 2:01:51.209,24.8,99.9,25
2025.7.1 2:01:52.211,24.9,99.9,24.94
2025.7.1 2:01:53.210,24.6,99.9,24.94
2025.7.1 2:01:54.210,24.4,99.9,24.94
2025.7.1 2:01:55.212,24.3,99.9,24.94
2025.7.1 2:01:56.214,24.2,99.9,24.94
2025.7.1 2:01:57.225,23.9,99.9,24.94
2025.7.1 2:01:58.221,23.9,99.9,24.88
2025.7.1 2:01:59.218,23.6,99.9,24.88
2025.7.1 2:02:00.219,23.4,99.9,24.88
2025.7.1 2:02:01.221,23.3,99.9,24.81
2025.7.1 2:02:02.220,23.3,99.9,24.81
2025.7.1 2:02:03.229,23.1,99.9,24.81
2025.7.1 2:02:04.233,22.9,99.9,24.75
2025.7.1 2:02:05.223,22.8,99.9,24.81
2025.7.1 2:02:06.234,22.8,99.9,24.75
2025.7.1 2:02:07.246,22.7,99.9,24.75
2025.7.1 2:02:08.229,22.7,99.9,24.69
2025.7.1 2:02:09.228,22.6,99.9,24.75
2025.7.1 2:02:10.231,22.6,99.9,24.69
2025.7.1 2:02:11.255,22.5,99.9,24.69
2025.7.1 2:02:12.233,22.5,99.9,24.69
2025.7.1 2:02:13.235,22.4,99.9,24.63
2025.7.1 2:02:14.244,22.3,99.9,24.63
2025.7.1 2:02:15.239,22.2,99.9,24.63
2025.7.1 2:02:16.236,22,99.9,24.63
2025.7.1 2:02:17.243,21.9,99.9,24.56
2025.7.1 2:02:18.252,22,99.9,24.63
2025.7.1 2:02:19.243,22.1,99.9,24.56
2025.7.1 2:02:20.246,21.9,99.9,24.5
2025.7.1 2:02:21.251,21.9,99.9,24.5
2025.7.1 2:02:22.260,21.8,99.9,24.44
2025.7.1 2:02:23.251,21.9,99.9,24.44
2025.7.1 2:02:24.254,21.7,99.9,24.44
2025.7.1 2:02:25.252,21.6,99.9,24.44
2025.7.1 2:02:26.254,21.6,99.9,24.44
2025.7.1 2:02:27.255,21.5,99.9,24.38
2025.7.1 2:02:28.264,21.6,99.9,24.38
2025.7.1 2:02:29.266,21.5,99.9,24.38
2025.7.1 2:02:30.268,21.6,99.9,24.31
2025.7.1 2:02:31.264,21.8,99.9,24.31
2025.7.1 2:02:32.259,21.4,99.9,24.25
2025.7.1 2:02:33.266,21.5,99.9,24.25
2025.7.1 2:02:34.268,21.6,99.9,24.25
2025.7.1 2:02:35.268,21.9,99.9,24.19
2025.7.1 2:02:36.267,21.5,99.9,24.19
2025.7.1 2:02:37.271,21.7,99.9,24.25
2025.7.1 2:02:38.266,21.5,99.9,24.19
2025.7.1 2:02:39.267,21.4,99.9,24.19
2025.7.1 2:02:40.279,22,99.9,24.19
2025.7.1 2:02:41.274,22.3,99.9,24.19
2025.7.1 2:02:42.273,22.5,99.9,24.13
2025.7.1 2:02:43.277,22.9,99.9,24.13
2025.7.1 2:02:44.283,23.3,99.9,24.13
2025.7.1 2:02:45.277,23.4,99.9,24.13
2025.7.1 2:02:46.277,23.1,99.9,24.06
2025.7.1 2:02:47.281,23.1,99.9,24.06
2025.7.1 2:02:48.278,23.3,99.9,24.06
2025.7.1 2:02:49.280,23.6,99.9,24.06
2025.7.1 2:02:50.290,23.6,99.9,24.06
2025.7.1 2:02:51.278,23.7,99.9,24.06
2025.7.1 2:02:52.293,23.9,99.9,24.06
2025.7.1 2:02:53.287,24,99.9,24
2025.7.1 2:02:54.285,24.1,99.9,24.06
2025.7.1 2:02:55.294,24.1,99.9,24
2025.7.1 2:02:56.287,24.4,99.9,24.06
2025.7.1 2:02:57.297,25,99.9,24.06
2025.7.1 2:02:58.298,25.4,99.9,24.06
2025.7.1 2:02:59.293,25.5,99.9,24.06
2025.7.1 2:03:00.293,25.2,99.9,24.06
2025.7.1 2:03:01.301,24.9,99.9,24.06
2025.7.1 2:03:02.309,25,99.9,24.13
2025.7.1 2:03:03.305,25.5,99.9,24.13
2025.7.1 2:03:04.300,25.5,99.9,24.13
2025.7.1 2:03:05.296,25,99.9,24.06
2025.7.1 2:03:06.322,25.8,99.9,24.13
2025.7.1 2:03:07.307,25.9,99.9,24.13
2025.7.1 2:03:08.309,25.6,99.9,24.19
2025.7.1 2:03:09.315,25.9,99.9,24.19
2025.7.1 2:03:10.309,26,99.9,24.19
2025.7.1 2:03:11.307,26.1,99.9,24.19
2025.7.1 2:03:12.306,26.4,99.9,24.19
2025.7.1 2:03:13.306,26.1,99.9,24.25
2025.7.1 2:03:14.316,26.2,99.9,24.25
2025.7.1 2:03:15.308,25.9,99.9,24.19
2025.7.1 2:03:16.318,26.2,99.9,24.25
2025.7.1 2:03:17.314,26.3,99.9,24.19
2025.7.1 2:03:18.321,26.4,99.9,24.25
2025.7.1 2:03:19.323,26.2,99.9,24.25
2025.7.1 2:03:20.329,26.5,99.9,24.25
2025.7.1 2:03:21.320,26.7,99.9,24.25
2025.7.1 2:03:22.321,26.9,99.9,24.31
2025.7.1 2:03:23.323,27.3,99.9,24.31
2025.7.1 2:03:24.323,26.9,99.9,24.31
2025.7.1 2:03:25.331,27.2,99.9,24.38
2025.7.1 2:03:26.329,28.6,99.9,24.44
2025.7.1 2:03:27.336,29.4,99.9,24.5
2025.7.1 2:03:28.327,29.9,95.9,24.5
2025.7.1 2:03:29.329,30.9,93.5,24.63
2025.7.1 2:03:30.340,31.3,94.1,24.63
2025.7.1 2:03:31.334,31.8,90.8,24.63
2025.7.1 2:03:32.330,31.7,86.8,24.69
2025.7.1 2:03:33.341,31.5,85.9,24.75
2025.7.1 2:03:34.342,31.2,84.7,24.75
2025.7.1 2:03:35.347,30.6,92.6,24.75
2025.7.1 2:03:36.334,30.7,91.4,24.88
2025.7.1 2:03:37.345,31.1,86.5,24.88
2025.7.1 2:03:38.344,31,84.5,24.88
2025.7.1 2:03:39.337,32.7,73.1,25
2025.7.1 2:03:40.336,33.2,70.1,25
2025.7.1 2:03:41.350,32.9,79.4,25.06
2025.7.1 2:03:42.350,33.3,71.1,25.13
2025.7.1 2:03:43.338,32.9,72.6,25.13
2025.7.1 2:03:44.357,32.2,80.4,25.13
2025.7.1 2:03:45.347,31.8,78.4,25.25
2025.7.1 2:03:46.343,32,71.7,25.19
2025.7.1 2:03:47.349,32.4,74.3,25.25
2025.7.1 2:03:48.347,32.6,75.4,25.25
2025.7.1 2:03:49.369,33.6,70.4,25.31
2025.7.1 2:03:50.356,33.4,69,25.38
2025.7.1 2:03:51.349,34,64.3,25.38
2025.7.1 2:03:52.368,32.7,61.4,25.44
2025.7.1 2:03:53.357,33,63.7,25.44
2025.7.1 2:03:54.353,33.7,64.3,25.5
2025.7.1 2:03:55.360,33,61.8,25.5
2025.7.1 2:03:56.358,32.7,61.9,25.63
2025.7.1 2:03:57.375,31.7,69.6,25.56
2025.7.1 2:03:58.366,32.4,65,25.63
2025.7.1 2:03:59.369,32.3,64.2,25.69
2025.7.1 2:04:00.371,32.4,65.7,25.69
2025.7.1 2:04:01.376,31.6,66.2,25.75
2025.7.1 2:04:02.372,31.1,70.5,25.75
2025.7.1 2:04:03.373,30.8,83.2,25.75
2025.7.1 2:04:04.371,30.4,89.8,25.81
2025.7.1 2:04:05.375,30.3,89.2,25.81
2025.7.1 2:04:06.384,30.2,92,25.75
2025.7.1 2:04:07.370,29.4,91.7,25.81
2025.7.1 2:04:08.380,29.5,93.6,25.75
2025.7.1 2:04:09.391,33.7,59.1,27.25
2025.7.1 2:04:10.377,33.3,58.3,27.38
2025.7.1 2:04:11.384,32.1,61.7,27.38
2025.7.1 2:04:12.385,31.8,60.5,27.38
2025.7.1 2:04:13.399,31.9,65.3,27.38
2025.7.1 2:04:14.385,31.2,71.7,27.38
2025.7.1 2:04:15.382,30.8,73,27.38
2025.7.1 2:04:16.394,30.1,86.6,27.38
2025.7.1 2:04:17.401,28.5,99.9,27.38
2025.7.1 2:04:18.382,27.4,99.9,27.38
2025.7.1 2:04:19.401,26.9,99.9,27.38
2025.7.1 2:04:20.396,26.9,99.9,27.38
2025.7.1 2:04:21.402,26.3,99.9,27.31
2025.7.1 2:04:22.404,25.7,99.9,27.31
2025.7.1 2:04:23.391,25.9,99.9,27.31
2025.7.1 2:04:24.396,26.6,99.9,27.31
2025.7.1 2:04:25.397,25.4,99.9,27.19
2025.7.1 2:04:26.395,25.4,99.9,27.13
2025.7.1 2:04:27.390,25.5,99.9,27.06
2025.7.1 2:04:28.400,25.7,99.9,27.06
2025.7.1 2:04:29.414,25.8,99.9,27
2025.7.1 2:04:30.410,26,99.9,26.94
2025.7.1 2:04:31.407,25.3,99.9,26.94
2025.7.1 2:04:32.410,24.5,99.9,26.88
2025.7.1 2:04:33.411,24.3,99.9,26.88
2025.7.1 2:04:34.407,24.4,99.9,26.81
2025.7.1 2:04:35.413,24.2,99.9,26.75
2025.7.1 2:04:36.408,24,99.9,26.75
2025.7.1 2:04:37.425,24,99.9,26.69
2025.7.1 2:04:38.416,23.9,99.9,26.69
2025.7.1 2:04:39.420,23.9,99.9,26.63
2025.7.1 2:04:40.430,23.8,99.9,26.56
2025.7.1 2:04:41.415,23.6,99.9,26.5
2025.7.1 2:04:42.420,23.6,99.9,26.5
2025.7.1 2:04:43.431,23.9,99.9,26.44
2025.7.1 2:04:44.418,23.9,99.9,26.44
2025.7.1 2:04:45.411,23.9,99.9,26.44
2025.7.1 2:04:46.432,23.9,99.9,26.38
2025.7.1 2:04:47.422,23.9,99.9,26.38
2025.7.1 2:04:48.437,23.9,99.9,26.38
2025.7.1 2:04:49.437,24.1,99.9,26.38
2025.7.1 2:04:50.424,24,99.9,26.38
2025.7.1 2:04:51.432,24.2,99.9,26.31
2025.7.1 2:04:52.430,24.2,99.9,26.31
2025.7.1 2:04:53.436,24.4,99.9,26.31
2025.7.1 2:04:54.434,24.3,99.9,26.25
2025.7.1 2:04:55.431,24.3,99.9,26.19
2025.7.1 2:04:56.437,24.3,99.9,26.25
2025.7.1 2:04:57.437,24.3,99.9,26.25
2025.7.1 2:04:58.433,24.3,99.9,26.13
2025.7.1 2:04:59.441,24.3,99.9,26.19
2025.7.1 2:05:00.438,24.2,99.9,26.13
2025.7.1 2:05:01.444,24.1,99.9,26.13
2025.7.1 2:05:02.444,24,99.9,26.06
2025.7.1 2:05:03.455,24,99.9,26.06
2025.7.1 2:05:04.447,23.7,99.9,26.06
2025.7.1 2:05:05.448,24,99.9,26.06
2025.7.1 2:05:06.445,24.2,99.9,26
2025.7.1 2:05:07.452,24.3,99.9,26
2025.7.1 2:05:08.460,24,99.9,26.06
2025.7.1 2:05:09.442,23.8,99.9,25.94
2025.7.1 2:05:10.454,23.8,99.9,25.94
2025.7.1 2:05:11.450,23.8,99.9,25.94
2025.7.1 2:05:12.468,23.9,99.9,25.88
2025.7.1 2:05:13.457,23.9,99.9,25.88
2025.7.1 2:05:14.452,24.1,99.9,25.81
2025.7.1 2:05:15.464,24.2,99.9,25.88
2025.7.1 2:05:16.457,24,99.9,25.88
2025.7.1 2:05:17.457,24.2,99.9,25.81
2025.7.1 2:05:18.463,24.1,99.9,25.81
2025.7.1 2:05:19.459,23.9,99.9,25.81
2025.7.1 2:05:20.454,24,99.9,25.75
2025.7.1 2:05:21.465,24,99.9,25.75
2025.7.1 2:05:22.468,24,99.9,25.75
2025.7.1 2:05:23.480,23.8,99.9,25.75
2025.7.1 2:05:24.464,23.2,99.9,25.69
2025.7.1 2:05:25.472,23.3,99.9,25.69
2025.7.1 2:05:26.470,23.4,99.9,25.69
2025.7.1 2:05:27.468,23.7,99.9,25.63
2025.7.1 2:05:28.486,23.5,99.9,25.63
2025.7.1 2:05:29.474,23.4,99.9,25.63
2025.7.1 2:05:30.469,23.3,99.9,25.63
2025.7.1 2:05:31.478,22.7,99.9,25.56
2025.7.1 2:05:32.477,22.5,99.9,25.5
2025.7.1 2:05:33.473,22.1,99.9,25.5
2025.7.1 2:05:34.484,21.9,99.9,25.5
2025.7.1 2:05:35.479,21.5,99.9,25.44
2025.7.1 2:05:36.473,21.4,99.9,25.38
2025.7.1 2:05:37.483,21.3,99.9,25.38
2025.7.1 2:05:38.481,21.4,99.9,25.38
2025.7.1 2:05:39.489,21.5,99.9,25.38
2025.7.1 2:05:40.490,21.7,99.9,25.31
2025.7.1 2:05:41.492,21.7,99.9,25.31
2025.7.1 2:05:42.494,21.7,99.9,25.25
2025.7.1 2:05:43.498,21.9,99.9,25.25
2025.7.1 2:05:44.506,21.5,99.9,25.25
2025.7.1 2:05:45.495,21.4,99.9,25.19
2025.7.1 2:05:46.500,21.2,99.9,25.13
2025.7.1 2:05:47.511,21.2,99.9,25.13
2025.7.1 2:05:48.506,21.4,99.9,25.06
2025.7.1 2:05:49.495,21.4,99.9,25.06
2025.7.1 2:05:50.503,21.7,99.9,25
2025.7.1 2:05:51.508,21.9,99.9,25
2025.7.1 2:05:52.501,21.9,99.9,25
2025.7.1 2:05:53.506,21.9,99.9,25
2025.7.1 2:05:54.512,21.9,99.9,25
2025.7.1 2:05:55.508,21.8,99.9,24.94
2025.7.1 2:05:56.515,21.9,99.9,24.94
2025.7.1 2:05:57.502,22,99.9,24.88
2025.7.1 2:05:58.521,29.3,99.2,24.31
2025.7.1 2:05:59.520,29.2,97.7,24.38
2025.7.1 2:06:00.528,30.3,95.3,24.38
2025.7.1 2:06:01.517,30.4,93.7,24.44
2025.7.1 2:06:02.522,30.4,91.7,24.44
2025.7.1 2:06:03.522,30.5,91.2,24.44
2025.7.1 2:06:04.518,30.4,91.6,24.5
2025.7.1 2:06:05.516,29.2,66.9,24.5
2025.7.1 2:06:06.532,30.2,92,24.5
2025.7.1 2:06:07.520,30.7,89.2,24.56
2025.7.1 2:06:08.514,29.9,90.4,24.56
2025.7.1 2:06:09.535,30,91.8,24.63
2025.7.1 2:06:10.522,29.5,89.5,24.63
2025.7.1 2:06:11.533,28.5,93.9,24.63
2025.7.1 2:06:12.526,29.5,92.2,24.69
2025.7.1 2:06:13.524,30.9,90.5,24.69
2025.7.1 2:06:14.542,31.2,80.6,24.69
2025.7.1 2:06:15.531,31.1,84.2,24.75
2025.7.1 2:06:16.542,31.5,81.6,24.75
2025.7.1 2:06:17.533,31.4,84.7,24.81
2025.7.1 2:06:18.532,30.4,88,24.81
2025.7.1 2:06:19.539,30.6,92.9,24.5
2025.7.1 2:06:20.540,30.7,91.2,24.5
2025.7.1 2:06:21.542,30.9,88.9,24.56
2025.7.1 2:06:22.552,30.9,81.8,24.56
2025.7.1 2:06:23.541,30.4,90.6,24.56
2025.7.1 2:06:24.547,31.2,83.9,24.63
2025.7.1 2:06:25.548,32.4,79.8,24.69
2025.7.1 2:06:26.543,31.5,77.7,24.75
2025.7.1 2:06:27.561,31.5,79.9,24.75
2025.7.1 2:06:28.560,31.7,76.7,24.81
2025.7.1 2:06:29.540,32.1,80.9,24.88
2025.7.1 2:06:30.562,31.8,78.8,24.88
2025.7.1 2:06:31.553,32.5,76.1,24.94
2025.7.1 2:06:32.571,32.3,77,24.94
2025.7.1 2:06:33.556,31.4,77.3,25.06
2025.7.1 2:06:34.553,31.1,80.9,25.06
2025.7.1 2:06:35.549,30.9,83.5,25.13
2025.7.1 2:06:36.566,30.9,81.9,25.19
2025.7.1 2:06:37.558,31.8,84.8,25.19
2025.7.1 2:06:38.568,32.3,82.7,25.25
2025.7.1 2:06:39.568,31.3,84.8,25.19
2025.7.1 2:06:40.555,31.8,86,25.25
2025.7.1 2:06:41.575,31.7,84.8,25.31
2025.7.1 2:06:42.564,31.5,86.7,25.31
2025.7.1 2:06:43.572,29.8,83.6,24.81
2025.7.1 2:06:44.566,30.7,84.2,24.88
2025.7.1 2:06:45.573,29.7,84.2,24.88
2025.7.1 2:06:46.572,29.5,90.1,24.88
2025.7.1 2:06:47.571,29,91,24.88
2025.7.1 2:06:48.564,29,92,24.88
2025.7.1 2:06:49.576,29.2,92.2,24.88
2025.7.1 2:06:50.574,29.2,90.9,24.94
2025.7.1 2:06:51.589,28.8,91.3,24.94
2025.7.1 2:06:52.579,28.9,90.8,24.94
2025.7.1 2:06:53.572,28.9,91,24.94
2025.7.1 2:06:54.581,29.4,88.4,24.94
2025.7.1 2:06:55.588,29.2,89.7,24.94
2025.7.1 2:06:56.576,30.7,82,24.94
2025.7.1 2:06:57.584,29.6,85.7,25
2025.7.1 2:06:58.592,29,89.5,25
2025.7.1 2:06:59.589,29.3,90.2,25.06
2025.7.1 2:07:00.577,29.9,83,25.06
2025.7.1 2:07:01.584,29.7,85.1,25.06
2025.7.1 2:07:02.582,29.3,88.6,25.06
2025.7.1 2:07:03.590,30.1,85.8,25.13
2025.7.1 2:07:04.592,29.4,89.2,25.13
2025.7.1 2:07:05.586,30,88.8,25.13
2025.7.1 2:07:06.591,28.8,91.4,25.13
2025.7.1 2:07:07.589,28,94.7,25.06
2025.7.1 2:07:08.590,27.4,95.5,25.13
2025.7.1 2:07:09.599,27.4,96.2,25.13
2025.7.1 2:07:10.591,27.7,96,25.13
2025.7.1 2:07:11.595,28.6,93.6,25.13
2025.7.1 2:07:12.598,28.7,92.4,25.13
2025.7.1 2:07:13.604,28.3,93.6,25.13
2025.7.1 2:07:14.602,28.1,94.3,25.13
2025.7.1 2:07:15.606,27.8,95.5,25.13
2025.7.1 2:07:16.602,27.9,95.5,25.13
2025.7.1 2:07:17.614,28.1,95.3,25.13
2025.7.1 2:07:18.599,28.4,94.1,25.13
2025.7.1 2:07:19.604,29.1,92.5,25.13
2025.7.1 2:07:20.607,30.5,85,25.19
2025.7.1 2:07:21.608,30.7,83.6,25.19
2025.7.1 2:07:22.605,29.9,86.1,25.25
2025.7.1 2:07:23.610,31,81.2,25.19
2025.7.1 2:07:24.610,30,83.1,25.25
2025.7.1 2:07:25.610,30.9,79.2,25.25
2025.7.1 2:07:26.612,31.2,73.8,25.25
2025.7.1 2:07:27.614,31.9,75.6,25.31
2025.7.1 2:07:28.624,30.9,74.1,25.31
2025.7.1 2:07:29.617,30.2,82.5,25.38
2025.7.1 2:07:30.616,29.9,88.5,25.38
2025.7.1 2:07:31.627,29.6,90.6,25.38
2025.7.1 2:07:32.617,29.2,89.9,25.38
2025.7.1 2:07:33.618,28.3,95.8,25.38
2025.7.1 2:07:34.630,27.2,99.9,25.44
2025.7.1 2:07:35.618,26.7,99.9,25.44
2025.7.1 2:07:36.619,26.6,99.9,25.38
2025.7.1 2:07:37.623,26.3,99.9,25.38
2025.7.1 2:07:38.624,25.9,99.9,25.38
2025.7.1 2:07:39.636,25.9,99.9,25.31
2025.7.1 2:07:40.627,25.6,99.9,25.38
2025.7.1 2:07:41.631,25.4,99.9,25.31
2025.7.1 2:07:42.634,25.2,99.9,25.31
2025.7.1 2:07:43.628,25.4,99.9,25.31
2025.7.1 2:07:44.638,25.1,99.9,25.25
2025.7.1 2:07:45.641,25.5,99.9,25.25
2025.7.1 2:07:46.645,25.4,99.9,25.25
2025.7.1 2:07:47.645,25.4,99.9,25.25
2025.7.1 2:07:48.636,25.1,99.9,25.25
2025.7.1 2:07:49.647,25,99.9,25.19
2025.7.1 2:07:50.645,24.9,99.9,25.19
2025.7.1 2:07:51.646,25,99.9,25.19
2025.7.1 2:07:52.642,25.1,99.9,25.19
2025.7.1 2:07:53.648,25,99.9,25.13
2025.7.1 2:07:54.649,25,99.9,25.13
2025.7.1 2:07:55.654,24.9,99.9,25.13
2025.7.1 2:07:56.643,24.9,99.9,25.13
2025.7.1 2:07:57.653,24.7,99.9,25.13
2025.7.1 2:07:58.651,24.6,99.9,25.13
2025.7.1 2:07:59.655,24.5,99.9,25.13
2025.7.1 2:08:00.657,24.4,99.9,25.06
2025.7.1 2:08:01.655,24.5,99.9,25.06
2025.7.1 2:08:02.664,24.3,99.9,25.06
2025.7.1 2:08:03.658,24.3,99.9,25
2025.7.1 2:08:04.661,24.3,99.9,25
2025.7.1 2:08:05.655,24.2,99.9,25
2025.7.1 2:08:06.670,24.2,99.9,25
2025.7.1 2:08:07.661,24.2,99.9,24.94
2025.7.1 2:08:08.674,24.3,99.9,24.94
2025.7.1 2:08:09.670,24.4,99.9,24.94
2025.7.1 2:08:10.673,24.3,99.9,24.94
2025.7.1 2:08:11.669,24.4,99.9,24.88
2025.7.1 2:08:12.670,24.4,99.9,24.94
2025.7.1 2:08:13.677,24.2,99.9,24.88
2025.7.1 2:08:14.679,24.2,99.9,24.88
2025.7.1 2:08:15.683,24.2,99.9,24.88
2025.7.1 2:08:16.672,24.2,99.9,24.88
2025.7.1 2:08:17.681,24.2,99.9,24.88
2025.7.1 2:08:18.678,24,99.9,24.81
2025.7.1 2:08:19.675,23.9,99.9,24.75
2025.7.1 2:08:20.675,23.9,99.9,24.81
2025.7.1 2:08:21.676,24,99.9,24.81
2025.7.1 2:08:22.684,24.1,99.9,24.75
2025.7.1 2:08:23.687,24.1,99.9,24.69
2025.7.1 2:08:24.694,24.1,99.9,24.69
2025.7.1 2:08:25.679,24.1,99.9,24.69
2025.7.1 2:08:26.681,24.1,99.9,24.69
2025.7.1 2:08:27.691,24.1,99.9,24.69
2025.7.1 2:08:28.692,24.2,99.9,24.69
2025.7.1 2:08:29.683,24.2,99.9,24.69
2025.7.1 2:08:30.690,24.2,99.9,24.63
2025.7.1 2:08:31.700,24,99.9,24.63
2025.7.1 2:08:32.690,23.5,99.9,24.63
2025.7.1 2:08:33.701,23.5,99.9,24.63
2025.7.1 2:08:34.699,23.6,99.9,24.56
2025.7.1 2:08:35.690,23.6,99.9,24.56
2025.7.1 2:08:36.688,23.6,99.9,24.56
2025.7.1 2:08:37.691,23.5,99.9,24.56
2025.7.1 2:08:38.699,23.5,99.9,24.56
2025.7.1 2:08:39.696,23.4,99.9,24.56
2025.7.1 2:08:40.694,23.4,99.9,24.56
2025.7.1 2:08:41.695,23.4,99.9,24.5
2025.7.1 2:08:42.696,23.6,99.9,24.5
2025.7.1 2:08:43.698,23.5,99.9,24.44
2025.7.1 2:08:44.700,23.6,99.9,24.5
2025.7.1 2:08:45.702,23.5,99.9,24.44
2025.7.1 2:08:46.700,23.6,99.9,24.44
2025.7.1 2:08:47.700,23.5,99.9,24.44
2025.7.1 2:08:48.701,23.4,99.9,24.38
2025.7.1 2:08:49.701,23.3,99.9,24.38
2025.7.1 2:08:50.703,23.4,99.9,24.31
2025.7.1 2:08:51.709,23.4,99.9,24.31
2025.7.1 2:08:52.708,23.4,99.9,24.38
2025.7.1 2:08:53.714,23.3,99.9,24.31
2025.7.1 2:08:54.708,23.3,99.9,24.31
2025.7.1 2:08:55.709,23.3,99.9,24.31
2025.7.1 2:08:56.710,23.1,99.9,24.31
2025.7.1 2:08:57.711,23.2,99.9,24.31
2025.7.1 2:08:58.715,23.3,99.9,24.25
2025.7.1 2:08:59.715,23.3,99.9,24.25
2025.7.1 2:09:00.717,23.3,99.9,24.25
2025.7.1 2:09:01.716,23.3,99.9,24.19
2025.7.1 2:09:02.726,23.3,99.9,24.19
2025.7.1 2:09:03.719,23.3,99.9,24.19
2025.7.1 2:09:04.720,23.3,99.9,24.25
2025.7.1 2:09:05.720,23.3,99.9,24.19
2025.7.1 2:09:06.723,23.2,99.9,24.19
2025.7.1 2:09:07.731,23.2,99.9,24.19
2025.7.1 2:09:08.726,23.2,99.9,24.13
2025.7.1 2:09:09.733,23.2,99.9,24.13
2025.7.1 2:09:10.726,23.2,99.9,24.19
2025.7.1 2:09:11.739,23.2,99.9,24.13
2025.7.1 2:09:12.729,23.1,99.9,24.06
2025.7.1 2:09:13.737,23,99.9,24.06
2025.7.1 2:09:14.728,23.1,99.9,24.06
2025.7.1 2:09:15.740,23.1,99.9,24
2025.7.1 2:09:16.731,23.1,99.9,24
2025.7.1 2:09:17.742,23.1,99.9,24
2025.7.1 2:09:18.736,23.1,99.9,24
2025.7.1 2:09:19.737,23,99.9,24
2025.7.1 2:09:20.738,23,99.9,24
2025.7.1 2:09:21.742,23,99.9,23.94
2025.7.1 2:09:22.739,23,99.9,23.94
2025.7.1 2:09:23.740,23,99.9,23.94
2025.7.1 2:09:24.745,22.9,99.9,23.88
2025.7.1 2:09:25.744,22.8,99.9,23.88
2025.7.1 2:09:26.744,22.8,99.9,23.88
2025.7.1 2:09:27.747,22.9,99.9,23.88
2025.7.1 2:09:28.750,22.9,99.9,23.88
2025.7.1 2:09:29.753,22.9,99.9,23.88
2025.7.1 2:09:30.758,22.9,99.9,23.88
2025.7.1 2:09:31.761,22.9,99.9,23.88
2025.7.1 2:09:32.753,22.8,99.9,23.81
2025.7.1 2:09:33.752,22.7,99.9,23.88
2025.7.1 2:09:34.762,22.7,99.9,23.81
2025.7.1 2:09:35.762,22.6,99.9,23.75
2025.7.1 2:09:36.757,22.7,99.9,23.81
2025.7.1 2:09:37.759,22.6,99.9,23.81
2025.7.1 2:09:38.784,22.6,99.9,23.75
2025.7.1 2:09:39.761,22.7,99.9,23.75
2025.7.1 2:09:40.763,22.7,99.9,23.75
2025.7.1 2:09:41.774,22.7,99.9,23.75
2025.7.1 2:09:42.765,22.7,99.9,23.69
2025.7.1 2:09:43.772,22.7,99.9,23.69
2025.7.1 2:09:44.779,22.8,99.9,23.69
2025.7.1 2:09:45.775,22.8,99.9,23.69
2025.7.1 2:09:46.770,22.8,99.9,23.63
2025.7.1 2:09:47.786,22.7,99.9,23.69
2025.7.1 2:09:48.773,22.7,99.9,23.63
2025.7.1 2:09:49.785,22.7,99.9,23.63
2025.7.1 2:09:50.783,22.8,99.9,23.63
2025.7.1 2:09:51.778,22.8,99.9,23.56
2025.7.1 2:09:52.786,22.9,99.9,23.56
2025.7.1 2:09:53.777,23.1,99.9,23.63
2025.7.1 2:09:54.797,23.2,99.9,23.56
2025.7.1 2:09:55.782,23.2,99.9,23.56
2025.7.1 2:09:56.787,23.3,99.9,23.56
2025.7.1 2:09:57.784,23.3,99.9,23.56
2025.7.1 2:09:58.796,23.7,99.9,23.56
2025.7.1 2:09:59.794,24,99.9,23.56
2025.7.1 2:10:00.807,24,99.9,23.56
2025.7.1 2:10:01.795,26.7,99.9,23.56
2025.7.1 2:10:02.801,29.6,99.9,23.56
2025.7.1 2:10:03.803,30.1,93.9,23.56
2025.7.1 2:10:04.805,28.1,99.9,23.63
2025.7.1 2:10:05.803,26.2,99.9,23.56
2025.7.1 2:10:06.805,28.4,99.9,23.56
2025.7.1 2:10:07.798,29,99.9,23.56
2025.7.1 2:10:08.806,27.8,99.9,23.56
2025.7.1 2:10:09.802,26.1,99.9,23.56
2025.7.1 2:10:10.807,26.5,99.9,23.63
2025.7.1 2:10:11.809,28.4,99.9,23.63
2025.7.1 2:10:12.815,29.6,96.6,23.63
2025.7.1 2:10:13.802,28.8,97.7,23.63
2025.7.1 2:10:14.814,28.4,99.2,23.69
2025.7.1 2:10:15.806,27.9,99.8,23.69
2025.7.1 2:10:16.805,27.4,99.9,23.69
2025.7.1 2:10:17.811,27.9,99.9,23.81
2025.7.1 2:10:18.811,28.3,98.2,23.75
2025.7.1 2:10:19.811,27.4,99.9,23.75
2025.7.1 2:10:20.817,28.8,97.3,23.81
2025.7.1 2:10:21.835,29.3,96,23.81
2025.7.1 2:10:22.811,30.9,87.3,23.81
2025.7.1 2:10:23.827,30.6,82.7,23.88
2025.7.1 2:10:24.826,30.5,84.8,23.94
2025.7.1 2:10:25.825,31.4,78,24
2025.7.1 2:10:26.820,32,77.8,24
2025.7.1 2:10:27.830,31.8,76.5,24.06
2025.7.1 2:10:28.822,32.4,72.2,24.13
2025.7.1 2:10:29.830,30.6,79,24.19
2025.7.1 2:10:30.829,29.6,90,24.19
2025.7.1 2:10:31.826,28.8,92.9,24.19
2025.7.1 2:10:32.826,28.2,95.4,24.19
2025.7.1 2:10:33.830,27.5,98,24.19
2025.7.1 2:10:34.827,27.3,99.9,24.19
2025.7.1 2:10:35.834,27.1,99.9,24.19
2025.7.1 2:10:36.842,27.1,99.9,24.19
2025.7.1 2:10:37.826,27.4,99.9,24.25
2025.7.1 2:10:38.840,27.3,99.9,24.25
2025.7.1 2:10:39.834,27.6,99.9,24.25
2025.7.1 2:10:40.842,28,99.9,24.31
2025.7.1 2:10:41.840,28.5,97.4,24.31
2025.7.1 2:10:42.836,28.5,98.5,24.38
2025.7.1 2:10:43.847,28.4,98.1,24.38
2025.7.1 2:10:44.842,28.4,99.2,24.38
2025.7.1 2:10:45.843,28.8,97.5,24.31
2025.7.1 2:10:46.849,29.5,96.7,24.38
2025.7.1 2:10:47.843,29.4,94.9,24.38
2025.7.1 2:10:48.854,29.1,96.2,24.44
2025.7.1 2:10:49.852,29.3,94.4,24.44
2025.7.1 2:10:50.845,31,90.2,24.5
2025.7.1 2:10:51.854,31.8,87.3,24.56
2025.7.1 2:10:52.851,31.1,84.2,24.56
2025.7.1 2:10:53.848,31.5,87.8,24.56
2025.7.1 2:10:54.867,31.8,79,24.63
2025.7.1 2:10:55.864,30.8,84.6,24.63
2025.7.1 2:10:56.864,30.2,86.7,24.69
2025.7.1 2:10:57.858,29.9,87.1,24.69
2025.7.1 2:10:58.865,29.9,91.8,24.69
2025.7.1 2:10:59.870,29.3,90.1,24.69
2025.7.1 2:11:00.862,29,92.6,24.75
2025.7.1 2:11:01.856,29.7,91.8,24.75
2025.7.1 2:11:02.869,31.4,87.6,24.81
2025.7.1 2:11:03.862,30.8,88.1,24.81
2025.7.1 2:11:04.875,30,90.1,24.81
2025.7.1 2:11:05.868,29.2,92.8,24.88
2025.7.1 2:11:06.873,29,95.3,24.88
2025.7.1 2:11:07.885,27.8,95.9,24.88
2025.7.1 2:11:08.877,27.8,97.2,24.88
2025.7.1 2:11:09.870,27.5,97.7,24.88
2025.7.1 2:11:10.890,27.1,99.1,24.88
2025.7.1 2:11:11.884,27,99.9,24.88
2025.7.1 2:11:12.880,26.3,99.9,24.88
2025.7.1 2:11:13.890,26.1,99.9,24.88
2025.7.1 2:11:14.875,26.3,99.9,24.88
2025.7.1 2:11:15.892,25.6,99.9,24.81
2025.7.1 2:11:16.883,24.9,99.9,24.88
2025.7.1 2:11:17.876,24.4,99.9,24.81
2025.7.1 2:11:18.887,24.2,99.9,24.81
2025.7.1 2:11:19.881,24.3,99.9,24.75
2025.7.1 2:11:20.879,24.3,99.9,24.75
2025.7.1 2:11:21.898,24.1,99.9,24.75
2025.7.1 2:11:22.883,24.1,99.9,24.69
2025.7.1 2:11:23.888,24.5,99.9,24.69
2025.7.1 2:11:24.896,24.6,99.9,24.69
2025.7.1 2:11:25.885,24.6,99.9,24.69
2025.7.1 2:11:26.904,25.3,99.9,24.69
2025.7.1 2:11:27.894,25.7,99.9,24.69
2025.7.1 2:11:28.886,26,99.9,24.69
2025.7.1 2:11:29.895,26.2,99.9,24.75
2025.7.1 2:11:30.901,26.2,99.9,24.75
2025.7.1 2:11:31.897,25.8,99.9,24.69
2025.7.1 2:11:32.902,25.2,99.9,24.69
2025.7.1 2:11:33.889,25.2,99.9,24.69
2025.7.1 2:11:34.907,25.2,99.9,24.69
2025.7.1 2:11:35.903,24.5,99.9,24.63
2025.7.1 2:11:36.898,24.2,99.9,24.63
2025.7.1 2:11:37.917,23.8,99.9,24.63
2025.7.1 2:11:38.913,23.5,99.9,24.69
2025.7.1 2:11:39.904,23.5,99.9,24.56
2025.7.1 2:11:40.911,23.7,99.9,24.63
2025.7.1 2:11:41.917,23.4,99.9,24.56
2025.7.1 2:11:42.913,23.1,99.9,24.56
2025.7.1 2:11:43.922,23.2,99.9,24.56
2025.7.1 2:11:44.927,23.1,99.9,24.56
2025.7.1 2:11:45.921,22.9,99.9,24.56
2025.7.1 2:11:46.915,22.8,99.9,24.5
2025.7.1 2:11:47.921,22.8,99.9,24.44
2025.7.1 2:11:48.928,23,99.9,24.5
2025.7.1 2:11:49.920,23.1,99.9,24.44
2025.7.1 2:11:50.928,23.1,99.9,24.38
2025.7.1 2:11:51.925,23.1,99.9,24.38
2025.7.1 2:11:52.923,23.1,99.9,24.44
2025.7.1 2:11:53.928,23.1,99.9,24.38
2025.7.1 2:11:54.927,23.1,99.9,24.38
2025.7.1 2:11:55.938,23.1,99.9,24.38
2025.7.1 2:11:56.932,23,99.9,24.38
2025.7.1 2:11:57.930,22.9,99.9,24.38
2025.7.1 2:11:58.940,22.7,99.9,24.31
2025.7.1 2:11:59.937,22.8,99.9,24.31
2025.7.1 2:12:00.934,22.7,99.9,24.38
2025.7.1 2:12:01.944,22.9,99.9,24.31
2025.7.1 2:12:02.931,22.8,99.9,24.31
2025.7.1 2:12:03.943,22.8,99.9,24.25
2025.7.1 2:12:04.942,22.6,99.9,24.25
2025.7.1 2:12:05.939,22.6,99.9,24.25
2025.7.1 2:12:06.958,22.5,99.9,24.19
2025.7.1 2:12:07.943,22.6,99.9,24.19
2025.7.1 2:12:08.958,22.5,99.9,24.19
2025.7.1 2:12:09.961,22.6,99.9,24.19
2025.7.1 2:12:10.943,22.6,99.9,24.13
2025.7.1 2:12:11.951,22.6,99.9,24.19
2025.7.1 2:12:12.952,22.7,99.9,24.13
2025.7.1 2:12:13.948,22.6,99.9,24.13
2025.7.1 2:12:14.959,22.6,99.9,24.13
2025.7.1 2:12:15.960,22.7,99.9,24.06
2025.7.1 2:12:16.958,22.6,99.9,24.06
2025.7.1 2:12:17.968,22.6,99.9,24.06
2025.7.1 2:12:18.965,22.6,99.9,24.06
2025.7.1 2:12:19.957,22.5,99.9,24.06
2025.7.1 2:12:20.963,22.3,99.9,24
2025.7.1 2:12:21.959,22.3,99.9,24
2025.7.1 2:12:22.974,22.5,99.9,24
2025.7.1 2:12:23.973,22.2,99.9,24
2025.7.1 2:12:24.964,22.2,99.9,24
2025.7.1 2:12:25.960,22.2,99.9,24
2025.7.1 2:12:26.967,22.2,99.9,23.94
2025.7.1 2:12:27.968,22.1,99.9,23.94
2025.7.1 2:12:28.961,22.2,99.9,23.94
2025.7.1 2:12:29.979,22.2,99.9,23.94
2025.7.1 2:12:30.975,22.2,99.9,23.88
2025.7.1 2:12:31.977,22.3,99.9,23.94
2025.7.1 2:12:32.977,22.4,99.9,23.88
2025.7.1 2:12:33.970,22.3,99.9,23.88
2025.7.1 2:12:34.976,22.5,99.9,23.88
2025.7.1 2:12:35.972,22.5,99.9,23.81
2025.7.1 2:12:36.985,22.5,99.9,23.81
2025.7.1 2:12:37.983,22.6,99.9,23.88
2025.7.1 2:12:38.986,22.6,99.9,23.75
2025.7.1 2:12:39.983,22.6,99.9,23.81
2025.7.1 2:12:40.978,22.6,99.9,23.81
2025.7.1 2:12:41.990,22.7,99.9,23.75
2025.7.1 2:12:42.982,22.7,99.9,23.75
2025.7.1 2:12:43.993,22.7,99.9,23.75
2025.7.1 2:12:44.985,22.7,99.9,23.75
2025.7.1 2:12:45.989,22.7,99.9,23.75
2025.7.1 2:12:46.985,22.6,99.9,23.75
2025.7.1 2:12:47.988,22.5,99.9,23.75
2025.7.1 2:12:48.997,22.6,99.9,23.69
2025.7.1 2:12:49.999,22.6,99.9,23.69
2025.7.1 2:12:50.995,22.6,99.9,23.69
2025.7.1 2:12:51.993,22.6,99.9,23.69
2025.7.1 2:12:53.010,22.5,99.9,23.63
2025.7.1 2:12:53.993,22.6,99.9,23.63
2025.7.1 2:12:54.999,22.5,99.9,23.69
2025.7.1 2:12:55.997,22.5,99.9,23.63
2025.7.1 2:12:56.998,22.5,99.9,23.63
2025.7.1 2:12:58.001,22.4,99.9,23.56
2025.7.1 2:12:59.008,22.4,99.9,23.63
2025.7.1 2:13:00.005,22.3,99.9,23.56
2025.7.1 2:13:01.005,22.4,99.9,23.56
2025.7.1 2:13:02.007,22.3,99.9,23.56
2025.7.1 2:13:03.009,22.2,99.9,23.56
2025.7.1 2:13:04.010,22.4,99.9,23.56
2025.7.1 2:13:05.011,22.5,99.9,23.56
2025.7.1 2:13:06.013,22.2,99.9,23.5
2025.7.1 2:13:07.016,22.2,99.9,23.5
2025.7.1 2:13:08.013,22.1,99.9,23.44
2025.7.1 2:13:09.016,22,99.9,23.5
2025.7.1 2:13:10.023,21.9,99.9,23.44
2025.7.1 2:13:11.021,22,99.9,23.44
2025.7.1 2:13:12.026,21.9,99.9,23.44
2025.7.1 2:13:13.021,21.9,99.9,23.44
2025.7.1 2:13:14.031,22,99.9,23.44
2025.7.1 2:13:15.024,22,99.9,23.38
2025.7.1 2:13:16.029,22.1,99.9,23.38
2025.7.1 2:13:17.026,21.9,99.9,23.38
2025.7.1 2:13:18.023,21.9,99.9,23.38
2025.7.1 2:13:19.036,21.8,99.9,23.38
2025.7.1 2:13:20.028,21.9,99.9,23.31
2025.7.1 2:13:21.029,21.8,99.9,23.38
2025.7.1 2:13:22.030,21.8,99.9,23.31
2025.7.1 2:13:23.039,21.8,99.9,23.38
2025.7.1 2:13:24.033,21.8,99.9,23.31
2025.7.1 2:13:25.033,21.7,99.9,23.38
2025.7.1 2:13:26.035,21.7,99.9,23.31
2025.7.1 2:13:27.033,21.7,99.9,23.25
2025.7.1 2:13:28.041,21.6,99.9,23.25
2025.7.1 2:13:29.039,21.6,99.9,23.25
2025.7.1 2:13:30.042,21.5,99.9,23.25
2025.7.1 2:13:31.048,21.4,99.9,23.19
2025.7.1 2:13:32.053,21.5,99.9,23.25
2025.7.1 2:13:33.046,21.5,99.9,23.19
2025.7.1 2:13:34.049,21.4,99.9,23.19
2025.7.1 2:13:35.052,21.4,99.9,23.19
2025.7.1 2:13:36.053,21.3,99.9,23.19
2025.7.1 2:13:37.060,21.3,99.9,23.13
2025.7.1 2:13:38.049,21.4,99.9,23.13
2025.7.1 2:13:39.062,21.5,99.9,23.06
2025.7.1 2:13:40.072,21.6,99.9,23.13
2025.7.1 2:13:41.057,21.7,99.9,23.06
2025.7.1 2:13:42.063,21.9,99.9,23.06
2025.7.1 2:13:43.075,23,99.9,23.13
2025.7.1 2:13:44.075,23.4,99.9,23.06
2025.7.1 2:13:45.068,24.1,99.9,23.13
2025.7.1 2:13:46.079,23.8,99.9,23.06
2025.7.1 2:13:47.066,23.6,99.9,23.13
2025.7.1 2:13:48.087,24.1,99.9,23.13
2025.7.1 2:13:49.073,26.8,99.9,23.13
2025.7.1 2:13:50.068,26.4,99.9,23.13
2025.7.1 2:13:51.081,25.5,99.9,23.13
2025.7.1 2:13:52.075,27.2,99.9,23.13
2025.7.1 2:13:53.070,29.3,99.9,23.19
2025.7.1 2:13:54.077,25.6,99.9,23.13
2025.7.1 2:13:55.077,27.9,99.9,23.13
2025.7.1 2:13:56.082,24.5,99.9,23.19
2025.7.1 2:13:57.087,24,99.9,23.19
2025.7.1 2:13:58.076,24,99.9,23.13
2025.7.1 2:13:59.092,24.5,99.9,23.13
2025.7.1 2:14:00.085,24.7,99.9,23.13
2025.7.1 2:14:01.081,25.4,99.9,23.13
2025.7.1 2:14:02.081,26.1,99.9,23.19
2025.7.1 2:14:03.092,29.8,99.9,23.19
2025.7.1 2:14:04.099,30.1,95.2,23.19
2025.7.1 2:14:05.096,28.5,99.9,23.19
2025.7.1 2:14:06.090,28.5,99.9,23.25
2025.7.1 2:14:07.098,28.6,99.9,23.31
2025.7.1 2:14:08.103,28.9,99.9,23.31
2025.7.1 2:14:09.102,29,99.9,23.38
2025.7.1 2:14:10.102,29.5,99.9,23.38
2025.7.1 2:14:11.096,30.1,97.8,23.44
2025.7.1 2:14:12.107,29.7,95.5,23.44
2025.7.1 2:14:13.117,30.3,95,23.5
2025.7.1 2:14:14.099,30.5,95,23.5
2025.7.1 2:14:15.105,30.7,93.2,23.63
2025.7.1 2:14:16.103,28.7,95.8,23.69
2025.7.1 2:14:17.101,29.3,96.6,23.69
2025.7.1 2:14:18.111,30.5,94.4,23.69
2025.7.1 2:14:19.107,28.8,98.3,23.75
2025.7.1 2:14:20.114,27.9,98.1,23.75
2025.7.1 2:14:21.113,27.9,99.5,23.81
2025.7.1 2:14:22.108,29.6,98,23.81
2025.7.1 2:14:23.127,30.3,94.1,23.88
2025.7.1 2:14:24.115,30.4,92,23.88
2025.7.1 2:14:25.109,29.4,93.3,23.94
2025.7.1 2:14:26.119,29.2,94.9,23.94
2025.7.1 2:14:27.116,29.8,94.5,24
2025.7.1 2:14:28.129,30.8,89,24.06
2025.7.1 2:14:29.122,31.1,84.4,24.06
2025.7.1 2:14:30.116,31.2,84,24.06
2025.7.1 2:14:31.136,31.4,84.6,24.13
2025.7.1 2:14:32.126,30.5,88.6,24.19
2025.7.1 2:14:33.145,30.6,90.2,24.19
2025.7.1 2:14:34.130,31.3,85,24.25
2025.7.1 2:14:35.139,31.1,86.6,24.25
2025.7.1 2:14:36.139,31.3,86.9,24.44
2025.7.1 2:14:37.145,30.9,90.8,24.5
2025.7.1 2:14:38.145,30.7,82.4,24.5
2025.7.1 2:14:39.127,30.2,89.2,24.56
2025.7.1 2:14:40.138,30.6,85.3,24.56
2025.7.1 2:14:41.134,30.5,87.2,24.63
2025.7.1 2:14:42.154,30.2,85.7,24.56
2025.7.1 2:14:43.147,31.3,83.9,24.63
2025.7.1 2:14:44.146,32.1,76.2,24.75
2025.7.1 2:14:45.141,32.3,76.8,24.75
2025.7.1 2:14:46.141,31.2,83.8,24.75
2025.7.1 2:14:47.146,31.5,80.8,24.75
2025.7.1 2:14:48.150,31.3,80.5,24.88
2025.7.1 2:14:49.138,32.2,71,24.88
2025.7.1 2:14:50.140,32.2,72.5,24.88
2025.7.1 2:14:51.144,32.3,71.9,24.94
2025.7.1 2:14:52.155,32.5,73.3,24.94
2025.7.1 2:14:53.155,33.1,72.1,25
2025.7.1 2:14:54.149,33.4,67.9,25
2025.7.1 2:14:55.161,32.3,69.9,25.06
2025.7.1 2:14:56.156,31.8,72.4,25.06
2025.7.1 2:14:57.158,32.6,70.5,25.13
2025.7.1 2:14:58.152,32.5,69.3,25.19
2025.7.1 2:14:59.158,33.6,69.1,25.19
2025.7.1 2:15:00.153,34.1,67.9,25.19
2025.7.1 2:15:01.163,32.6,71.4,25.25
2025.7.1 2:15:02.167,31.3,76.1,25.25
2025.7.1 2:15:03.178,30,79.2,25.25
2025.7.1 2:15:04.177,29.8,84.8,25.25
2025.7.1 2:15:05.160,29.5,87.6,25.31
2025.7.1 2:15:06.172,28.9,91.8,25.31
2025.7.1 2:15:07.166,29.3,92.5,25.31
2025.7.1 2:15:08.175,28.9,93.6,25.31
2025.7.1 2:15:09.172,27.4,97.7,25.25
2025.7.1 2:15:10.178,27.3,99.9,25.25
2025.7.1 2:15:11.186,27.5,99.9,25.31
2025.7.1 2:15:12.177,26.9,99.9,25.31
2025.7.1 2:15:13.170,26,99.9,25.25
2025.7.1 2:15:14.181,25.4,99.9,25.25
2025.7.1 2:15:15.189,25.1,99.9,25.25
2025.7.1 2:15:16.197,24.8,99.9,25.19
2025.7.1 2:15:17.181,24.6,99.9,25.19
2025.7.1 2:15:18.186,24.4,99.9,25.13
2025.7.1 2:15:19.196,24.2,99.9,25.13
2025.7.1 2:15:20.185,24.3,99.9,25.13
2025.7.1 2:15:21.192,24.4,99.9,25.13
2025.7.1 2:15:22.190,24.3,99.9,25.06
2025.7.1 2:15:23.195,24.4,99.9,25.06
2025.7.1 2:15:24.208,24.2,99.9,25.06
2025.7.1 2:15:25.201,24.5,99.9,25
2025.7.1 2:15:26.198,25,99.9,25
2025.7.1 2:15:27.194,24.8,99.9,25
2025.7.1 2:15:28.192,25,99.9,25
2025.7.1 2:15:29.201,24.9,99.9,25
2025.7.1 2:15:30.197,25.2,99.9,25
2025.7.1 2:15:31.189,25.2,99.9,24.94
2025.7.1 2:15:32.201,25.3,99.9,25
2025.7.1 2:15:33.200,25.1,99.9,24.94
2025.7.1 2:15:34.195,24.5,99.9,24.94
2025.7.1 2:15:35.205,24.7,99.9,24.94
2025.7.1 2:15:36.209,24.9,99.9,24.94
2025.7.1 2:15:37.204,24.7,99.9,24.94
2025.7.1 2:15:38.209,24.6,99.9,24.94
2025.7.1 2:15:39.217,24.6,99.9,24.88
2025.7.1 2:15:40.209,24.4,99.9,24.88
2025.7.1 2:15:41.212,24.5,99.9,24.88
2025.7.1 2:15:42.208,24.5,99.9,24.81
2025.7.1 2:15:43.218,24.4,99.9,24.88
2025.7.1 2:15:44.215,24.4,99.9,24.81
2025.7.1 2:15:45.218,24.4,99.9,24.81
2025.7.1 2:15:46.227,24.2,99.9,24.81
2025.7.1 2:15:47.210,24.3,99.9,24.81
2025.7.1 2:15:48.219,24.4,99.9,24.75
2025.7.1 2:15:49.235,24.4,99.9,24.75
2025.7.1 2:15:50.219,24.2,99.9,24.75
2025.7.1 2:15:51.226,24.1,99.9,24.75
2025.7.1 2:15:52.237,24.1,99.9,24.75
2025.7.1 2:15:53.228,24.4,99.9,24.75
2025.7.1 2:15:54.238,24.2,99.9,24.69
2025.7.1 2:15:55.234,23.9,99.9,24.69
2025.7.1 2:15:56.230,24,99.9,24.69
2025.7.1 2:15:57.242,24.4,99.9,24.69
2025.7.1 2:15:58.238,24.1,99.9,24.69
2025.7.1 2:15:59.234,24.4,99.9,24.69
2025.7.1 2:16:00.227,24.6,99.9,24.63
2025.7.1 2:16:01.229,24.6,99.9,24.63
2025.7.1 2:16:02.240,24.4,99.9,24.63
2025.7.1 2:16:03.239,24.3,99.9,24.63
2025.7.1 2:16:04.234,24.2,99.9,24.56
2025.7.1 2:16:05.248,24.2,99.9,24.63
2025.7.1 2:16:06.235,24.1,99.9,24.56
2025.7.1 2:16:07.231,23.9,99.9,24.56
2025.7.1 2:16:08.247,23.7,99.9,24.56
2025.7.1 2:16:09.240,23.6,99.9,24.56
2025.7.1 2:16:10.243,23.5,99.9,24.56
2025.7.1 2:16:11.245,23.7,99.9,24.5
2025.7.1 2:16:12.241,23.5,99.9,24.5
2025.7.1 2:16:13.262,23.5,99.9,24.44
2025.7.1 2:16:14.247,23.5,99.9,24.5
2025.7.1 2:16:15.254,23.5,99.9,24.44
2025.7.1 2:16:16.264,23.6,99.9,24.44
2025.7.1 2:16:17.250,23.6,99.9,24.44
2025.7.1 2:16:18.261,23.7,99.9,24.44
2025.7.1 2:16:19.265,23.6,99.9,24.38
2025.7.1 2:16:20.261,23.6,99.9,24.38
2025.7.1 2:16:21.268,23.6,99.9,24.38
2025.7.1 2:16:22.259,23.6,99.9,24.31
2025.7.1 2:16:23.263,23.6,99.9,24.31
2025.7.1 2:16:24.264,23.7,99.9,24.31
2025.7.1 2:16:25.258,23.9,99.9,24.31
2025.7.1 2:16:26.271,23.8,99.9,24.31
2025.7.1 2:16:27.265,23.5,99.9,24.31
2025.7.1 2:16:28.261,23.3,99.9,24.31
2025.7.1 2:16:29.270,23.3,99.9,24.25
2025.7.1 2:16:30.267,23.3,99.9,24.25
2025.7.1 2:16:31.280,23.2,99.9,24.25
2025.7.1 2:16:32.273,23.4,99.9,24.25
2025.7.1 2:16:33.270,23.3,99.9,24.19
2025.7.1 2:16:34.277,23.4,99.9,24.19
2025.7.1 2:16:35.275,23.5,99.9,24.19
2025.7.1 2:16:36.268,23.5,99.9,24.13
2025.7.1 2:16:37.281,23.6,99.9,24.19
2025.7.1 2:16:38.284,23.6,99.9,24.13
2025.7.1 2:16:39.290,23.7,99.9,24.19
2025.7.1 2:16:40.286,23.7,99.9,24.13
2025.7.1 2:16:41.277,23.8,99.9,24.13
2025.7.1 2:16:42.282,23.8,99.9,24.13
2025.7.1 2:16:43.297,23.6,99.9,24.13
2025.7.1 2:16:44.287,23.7,99.9,24.13
2025.7.1 2:16:45.298,23.8,99.9,24.06
2025.7.1 2:16:46.295,23.8,99.9,24.06
2025.7.1 2:16:47.281,23.9,99.9,24.06
2025.7.1 2:16:48.299,23.7,99.9,24.06
2025.7.1 2:16:49.287,23.5,99.9,24.06
2025.7.1 2:16:50.311,23.5,99.9,24.06
2025.7.1 2:16:51.290,23.3,99.9,24.06
2025.7.1 2:16:52.300,23.1,99.9,24
2025.7.1 2:16:53.310,23.1,99.9,24
2025.7.1 2:16:54.296,23.2,99.9,24
2025.7.1 2:16:55.290,23.2,99.9,24
2025.7.1 2:16:56.302,23.2,99.9,23.94
2025.7.1 2:16:57.298,23.2,99.9,23.94
2025.7.1 2:16:58.297,23.3,99.9,24
2025.7.1 2:16:59.317,23.3,99.9,23.94
2025.7.1 2:17:00.307,23.1,99.9,23.94
2025.7.1 2:17:01.313,23,99.9,23.94
2025.7.1 2:17:02.306,22.9,99.9,23.88
2025.7.1 2:17:03.302,23.2,99.9,23.88
2025.7.1 2:17:04.300,23.2,99.9,23.88
2025.7.1 2:17:05.307,23.3,99.9,23.88
2025.7.1 2:17:06.311,23.2,99.9,23.88
2025.7.1 2:17:07.322,23.2,99.9,23.88
2025.7.1 2:17:08.307,23.4,99.9,23.81
2025.7.1 2:17:09.329,23.4,99.9,23.81
2025.7.1 2:17:10.314,23.3,99.9,23.81
2025.7.1 2:17:11.318,23,99.9,23.75
2025.7.1 2:17:12.327,23,99.9,23.81
2025.7.1 2:17:13.318,23,99.9,23.81
2025.7.1 2:17:14.324,23,99.9,23.75
2025.7.1 2:17:15.324,23,99.9,23.75
2025.7.1 2:17:16.328,23,99.9,23.75
2025.7.1 2:17:17.320,22.9,99.9,23.75
2025.7.1 2:17:18.327,22.9,99.9,23.69
2025.7.1 2:17:19.326,23.1,99.9,23.69
2025.7.1 2:17:20.331,23.1,99.9,23.69
2025.7.1 2:17:21.324,23.1,99.9,23.69
2025.7.1 2:17:22.332,23.1,99.9,23.75
2025.7.1 2:17:23.336,23.2,99.9,23.69
2025.7.1 2:17:24.337,23.3,99.9,23.69
2025.7.1 2:17:25.335,23.1,99.9,23.63
2025.7.1 2:17:26.345,23.1,99.9,23.63
2025.7.1 2:17:27.331,23,99.9,23.63
2025.7.1 2:17:28.340,23,99.9,23.63
2025.7.1 2:17:29.337,22.8,99.9,23.63
2025.7.1 2:17:30.342,22.8,99.9,23.63
2025.7.1 2:17:31.345,22.8,99.9,23.63
2025.7.1 2:17:32.347,22.9,99.9,23.56
2025.7.1 2:17:33.344,22.9,99.9,23.56
2025.7.1 2:17:34.357,23,99.9,23.56
2025.7.1 2:17:35.344,23,99.9,23.56
2025.7.1 2:17:36.356,23,99.9,23.5
2025.7.1 2:17:37.357,23.1,99.9,23.5
2025.7.1 2:17:38.342,23.2,99.9,23.5
2025.7.1 2:17:39.355,23.5,99.9,23.5
2025.7.1 2:17:40.348,23.6,99.9,23.5
2025.7.1 2:17:41.358,23.5,99.9,23.5
2025.7.1 2:17:42.358,23.4,99.9,23.5
2025.7.1 2:17:43.353,23.6,99.9,23.5
2025.7.1 2:17:44.370,23.9,99.9,23.5
2025.7.1 2:17:45.354,24.2,99.9,23.5
2025.7.1 2:17:46.350,24.2,99.9,23.5
2025.7.1 2:17:47.368,24.4,99.9,23.5
2025.7.1 2:17:48.359,24.8,99.9,23.56
2025.7.1 2:17:49.375,28.1,99.9,23.56
2025.7.1 2:17:50.363,27.5,99.9,23.5
2025.7.1 2:17:51.369,26.6,99.9,23.56
2025.7.1 2:17:52.368,26.3,99.9,23.5
2025.7.1 2:17:53.373,25.8,99.9,23.56
2025.7.1 2:17:54.373,26.1,99.9,23.56
2025.7.1 2:17:55.379,25.5,99.9,23.56
2025.7.1 2:17:56.367,25.5,99.9,23.56
2025.7.1 2:17:57.363,25.7,99.9,23.56
2025.7.1 2:17:58.374,25.4,99.9,23.56
2025.7.1 2:17:59.367,26.2,99.9,23.56
2025.7.1 2:18:00.388,27.2,99.9,23.63
2025.7.1 2:18:01.376,28.9,99.9,23.63
2025.7.1 2:18:02.374,29.4,99.9,23.69
2025.7.1 2:18:03.384,28.1,99.9,23.69
2025.7.1 2:18:04.379,27.3,99.9,23.75
2025.7.1 2:18:05.372,26.8,99.9,23.69
2025.7.1 2:18:06.383,26.1,99.9,23.75
2025.7.1 2:18:07.381,26.2,99.9,23.75
2025.7.1 2:18:08.388,26.6,99.9,23.75
2025.7.1 2:18:09.380,26.2,99.9,23.75
2025.7.1 2:18:10.379,26.1,99.9,23.75
2025.7.1 2:18:11.388,26.5,99.9,23.75
2025.7.1 2:18:12.386,28.1,99.9,23.81
2025.7.1 2:18:13.391,29.7,99.9,23.81
2025.7.1 2:18:14.390,30.4,96.2,23.94
2025.7.1 2:18:15.388,31.3,93,23.94
2025.7.1 2:18:16.390,30.3,95,24
2025.7.1 2:18:17.403,30.7,91.9,24.06
2025.7.1 2:18:18.390,31.2,88.4,24.13
2025.7.1 2:18:19.406,31.2,91,24.13
2025.7.1 2:18:20.407,30.2,89,24.13
2025.7.1 2:18:21.396,29.7,94.5,24.19
2025.7.1 2:18:22.404,31,93.4,24.25
2025.7.1 2:18:23.399,31.2,89.9,24.25
2025.7.1 2:18:24.393,31.1,86.7,24.31
2025.7.1 2:18:25.410,30.4,91.3,24.38
2025.7.1 2:18:26.408,29.9,91.5,24.38
2025.7.1 2:18:27.406,29.8,92.7,24.38
2025.7.1 2:18:28.404,30.4,93.3,24.44
2025.7.1 2:18:29.408,31.7,90.1,24.44
2025.7.1 2:18:30.412,31.5,86.3,24.56
2025.7.1 2:18:31.406,31.4,87.8,24.56
2025.7.1 2:18:32.401,31,90.1,24.63
2025.7.1 2:18:33.423,31.7,87.9,24.69
2025.7.1 2:18:34.417,32.9,76.8,24.69
2025.7.1 2:18:35.427,33.1,75.8,24.75
2025.7.1 2:18:36.403,33.4,72.6,24.75
2025.7.1 2:18:37.408,33.5,71.8,24.81
2025.7.1 2:18:38.418,33.2,70.9,24.88
2025.7.1 2:18:39.416,32.5,73.9,24.88
2025.7.1 2:18:40.411,31.5,78.4,24.94
2025.7.1 2:18:41.421,30.7,86.5,24.94
2025.7.1 2:18:42.424,31,84.6,24.94
2025.7.1 2:18:43.425,29.3,91.5,24.94
2025.7.1 2:18:44.429,28.7,94.2,25
2025.7.1 2:18:45.425,28.4,97.3,24.94
2025.7.1 2:18:46.428,28.5,98.1,24.94
2025.7.1 2:18:47.429,28.2,98.5,24.94
2025.7.1 2:18:48.424,27.2,99.9,24.94
2025.7.1 2:18:49.439,26.8,99.9,24.94
2025.7.1 2:18:50.429,23.9,99.9,24.75
2025.7.1 2:18:51.424,23.6,99.9,24.75
2025.7.1 2:18:52.433,23.3,99.9,24.75
2025.7.1 2:18:53.428,22.6,99.9,24.69
2025.7.1 2:18:54.445,22.6,99.9,24.69
2025.7.1 2:18:55.449,22.4,99.9,24.63
2025.7.1 2:18:56.431,22.3,99.9,24.63
2025.7.1 2:18:57.439,22.3,99.9,24.56
2025.7.1 2:18:58.439,22.2,99.9,24.56
2025.7.1 2:18:59.431,22.3,99.9,24.5
2025.7.1 2:19:00.446,22.1,99.9,24.56
2025.7.1 2:19:01.449,22.2,99.9,24.56
2025.7.1 2:19:02.459,22.2,99.9,24.56
2025.7.1 2:19:03.444,22.6,99.9,24.5
2025.7.1 2:19:04.445,22.3,99.9,24.44
2025.7.1 2:19:05.443,22.4,99.9,24.44
2025.7.1 2:19:06.447,22.7,99.9,24.44
2025.7.1 2:19:07.440,22.7,99.9,24.44
2025.7.1 2:19:08.458,22.7,99.9,24.44
2025.7.1 2:19:09.459,22.8,99.9,24.44
2025.7.1 2:19:10.442,22.7,99.9,24.38
2025.7.1 2:19:11.462,22.6,99.9,24.44
2025.7.1 2:19:12.457,22.6,99.9,24.38
2025.7.1 2:19:13.444,22.6,99.9,24.31
2025.7.1 2:19:14.455,22.6,99.9,24.38
2025.7.1 2:19:15.451,22.6,99.9,24.31
2025.7.1 2:19:16.472,22.6,99.9,24.31
2025.7.1 2:19:17.470,22.6,99.9,24.25
2025.7.1 2:19:18.451,22.6,99.9,24.25
2025.7.1 2:19:19.466,22.6,99.9,24.25
2025.7.1 2:19:20.458,22.7,99.9,24.25
2025.7.1 2:19:21.462,22.6,99.9,24.25
2025.7.1 2:19:22.463,22.6,99.9,24.19
2025.7.1 2:19:23.461,22.7,99.9,24.19
2025.7.1 2:19:24.474,22.7,99.9,24.19
2025.7.1 2:19:25.466,22.7,99.9,24.13
2025.7.1 2:19:26.463,22.7,99.9,24.19
2025.7.1 2:19:27.471,22.8,99.9,24.13
2025.7.1 2:19:28.479,22.8,99.9,24.13
2025.7.1 2:19:29.474,22.8,99.9,24.13
2025.7.1 2:19:30.476,22.7,99.9,24.13
2025.7.1 2:19:31.469,22.7,99.9,24.13
2025.7.1 2:19:32.476,22.7,99.9,24.06
2025.7.1 2:19:33.487,22.8,99.9,24.06
2025.7.1 2:19:34.477,22.7,99.9,24.06
2025.7.1 2:19:35.487,22.7,99.9,24.06
2025.7.1 2:19:36.480,22.8,99.9,24.06
2025.7.1 2:19:37.473,22.9,99.9,24
2025.7.1 2:19:38.488,22.7,99.9,24
2025.7.1 2:19:39.477,22.6,99.9,24
2025.7.1 2:19:40.491,22.6,99.9,23.94
2025.7.1 2:19:41.487,22.6,99.9,23.94
2025.7.1 2:19:42.490,22.6,99.9,23.88
2025.7.1 2:19:43.490,22.6,99.9,23.88
2025.7.1 2:19:44.486,22.7,99.9,23.88
2025.7.1 2:19:45.492,22.6,99.9,23.88
2025.7.1 2:19:46.492,22.6,99.9,23.88
2025.7.1 2:19:47.488,22.6,99.9,23.81
2025.7.1 2:19:48.493,22.5,99.9,23.81
2025.7.1 2:19:49.493,22.6,99.9,23.81
2025.7.1 2:19:50.492,22.6,99.9,23.81
2025.7.1 2:19:51.502,22.5,99.9,23.81
2025.7.1 2:19:52.497,22.5,99.9,23.81
2025.7.1 2:19:53.500,22.5,99.9,23.81
2025.7.1 2:19:54.509,22.5,99.9,23.81
2025.7.1 2:19:55.497,22.4,99.9,23.75
2025.7.1 2:19:56.496,22.4,99.9,23.75
2025.7.1 2:19:57.502,22.5,99.9,23.75
2025.7.1 2:19:58.510,22.5,99.9,23.69
2025.7.1 2:19:59.505,22.5,99.9,23.69
2025.7.1 2:20:00.506,22.6,99.9,23.69
2025.7.1 2:20:01.511,22.6,99.9,23.63
2025.7.1 2:20:02.510,22.6,99.9,23.63
2025.7.1 2:20:03.513,22.5,99.9,23.63
2025.7.1 2:20:04.502,22.6,99.9,23.63
2025.7.1 2:20:05.503,22.6,99.9,23.63
2025.7.1 2:20:06.510,22.5,99.9,23.63
2025.7.1 2:20:07.514,22.5,99.9,23.63
2025.7.1 2:20:08.515,22.6,99.9,23.56
2025.7.1 2:20:09.512,22.5,99.9,23.56
2025.7.1 2:20:10.524,22.2,99.9,23.56
2025.7.1 2:20:11.517,22.3,99.9,23.56
2025.7.1 2:20:12.520,22.3,99.9,23.56
2025.7.1 2:20:13.524,22.3,99.9,23.5
2025.7.1 2:20:14.518,22.4,99.9,23.56
2025.7.1 2:20:15.526,22.4,99.9,23.5
2025.7.1 2:20:16.524,22.4,99.9,23.5
2025.7.1 2:20:17.530,22.5,99.9,23.44
2025.7.1 2:20:18.527,22.5,99.9,23.5
2025.7.1 2:20:19.526,22.4,99.9,23.5
2025.7.1 2:20:20.526,22.5,99.9,23.5
2025.7.1 2:20:21.532,22.4,99.9,23.44
2025.7.1 2:20:22.526,22.3,99.9,23.5
2025.7.1 2:20:23.524,22.3,99.9,23.44
2025.7.1 2:20:24.544,22.4,99.9,23.38
2025.7.1 2:20:25.531,22.4,99.9,23.38
2025.7.1 2:20:26.546,22.3,99.9,23.38
2025.7.1 2:20:27.541,22.2,99.9,23.38
2025.7.1 2:20:28.532,22.2,99.9,23.38
2025.7.1 2:20:29.542,22.1,99.9,23.38
2025.7.1 2:20:30.538,22.1,99.9,23.31
2025.7.1 2:20:31.552,22.1,99.9,23.31
2025.7.1 2:20:32.549,22.1,99.9,23.31
2025.7.1 2:20:33.542,22.1,99.9,23.31
2025.7.1 2:20:34.557,22.1,99.9,23.31
2025.7.1 2:20:35.549,22.1,99.9,23.31
2025.7.1 2:20:36.544,22.1,99.9,23.31
2025.7.1 2:20:37.553,22.1,99.9,23.25
2025.7.1 2:20:38.550,22,99.9,23.25
2025.7.1 2:20:39.569,22,99.9,23.25
2025.7.1 2:20:40.565,22,99.9,23.25
2025.7.1 2:20:41.554,21.9,99.9,23.19
2025.7.1 2:20:42.567,21.8,99.9,23.19
2025.7.1 2:20:43.568,21.8,99.9,23.19
2025.7.1 2:20:44.556,21.8,99.9,23.19
2025.7.1 2:20:45.573,21.9,99.9,23.19
2025.7.1 2:20:46.558,22,99.9,23.13
2025.7.1 2:20:47.568,22,99.9,23.13
2025.7.1 2:20:48.570,22.2,99.9,23.13
2025.7.1 2:20:49.574,22.3,99.9,23.13
2025.7.1 2:20:50.573,22.4,99.9,23.13
2025.7.1 2:20:51.568,22.3,99.9,23.06
2025.7.1 2:20:52.575,22.4,99.9,23.13
2025.7.1 2:20:53.573,23.1,99.9,23.13
2025.7.1 2:20:54.572,23.2,99.9,23.13
2025.7.1 2:20:55.585,23.2,99.9,23.13
2025.7.1 2:20:56.579,23.3,99.9,23.13
2025.7.1 2:20:57.581,23.4,99.9,23.13
2025.7.1 2:20:58.590,24.3,99.9,23.13
2025.7.1 2:20:59.580,24.1,99.9,23.06
2025.7.1 2:21:00.585,26.1,99.9,23.13
2025.7.1 2:21:01.590,29.6,99.9,23.13
2025.7.1 2:21:02.582,26.7,99.9,23.13
2025.7.1 2:21:03.575,26.3,99.9,23.13
2025.7.1 2:21:04.585,25.7,99.9,23.13
2025.7.1 2:21:05.581,24.9,99.9,23.13
2025.7.1 2:21:06.589,24.7,99.9,23.13
2025.7.1 2:21:07.596,24.4,99.9,23.13
2025.7.1 2:21:08.585,24.7,99.9,23.13
2025.7.1 2:21:09.598,25.4,99.9,23.19
2025.7.1 2:21:10.591,26.3,99.9,23.19
2025.7.1 2:21:11.612,26.5,99.9,23.25
2025.7.1 2:21:12.597,27.4,99.9,23.25
2025.7.1 2:21:13.593,28.8,99.9,23.25
2025.7.1 2:21:14.600,29.3,99.9,23.25
2025.7.1 2:21:15.596,29,99.9,23.31
2025.7.1 2:21:16.606,27.4,99.9,23.31
2025.7.1 2:21:17.602,27,99.9,23.31
2025.7.1 2:21:18.600,27.9,99.9,23.38
2025.7.1 2:21:19.595,29.5,99.9,23.44
2025.7.1 2:21:20.617,28.1,99.9,23.44
2025.7.1 2:21:21.601,29,99.9,23.44
2025.7.1 2:21:22.619,29.4,99.9,23.44
2025.7.1 2:21:23.607,29.4,99.9,23.5
2025.7.1 2:21:24.611,29.3,98,23.5
2025.7.1 2:21:25.610,30.4,94.6,23.56
2025.7.1 2:21:26.609,30.4,94.2,23.63
2025.7.1 2:21:27.615,29,98.9,23.63
2025.7.1 2:21:28.622,29.3,97.6,23.69
2025.7.1 2:21:29.611,28.1,98.9,23.63
2025.7.1 2:21:30.617,30.3,96.5,23.75
2025.7.1 2:21:31.624,31.5,92.8,23.75
2025.7.1 2:21:32.623,31,90.6,23.81
2025.7.1 2:21:33.629,30.5,86.4,23.88
2025.7.1 2:21:34.620,31.4,83.3,23.94
2025.7.1 2:21:35.618,30.5,87.6,23.88
2025.7.1 2:21:36.626,30,85.5,23.94
2025.7.1 2:21:37.625,30.1,85.8,24
2025.7.1 2:21:38.626,30.3,91.8,24
2025.7.1 2:21:39.627,29.4,93.4,24.06
2025.7.1 2:21:40.621,30.9,92.2,24.06
2025.7.1 2:21:41.634,31,90.6,24.13
2025.7.1 2:21:42.629,30.1,93.2,24.13
2025.7.1 2:21:43.627,29.2,94.8,24.13
2025.7.1 2:21:44.636,29.4,96.7,24.19
2025.7.1 2:21:45.643,30.8,93,24.19
2025.7.1 2:21:46.631,29.9,94.7,24.31
2025.7.1 2:21:47.640,30,93.8,24.25
2025.7.1 2:21:48.633,30.4,93.8,24.31
2025.7.1 2:21:49.642,31.9,89.6,24.38
2025.7.1 2:21:50.638,32.4,85.9,24.44
2025.7.1 2:21:51.640,32.7,80.2,24.5
2025.7.1 2:21:52.644,32.5,83.7,24.5
2025.7.1 2:21:53.649,32.6,83.5,24.56
2025.7.1 2:21:54.643,32.7,84,24.56
2025.7.1 2:21:55.655,33,82.1,24.63
2025.7.1 2:21:56.652,33.1,78.2,24.69
2025.7.1 2:21:57.666,33.1,79.1,24.69
2025.7.1 2:21:58.646,33.4,76.1,24.81
2025.7.1 2:21:59.642,31.4,83.3,24.81
2025.7.1 2:22:00.650,30.5,89.4,24.81
2025.7.1 2:22:01.648,29.4,92.1,24.81
2025.7.1 2:22:02.644,29.5,92.1,24.81
2025.7.1 2:22:03.652,29.1,92.9,24.81
2025.7.1 2:22:04.648,29.2,93,24.88
2025.7.1 2:22:05.645,28.8,94.3,24.88
2025.7.1 2:22:06.664,28.8,94.5,24.88
2025.7.1 2:22:07.660,29.2,95.3,24.81
2025.7.1 2:22:08.670,29.5,94.1,24.88
2025.7.1 2:22:09.667,29.6,94.6,24.88
2025.7.1 2:22:10.661,29.6,94.8,24.94
2025.7.1 2:22:11.672,29.5,94,24.94
2025.7.1 2:22:12.671,29.8,93.5,24.88
2025.7.1 2:22:13.658,30.6,91.5,24.94
2025.7.1 2:22:14.670,31,91,24.94
2025.7.1 2:22:15.670,30,93,25
2025.7.1 2:22:16.683,29.3,94.4,25
2025.7.1 2:22:17.680,29.8,93.3,25
2025.7.1 2:22:18.674,29.7,94.3,25
2025.7.1 2:22:19.680,30.3,92.1,25.13
2025.7.1 2:22:20.680,30.9,90.8,25.13
2025.7.1 2:22:21.683,30.9,90.4,25.19
2025.7.1 2:22:22.683,30.9,90,25.19
2025.7.1 2:22:23.683,30.6,90.5,25.19
2025.7.1 2:22:24.676,30,91.4,25.25
2025.7.1 2:22:25.689,29.4,93,25.25
2025.7.1 2:22:26.675,28.7,95.1,25.25
2025.7.1 2:22:27.690,28.4,96.6,25.25
2025.7.1 2:22:28.690,28.2,97.6,25.25
2025.7.1 2:22:29.683,28.1,97.9,25.19
2025.7.1 2:22:30.684,28.1,98.7,25.25
2025.7.1 2:22:31.691,28,99.6,25.25
2025.7.1 2:22:32.687,27.7,99.9,25.25
2025.7.1 2:22:33.694,27.6,99.9,25.19
2025.7.1 2:22:34.692,27.5,99.9,25.19
2025.7.1 2:22:35.693,27.3,99.9,25.19
2025.7.1 2:22:36.696,27.1,99.9,25.19
2025.7.1 2:22:37.687,27,99.9,25.19
2025.7.1 2:22:38.706,26.8,99.9,25.19
2025.7.1 2:22:39.702,27,99.9,25.19
2025.7.1 2:22:40.700,26.7,99.9,25.19
2025.7.1 2:22:41.697,26.5,99.9,25.19
2025.7.1 2:22:42.705,26.3,99.9,25.19
2025.7.1 2:22:43.704,26.2,99.9,25.13
2025.7.1 2:22:44.702,26.2,99.9,25.13
2025.7.1 2:22:45.705,25.3,99.9,25.13
2025.7.1 2:22:46.711,24.6,99.9,25.13
2025.7.1 2:22:47.706,24.2,99.9,25.13
2025.7.1 2:22:48.707,23.9,99.9,25.06
2025.7.1 2:22:49.706,23.8,99.9,25.06
2025.7.1 2:22:50.702,23.6,99.9,25
2025.7.1 2:22:51.709,23.7,99.9,25
2025.7.1 2:22:52.710,23.8,99.9,25
2025.7.1 2:22:53.706,23.9,99.9,25
2025.7.1 2:22:54.717,23.7,99.9,25
2025.7.1 2:22:55.711,23.6,99.9,24.94
2025.7.1 2:22:56.713,23.6,99.9,24.94
2025.7.1 2:22:57.715,23.8,99.9,24.94
2025.7.1 2:22:58.720,24,99.9,24.94
2025.7.1 2:22:59.723,24,99.9,24.88
2025.7.1 2:23:00.722,24,99.9,24.81
2025.7.1 2:23:01.720,24,99.9,24.81
2025.7.1 2:23:02.719,24,99.9,24.81
2025.7.1 2:23:03.718,24.1,99.9,24.81
2025.7.1 2:23:04.713,24,99.9,24.75
2025.7.1 2:23:05.733,24,99.9,24.75
2025.7.1 2:23:06.725,23.9,99.9,24.69
2025.7.1 2:23:07.727,23.9,99.9,24.75
2025.7.1 2:23:08.731,23.9,99.9,24.69
2025.7.1 2:23:09.725,23.9,99.9,24.69
2025.7.1 2:23:10.728,23.9,99.9,24.69
2025.7.1 2:23:11.726,23.8,99.9,24.63
2025.7.1 2:23:12.733,23.7,99.9,24.63
2025.7.1 2:23:13.737,23.7,99.9,24.56
2025.7.1 2:23:14.740,23.7,99.9,24.56
2025.7.1 2:23:15.724,23.8,99.9,24.5
2025.7.1 2:23:16.738,23.7,99.9,24.44
2025.7.1 2:23:17.732,23.7,99.9,24.5
2025.7.1 2:23:18.737,23.7,99.9,24.44
2025.7.1 2:23:19.743,23.6,99.9,24.44
2025.7.1 2:23:20.744,23.2,99.9,24.44
2025.7.1 2:23:21.737,22.4,99.9,24.44
2025.7.1 2:23:22.738,22,99.9,24.38
2025.7.1 2:23:23.734,22.1,99.9,24.38
2025.7.1 2:23:24.746,22.3,99.9,24.31
2025.7.1 2:23:25.745,22.4,99.9,24.31
2025.7.1 2:23:26.746,22.4,99.9,24.31
2025.7.1 2:23:27.750,22.6,99.9,24.31
2025.7.1 2:23:28.744,22.6,99.9,24.31
2025.7.1 2:23:29.756,22.6,99.9,24.25
2025.7.1 2:23:30.750,22.6,99.9,24.25
2025.7.1 2:23:31.747,22.7,99.9,24.19
2025.7.1 2:23:32.758,22.7,99.9,24.19
2025.7.1 2:23:33.756,22.8,99.9,24.19
2025.7.1 2:23:34.762,22.8,99.9,24.13
2025.7.1 2:23:35.760,22.8,99.9,24.13
2025.7.1 2:23:36.756,22.8,99.9,24.19
2025.7.1 2:23:37.772,22.9,99.9,24.13
2025.7.1 2:23:38.761,22.8,99.9,24.06
2025.7.1 2:23:39.753,22.9,99.9,24.06
2025.7.1 2:23:40.765,22.8,99.9,24.06
2025.7.1 2:23:41.771,22.8,99.9,24.06
2025.7.1 2:23:42.776,22.8,99.9,24
2025.7.1 2:23:43.767,22.9,99.9,24
2025.7.1 2:23:44.770,22.9,99.9,24
2025.7.1 2:23:45.771,22.9,99.9,24
2025.7.1 2:23:46.769,22.9,99.9,24
2025.7.1 2:23:47.776,22.9,99.9,23.94
2025.7.1 2:23:48.780,22.9,99.9,23.94
2025.7.1 2:23:49.780,22.8,99.9,23.94
2025.7.1 2:23:50.767,22.8,99.9,23.88
2025.7.1 2:23:51.768,22.7,99.9,23.88
2025.7.1 2:23:52.780,22.6,99.9,23.88
2025.7.1 2:23:53.771,22.7,99.9,23.88
2025.7.1 2:23:54.777,22.7,99.9,23.81
2025.7.1 2:23:55.773,22.6,99.9,23.81
2025.7.1 2:23:56.784,22.7,99.9,23.81
2025.7.1 2:23:57.789,22.7,99.9,23.81
2025.7.1 2:23:58.783,22.7,99.9,23.75
2025.7.1 2:23:59.791,22.7,99.9,23.75
2025.7.1 2:24:00.781,22.7,99.9,23.69
2025.7.1 2:24:01.796,22.7,99.9,23.75
2025.7.1 2:24:02.791,22.7,99.9,23.75
2025.7.1 2:24:03.783,22.6,99.9,23.75
2025.7.1 2:24:04.797,22.5,99.9,23.69
2025.7.1 2:24:05.799,22.4,99.9,23.69
2025.7.1 2:24:06.785,22.5,99.9,23.69
2025.7.1 2:24:07.794,22.6,99.9,23.69
2025.7.1 2:24:08.792,22.6,99.9,23.69
2025.7.1 2:24:09.804,22.6,99.9,23.63
2025.7.1 2:24:10.798,22.6,99.9,23.63
2025.7.1 2:24:11.794,22.6,99.9,23.56
2025.7.1 2:24:12.790,22.6,99.9,23.56
2025.7.1 2:24:13.809,22.7,99.9,23.63
2025.7.1 2:24:14.799,22.7,99.9,23.56
2025.7.1 2:24:15.815,22.6,99.9,23.56
2025.7.1 2:24:16.811,22.5,99.9,23.5
2025.7.1 2:24:17.808,22.4,99.9,23.5
2025.7.1 2:24:18.808,22,99.9,23.5
2025.7.1 2:24:19.811,21.7,99.9,23.44
2025.7.1 2:24:20.820,21.5,99.9,23.5
2025.7.1 2:24:21.808,21.4,99.9,23.44
2025.7.1 2:24:22.807,21.6,99.9,23.44
2025.7.1 2:24:23.818,21.7,99.9,23.44
2025.7.1 2:24:24.817,21.7,99.9,23.38
2025.7.1 2:24:25.821,21.7,99.9,23.38
2025.7.1 2:24:26.829,21.7,99.9,23.31
2025.7.1 2:24:27.824,21.8,99.9,23.31
2025.7.1 2:24:28.819,22,99.9,23.31
2025.7.1 2:24:29.815,22,99.9,23.31
2025.7.1 2:24:30.822,22.2,99.9,23.38
2025.7.1 2:24:31.831,22.1,99.9,23.31
2025.7.1 2:24:32.822,22.1,99.9,23.31
2025.7.1 2:24:33.832,22,99.9,23.31
2025.7.1 2:24:34.828,22,99.9,23.31
2025.7.1 2:24:35.832,21.8,99.9,23.25
2025.7.1 2:24:36.841,21.9,99.9,23.25
2025.7.1 2:24:37.838,21.9,99.9,23.25
2025.7.1 2:24:38.834,21.9,99.9,23.25
2025.7.1 2:24:39.835,21.9,99.9,23.19
2025.7.1 2:24:40.834,22,99.9,23.19
2025.7.1 2:24:41.834,21.9,99.9,23.19
2025.7.1 2:24:42.829,22,99.9,23.19
2025.7.1 2:24:43.842,22,99.9,23.13
2025.7.1 2:24:44.839,22,99.9,23.13
2025.7.1 2:24:45.840,22.1,99.9,23.13
2025.7.1 2:24:46.843,22.3,99.9,23.13
2025.7.1 2:24:47.853,22.6,99.9,23.13
2025.7.1 2:24:48.849,22.7,99.9,23.06
2025.7.1 2:24:49.855,22.6,99.9,23.06
2025.7.1 2:24:50.854,22.8,99.9,23.06
2025.7.1 2:24:51.841,22.9,99.9,23.13
2025.7.1 2:24:52.837,22.8,99.9,23.06
2025.7.1 2:24:53.857,22.7,99.9,23.06
2025.7.1 2:24:54.846,22.7,99.9,23.06
2025.7.1 2:24:55.856,22.7,99.9,23
2025.7.1 2:24:56.859,22.7,99.9,23
2025.7.1 2:24:57.855,22.7,99.9,23
2025.7.1 2:24:58.864,22.7,99.9,23.06
2025.7.1 2:24:59.850,22.9,99.9,23.06
2025.7.1 2:25:00.857,22.9,99.9,23.06
2025.7.1 2:25:01.863,23.2,99.9,23.06
2025.7.1 2:25:02.853,23.6,99.9,23.06
2025.7.1 2:25:03.860,23.6,99.9,23.06
2025.7.1 2:25:04.868,24,99.9,23.06
2025.7.1 2:25:05.860,24.2,99.9,23.06
2025.7.1 2:25:06.870,24.8,99.9,23.06
2025.7.1 2:25:07.861,25.1,99.9,23.06
2025.7.1 2:25:08.869,26.7,99.9,23.13
2025.7.1 2:25:09.867,27.8,99.9,23.13
2025.7.1 2:25:10.866,28.4,99.9,23.19
2025.7.1 2:25:11.878,28.3,99.9,23.19
2025.7.1 2:25:12.871,28.2,99.9,23.19
2025.7.1 2:25:13.865,27.8,99.9,23.25
2025.7.1 2:25:14.873,27.8,99.9,23.25
2025.7.1 2:25:15.873,27.7,99.9,23.31
2025.7.1 2:25:16.873,29.2,99.9,23.38
2025.7.1 2:25:17.877,29.1,99.9,23.38
2025.7.1 2:25:18.874,27.7,99.9,23.38
2025.7.1 2:25:19.897,28.9,99.5,23.44
2025.7.1 2:25:20.890,29.4,99.9,23.44
2025.7.1 2:25:21.884,30.3,96.3,23.5
2025.7.1 2:25:22.881,30.1,99.2,23.56
2025.7.1 2:25:23.881,30.6,91.8,23.63
2025.7.1 2:25:24.885,29.3,99.9,23.63
2025.7.1 2:25:25.893,29.8,96.7,23.69
2025.7.1 2:25:26.886,30.1,98.8,23.75
2025.7.1 2:25:27.894,29.7,98.1,23.75
2025.7.1 2:25:28.891,30.8,94.6,23.75
2025.7.1 2:25:29.886,31.7,90,23.88
2025.7.1 2:25:30.894,32.1,85,23.88
2025.7.1 2:25:31.894,32.7,80.3,24
2025.7.1 2:25:32.887,31,85,24
2025.7.1 2:25:33.898,30.7,83.7,24
2025.7.1 2:25:34.895,32.2,80.8,24
2025.7.1 2:25:35.907,32,82.7,24.06
2025.7.1 2:25:36.899,32.4,85.3,24.13
2025.7.1 2:25:37.904,30.4,89.7,24.13
2025.7.1 2:25:38.904,29.3,91.1,24.19
2025.7.1 2:25:39.918,30.8,90.7,24.25
2025.7.1 2:25:40.913,32.2,80.9,24.25
2025.7.1 2:25:41.907,32.5,74.9,24.31
2025.7.1 2:25:42.906,32.3,75.5,24.38
2025.7.1 2:25:43.928,32.8,71.3,24.44
2025.7.1 2:25:44.924,31.3,76.4,24.44
2025.7.1 2:25:45.906,30.4,87.2,24.5
2025.7.1 2:25:46.919,29.9,92.7,24.44
2025.7.1 2:25:47.913,31,90,24.5
2025.7.1 2:25:48.917,30.4,90.2,24.56
2025.7.1 2:25:49.930,30.9,92,24.56
2025.7.1 2:25:50.915,29.4,94.7,24.63
2025.7.1 2:25:51.919,29.5,94.5,24.56
2025.7.1 2:25:52.921,29,95.3,24.56
2025.7.1 2:25:53.926,28.8,97.1,24.63
2025.7.1 2:25:54.931,28.7,98,24.69
2025.7.1 2:25:55.931,28.7,98.3,24.63
2025.7.1 2:25:56.928,28.4,99.9,24.69
2025.7.1 2:25:57.928,28.1,99.9,24.69
2025.7.1 2:25:58.932,27.9,99.9,24.69
2025.7.1 2:25:59.927,27.7,99.9,24.69
2025.7.1 2:26:00.931,27.5,99.9,24.69
2025.7.1 2:26:01.926,27.4,99.9,24.69
2025.7.1 2:26:02.938,27.3,99.9,24.69
2025.7.1 2:26:03.934,27.7,99.9,24.69
2025.7.1 2:26:04.932,28.3,99.9,24.69
2025.7.1 2:26:05.942,27.9,99.9,24.75
2025.7.1 2:26:06.939,27.5,99.9,24.69
2025.7.1 2:26:07.943,26.7,99.9,24.69
2025.7.1 2:26:08.944,26,99.9,24.75
2025.7.1 2:26:09.940,25.5,99.9,24.75
2025.7.1 2:26:10.953,25.6,99.9,24.75
2025.7.1 2:26:11.954,26,99.9,24.75
2025.7.1 2:26:12.940,26.5,99.9,24.75
2025.7.1 2:26:13.943,26.8,99.9,24.75
2025.7.1 2:26:14.943,26.6,99.9,24.75
2025.7.1 2:26:15.955,26.6,99.9,24.81
2025.7.1 2:26:16.951,27.3,99.9,24.81
2025.7.1 2:26:17.947,28.2,99.9,24.81
2025.7.1 2:26:18.966,28.5,99.9,24.88
2025.7.1 2:26:19.957,28.6,99.9,24.88
2025.7.1 2:26:20.949,28.6,99.9,24.88
2025.7.1 2:26:21.966,28.1,99.9,24.94
2025.7.1 2:26:22.954,27.6,99.9,24.88
2025.7.1 2:26:23.961,27.6,99.9,24.88
2025.7.1 2:26:24.966,27.8,99.9,24.94
2025.7.1 2:26:25.968,27.9,99.9,24.94
2025.7.1 2:26:26.973,27.9,99.9,24.94
2025.7.1 2:26:27.963,27.3,99.9,25
2025.7.1 2:26:28.966,26.8,99.9,24.94
2025.7.1 2:26:29.979,26.6,99.9,25
2025.7.1 2:26:30.967,26.5,99.9,24.94
2025.7.1 2:26:31.971,26.4,99.9,25
2025.7.1 2:26:32.973,26.2,99.9,24.94
2025.7.1 2:26:33.968,26,99.9,24.94
2025.7.1 2:26:34.965,25.7,99.9,24.94
2025.7.1 2:26:35.984,25.6,99.9,24.94
2025.7.1 2:26:36.967,25.7,99.9,24.94
2025.7.1 2:26:37.975,25.6,99.9,24.94
2025.7.1 2:26:38.982,25.3,99.9,24.94
2025.7.1 2:26:39.985,25.1,99.9,24.88
2025.7.1 2:26:40.986,24.9,99.9,24.88
2025.7.1 2:26:41.988,24.8,99.9,24.81
2025.7.1 2:26:42.975,24.7,99.9,24.81
2025.7.1 2:26:43.996,24.7,99.9,24.81
2025.7.1 2:26:44.982,24.6,99.9,24.81
2025.7.1 2:26:45.986,24.6,99.9,24.81
2025.7.1 2:26:46.987,24.6,99.9,24.75
2025.7.1 2:26:47.996,24.6,99.9,24.75
2025.7.1 2:26:48.992,24.6,99.9,24.75
2025.7.1 2:26:49.987,31.3,81.7,24
2025.7.1 2:26:50.998,32,87.6,24
2025.7.1 2:26:51.996,31.7,84.8,24.06
2025.7.1 2:26:52.989,31.8,78.2,24.13
2025.7.1 2:26:53.988,32.6,83.9,24.19
2025.7.1 2:26:54.993,33,73.3,24.25
2025.7.1 2:26:56.001,32.9,76.5,24.25
2025.7.1 2:26:56.994,32.1,69.8,24.38
2025.7.1 2:26:57.993,32.6,68.8,24.38
2025.7.1 2:26:58.996,33.3,70.1,24.44
2025.7.1 2:26:59.994,33.5,73.3,24.5
2025.7.1 2:27:00.997,33.6,71.2,24.5
2025.7.1 2:27:02.008,31.7,75.2,24.56
2025.7.1 2:27:03.010,31.9,77.1,24.63
2025.7.1 2:27:04.011,30.8,83.4,24.63
2025.7.1 2:27:05.004,30.9,77.4,24.63
2025.7.1 2:27:06.005,32.4,76.1,24.75
2025.7.1 2:27:07.004,33.3,69.6,24.75
2025.7.1 2:27:08.010,33.4,66.5,24.81
2025.7.1 2:27:09.012,33.4,71.1,24.88
2025.7.1 2:27:10.011,33.1,68.3,24.88
2025.7.1 2:27:11.010,32.5,72.3,24.88
2025.7.1 2:27:12.010,32.8,76.7,24.94
2025.7.1 2:27:13.023,33.3,77.3,24.94
2025.7.1 2:27:14.013,33,72.2,25
2025.7.1 2:27:15.026,33.3,71.9,25.06
2025.7.1 2:27:16.014,33.2,68.2,25.13
2025.7.1 2:27:17.018,33.5,72.4,25.13
2025.7.1 2:27:18.019,33.5,69,25.19
2025.7.1 2:27:19.027,33.9,67.7,25.25
2025.7.1 2:27:20.019,34,68.2,25.31
2025.7.1 2:27:21.020,33.7,68.9,25.38
2025.7.1 2:27:22.031,33.9,68.2,25.44
2025.7.1 2:27:23.024,33.9,66.3,25.5
2025.7.1 2:27:24.033,33.7,66.7,25.56
2025.7.1 2:27:25.023,33.9,68.3,25.63
2025.7.1 2:27:26.028,34.1,66.5,25.69
2025.7.1 2:27:27.033,33.8,65.4,25.69
2025.7.1 2:27:28.039,34,66.9,25.75
2025.7.1 2:27:29.039,33.7,69.1,25.88
2025.7.1 2:27:30.035,33.6,69.1,25.94
2025.7.1 2:27:31.046,32.8,70.1,25.94
2025.7.1 2:27:32.034,31.8,75.5,25.94
2025.7.1 2:27:33.039,31.8,80.4,26
2025.7.1 2:27:34.045,32,79.7,26
2025.7.1 2:27:35.046,32.9,72.8,26.13
2025.7.1 2:27:36.039,32.7,73.1,26.19
2025.7.1 2:27:37.042,32.7,73.2,26.25
2025.7.1 2:27:38.040,32.7,74,26.25
2025.7.1 2:27:39.043,33,72.9,26.31
2025.7.1 2:27:40.043,32.4,73.8,26.31
2025.7.1 2:27:41.054,31.8,76.6,26.31
2025.7.1 2:27:42.056,30.9,80.6,26.38
2025.7.1 2:27:43.046,30.3,81.7,26.31
2025.7.1 2:27:44.049,29.9,85.2,26.38
2025.7.1 2:27:45.048,29.7,87,26.31
2025.7.1 2:27:46.048,29.7,87.2,26.31
2025.7.1 2:27:47.048,29.5,88.8,26.38
2025.7.1 2:27:48.049,29.3,92.1,26.38
2025.7.1 2:27:49.051,28.9,94.2,26.31
2025.7.1 2:27:50.076,28.7,94.1,26.31
2025.7.1 2:27:51.063,28.7,94.6,26.31
2025.7.1 2:27:52.056,28.5,99.2,26.38
2025.7.1 2:27:53.071,27.7,99.9,26.31
2025.7.1 2:27:54.057,27.8,99.9,26.31
2025.7.1 2:27:55.059,28,99.9,26.31
2025.7.1 2:27:56.071,28.2,99.9,26.31
2025.7.1 2:27:57.068,28.4,99.9,26.31
2025.7.1 2:27:58.084,28,99.9,26.31
2025.7.1 2:27:59.075,28.1,99.9,26.38
2025.7.1 2:28:00.074,28.2,99.9,26.31
2025.7.1 2:28:01.078,27.9,99.9,26.25
2025.7.1 2:28:02.064,27.2,99.9,26.25
2025.7.1 2:28:03.080,27,99.9,26.25
2025.7.1 2:28:04.068,26.8,99.9,26.19
2025.7.1 2:28:05.070,26.8,99.9,26.19
2025.7.1 2:28:06.085,26.5,99.9,26.13
2025.7.1 2:28:07.092,26.5,99.9,26.13
2025.7.1 2:28:08.076,26.4,99.9,26.13
2025.7.1 2:28:09.083,26.2,99.9,26.06
2025.7.1 2:28:10.081,26.1,99.9,26.06
2025.7.1 2:28:11.078,26.1,99.9,26
2025.7.1 2:28:12.090,25.9,99.9,26
2025.7.1 2:28:13.084,25.9,99.9,26
2025.7.1 2:28:14.101,25.8,99.9,25.94
2025.7.1 2:28:15.083,25.7,99.9,25.88
2025.7.1 2:28:16.086,25.5,99.9,25.94
2025.7.1 2:28:17.092,25.5,99.9,25.88
2025.7.1 2:28:18.084,25.5,99.9,25.88
2025.7.1 2:28:19.094,25.4,99.9,25.81
2025.7.1 2:28:20.087,25.3,99.9,25.81
2025.7.1 2:28:21.094,25.3,99.9,25.75
2025.7.1 2:28:22.095,25.5,99.9,25.75
2025.7.1 2:28:23.103,25.4,99.9,25.69
2025.7.1 2:28:24.102,25.4,99.9,25.63
2025.7.1 2:28:25.094,25.3,99.9,25.63
2025.7.1 2:28:26.100,25.3,99.9,25.63
2025.7.1 2:28:27.105,25.4,99.9,25.56
2025.7.1 2:28:28.104,25.3,99.9,25.56
2025.7.1 2:28:29.099,25.2,99.9,25.56
2025.7.1 2:28:30.097,25.2,99.9,25.56
2025.7.1 2:28:31.099,25.1,99.9,25.5
2025.7.1 2:28:32.104,25.1,99.9,25.44
2025.7.1 2:28:33.106,25.1,99.9,25.44
2025.7.1 2:28:34.113,25.2,99.9,25.44
2025.7.1 2:28:35.109,25.2,99.9,25.44
2025.7.1 2:28:36.107,25.2,99.9,25.38
2025.7.1 2:28:37.120,25.1,99.9,25.38
2025.7.1 2:28:38.110,25.1,99.9,25.38
2025.7.1 2:28:39.120,25.1,99.9,25.38
2025.7.1 2:28:40.117,25,99.9,25.31
2025.7.1 2:28:41.121,25,99.9,25.31
2025.7.1 2:28:42.123,24.8,99.9,25.31
2025.7.1 2:28:43.127,24.8,99.9,25.25
2025.7.1 2:28:44.125,24.9,99.9,25.25
2025.7.1 2:28:45.118,24.7,99.9,25.19
2025.7.1 2:28:46.124,24.6,99.9,25.25
2025.7.1 2:28:47.119,24.3,99.9,25.19
2025.7.1 2:28:48.126,24,99.9,25.19
2025.7.1 2:28:49.133,24.1,99.9,25.19
2025.7.1 2:28:50.132,23.7,99.9,25.13
2025.7.1 2:28:51.129,23.6,99.9,25.13
2025.7.1 2:28:52.127,23.5,99.9,25.13
2025.7.1 2:28:53.133,23.3,99.9,25.06
2025.7.1 2:28:54.131,23.2,99.9,25
2025.7.1 2:28:55.152,23.4,99.9,24.94
2025.7.1 2:28:56.141,23.2,99.9,25
2025.7.1 2:28:57.133,23,99.9,24.94
2025.7.1 2:28:58.131,23.1,99.9,25
2025.7.1 2:28:59.133,23.3,99.9,24.94
2025.7.1 2:29:00.147,23.5,99.9,24.94
2025.7.1 2:29:01.136,23.5,99.9,24.88
2025.7.1 2:29:02.148,23.6,99.9,24.88
2025.7.1 2:29:03.147,23.7,99.9,24.81
2025.7.1 2:29:04.139,23.5,99.9,24.88
2025.7.1 2:29:05.150,23.5,99.9,24.81
2025.7.1 2:29:06.149,23.6,99.9,24.81
2025.7.1 2:29:07.144,23.6,99.9,24.75
2025.7.1 2:29:08.154,23.6,99.9,24.75
2025.7.1 2:29:09.146,23.4,99.9,24.81
2025.7.1 2:29:10.151,23.4,99.9,24.75
2025.7.1 2:29:11.160,23.5,99.9,24.75
2025.7.1 2:29:12.154,23.6,99.9,24.75
2025.7.1 2:29:13.152,23.7,99.9,24.69
2025.7.1 2:29:14.153,23.6,99.9,24.63
2025.7.1 2:29:15.155,23.5,99.9,24.63
2025.7.1 2:29:16.154,23.6,99.9,24.63
2025.7.1 2:29:17.155,23.2,99.9,24.69
2025.7.1 2:29:18.154,23,99.9,24.63
2025.7.1 2:29:19.156,23,99.9,24.56
2025.7.1 2:29:20.160,22.8,99.9,24.56
2025.7.1 2:29:21.168,22.9,99.9,24.56
2025.7.1 2:29:22.171,22.9,99.9,24.5
2025.7.1 2:29:23.163,22.9,99.9,24.56
2025.7.1 2:29:24.162,22.9,99.9,24.5
2025.7.1 2:29:25.168,22.8,99.9,24.56
2025.7.1 2:29:26.168,22.9,99.9,24.5
2025.7.1 2:29:27.169,22.9,99.9,24.44
2025.7.1 2:29:28.176,22.9,99.9,24.44
2025.7.1 2:29:29.171,22.9,99.9,24.5
2025.7.1 2:29:30.181,22.8,99.9,24.44
2025.7.1 2:29:31.171,22.9,99.9,24.44
2025.7.1 2:29:32.194,22.9,99.9,24.38
2025.7.1 2:29:33.186,22.9,99.9,24.38
2025.7.1 2:29:34.177,22.9,99.9,24.38
2025.7.1 2:29:35.192,22.9,99.9,24.38
2025.7.1 2:29:36.185,22.9,99.9,24.38
2025.7.1 2:29:37.185,22.9,99.9,24.31
2025.7.1 2:29:38.182,22.7,99.9,24.31
2025.7.1 2:29:39.185,22.7,99.9,24.31
2025.7.1 2:29:40.195,22.7,99.9,24.31
2025.7.1 2:29:41.189,22.7,99.9,24.25
2025.7.1 2:29:42.200,22.8,99.9,24.25
2025.7.1 2:29:43.189,22.7,99.9,24.25
2025.7.1 2:29:44.191,22.6,99.9,24.25
2025.7.1 2:29:45.191,22.7,99.9,24.19
2025.7.1 2:29:46.193,22.7,99.9,24.19
2025.7.1 2:29:47.195,22.8,99.9,24.19
2025.7.1 2:29:48.194,22.7,99.9,24.25
2025.7.1 2:29:49.196,22.6,99.9,24.19
2025.7.1 2:29:50.197,22.4,99.9,24.13
2025.7.1 2:29:51.209,22.3,99.9,24.13
2025.7.1 2:29:52.207,22.2,99.9,24.13
2025.7.1 2:29:53.200,22.3,99.9,24.13
2025.7.1 2:29:54.216,22.3,99.9,24.13
2025.7.1 2:29:55.201,22.3,99.9,24.06
2025.7.1 2:29:56.211,22.3,99.9,24.06
2025.7.1 2:29:57.215,22.4,99.9,24.06
2025.7.1 2:29:58.215,22.4,99.9,24.06
2025.7.1 2:29:59.208,22.5,99.9,24.06
2025.7.1 2:30:00.211,22.6,99.9,24
2025.7.1 2:30:01.213,22.8,99.9,24
2025.7.1 2:30:02.210,23,99.9,24
2025.7.1 2:30:03.211,23.4,99.9,24
2025.7.1 2:30:04.212,24.5,99.9,24
2025.7.1 2:30:05.212,24.7,99.9,24
2025.7.1 2:30:06.215,24.5,99.9,24.06
2025.7.1 2:30:07.224,24.7,99.9,24.06
2025.7.1 2:30:08.214,25.6,99.9,24
2025.7.1 2:30:09.224,26.3,99.9,24
2025.7.1 2:30:10.216,24.7,99.9,24
2025.7.1 2:30:11.216,24.2,99.9,24
2025.7.1 2:30:12.223,24.5,99.9,24
2025.7.1 2:30:13.232,24.4,99.9,24
2025.7.1 2:30:14.230,25.1,99.9,24
2025.7.1 2:30:15.231,25.8,99.9,24
2025.7.1 2:30:16.229,26.5,99.9,24
2025.7.1 2:30:17.226,27.5,99.9,24
2025.7.1 2:30:18.238,26.5,99.9,24
2025.7.1 2:30:19.237,26.2,99.9,24
2025.7.1 2:30:20.232,26.2,99.9,24.06
2025.7.1 2:30:21.233,26.7,99.9,24
2025.7.1 2:30:22.231,27.3,99.9,24
2025.7.1 2:30:23.243,27.4,99.9,24
2025.7.1 2:30:24.238,27.1,99.9,24.06
2025.7.1 2:30:25.236,27.5,99.9,24.06
2025.7.1 2:30:26.240,28,99.9,24.06
2025.7.1 2:30:27.238,28.6,98,24.13
2025.7.1 2:30:28.243,29.1,96.5,24.19
2025.7.1 2:30:29.252,29.4,94.4,24.19
2025.7.1 2:30:30.246,29.5,95.2,24.19
2025.7.1 2:30:31.246,29.1,95.9,24.25
2025.7.1 2:30:32.254,29.4,94.2,24.25
2025.7.1 2:30:33.246,29.5,95.5,24.25
2025.7.1 2:30:34.248,29.7,94.6,24.31
2025.7.1 2:30:35.263,29.7,92.6,24.38
2025.7.1 2:30:36.252,29.2,92.5,24.38
2025.7.1 2:30:37.253,29.8,94.9,24.44
2025.7.1 2:30:38.259,29.6,94,24.44
2025.7.1 2:30:39.255,31,91.2,24.44
2025.7.1 2:30:40.255,31,91,24.56
2025.7.1 2:30:41.255,30.7,85,24.56
2025.7.1 2:30:42.258,30.3,86.6,24.56
2025.7.1 2:30:43.265,29.9,86.2,24.63
2025.7.1 2:30:44.266,31.5,78.1,24.63
2025.7.1 2:30:45.272,31.9,75.3,24.69
2025.7.1 2:30:46.259,31.4,78.6,24.75
2025.7.1 2:30:47.272,31.7,76.6,24.75
2025.7.1 2:30:48.268,31.5,72.3,24.81
2025.7.1 2:30:49.269,32.1,74.8,24.88
2025.7.1 2:30:50.267,33,71,24.94
2025.7.1 2:30:51.268,32.4,70.4,25
2025.7.1 2:30:52.268,32.4,69.6,25
2025.7.1 2:30:53.269,32.4,69.9,25.06
2025.7.1 2:30:54.269,32.7,70.8,25.06
2025.7.1 2:30:55.279,32,71.5,25.13
2025.7.1 2:30:56.277,31,80.1,25.13
2025.7.1 2:30:57.285,32.4,78.7,25.19
2025.7.1 2:30:58.277,32.7,75.3,25.19
2025.7.1 2:30:59.278,32,77,25.25
2025.7.1 2:31:00.286,31.8,79.7,25.25
2025.7.1 2:31:01.289,31.6,80.3,25.31
2025.7.1 2:31:02.290,31.3,80.2,25.38
2025.7.1 2:31:03.300,31.2,82.8,25.38
2025.7.1 2:31:04.289,31.4,80.1,25.38
2025.7.1 2:31:05.293,31.4,80.3,25.38
2025.7.1 2:31:06.301,31.6,78.7,25.44
2025.7.1 2:31:07.299,30.8,80,25.5
2025.7.1 2:31:08.295,31.1,80,25.5
2025.7.1 2:31:09.303,31.3,78.4,25.5
2025.7.1 2:31:10.304,31.5,80.2,25.63
2025.7.1 2:31:11.297,31.6,77.1,25.56
2025.7.1 2:31:12.296,30.8,81.2,25.56
2025.7.1 2:31:13.308,31.3,79.6,25.56
2025.7.1 2:31:14.302,31.8,75.6,25.56
2025.7.1 2:31:15.299,31.6,77.5,25.63
2025.7.1 2:31:16.307,32.4,74.6,25.63
2025.7.1 2:31:17.304,31.9,75.3,25.69
2025.7.1 2:31:18.302,32.6,72.9,25.69
2025.7.1 2:31:19.316,32.4,71.5,25.69
2025.7.1 2:31:20.303,32.4,74.7,25.75
2025.7.1 2:31:21.312,32.8,72.2,25.75
2025.7.1 2:31:22.305,32.7,68.8,25.81
2025.7.1 2:31:23.304,33.1,67.2,25.81
2025.7.1 2:31:24.305,33,68.2,25.88
2025.7.1 2:31:25.319,33.1,67.2,25.88
2025.7.1 2:31:26.315,32.3,69.8,25.88
2025.7.1 2:31:27.312,32,71.2,25.94
2025.7.1 2:31:28.311,31.8,72.5,25.94
2025.7.1 2:31:29.323,31.6,74.4,25.94
2025.7.1 2:31:30.315,31.1,75.2,25.94
2025.7.1 2:31:31.325,31.8,75.9,25.94
2025.7.1 2:31:32.317,32,74.8,26
2025.7.1 2:31:33.325,31.1,78.1,26.06
2025.7.1 2:31:34.324,31.1,79,26
2025.7.1 2:31:35.318,31.6,78.8,26.06
2025.7.1 2:31:36.333,31.5,77,26.13
2025.7.1 2:31:37.321,30.9,77.8,26.06
2025.7.1 2:31:38.324,30.9,74.7,26.06
2025.7.1 2:31:39.325,30.8,78.3,26.13
2025.7.1 2:31:40.335,30.2,78,26.13
2025.7.1 2:31:41.326,30.2,78,26.13
2025.7.1 2:31:42.335,29.9,79.9,26.13
2025.7.1 2:31:43.325,29.7,81.1,26.13
2025.7.1 2:31:44.331,29.5,82.3,26.13
2025.7.1 2:31:45.328,28.8,86.7,26.13
2025.7.1 2:31:46.331,28.8,89.1,26.13
2025.7.1 2:31:47.343,28.9,87.3,26.13
2025.7.1 2:31:48.336,29.5,87.8,26.13
2025.7.1 2:31:49.336,28.9,88.9,26.13
2025.7.1 2:31:50.340,28.8,89.6,26.13
2025.7.1 2:31:51.338,28.7,90.5,26.13
2025.7.1 2:31:52.338,28.5,90.6,26.13
2025.7.1 2:31:53.340,28.4,91.3,26.13
2025.7.1 2:31:54.346,28.1,92.5,26.13
2025.7.1 2:31:55.337,28.2,92.3,26.06
2025.7.1 2:31:56.353,27.9,93.2,26.06
2025.7.1 2:31:57.343,27.9,93.8,26.06
2025.7.1 2:31:58.342,27.9,94.2,26.06
2025.7.1 2:31:59.347,28.2,94.7,26.06
2025.7.1 2:32:00.339,28.2,95.3,26.06
2025.7.1 2:32:01.343,28,95.9,26.06
2025.7.1 2:32:02.344,28,96.3,26.06
2025.7.1 2:32:03.349,27.9,96.9,26.06
2025.7.1 2:32:04.356,27.8,97.8,26.06
2025.7.1 2:32:05.347,27.6,98.2,26.06
2025.7.1 2:32:06.358,27.6,99.2,26.06
2025.7.1 2:32:07.350,27.5,99.9,26.06
2025.7.1 2:32:08.352,27.3,99.9,26
2025.7.1 2:32:09.353,27.2,99.9,26
2025.7.1 2:32:10.351,27.2,99.9,26
2025.7.1 2:32:11.355,27.2,99.9,26
2025.7.1 2:32:12.356,27.2,99.9,26
2025.7.1 2:32:13.358,27.1,99.9,26
2025.7.1 2:32:14.357,27.1,99.9,25.94
2025.7.1 2:32:15.371,27,99.9,26
2025.7.1 2:32:16.368,26.8,99.9,25.94
2025.7.1 2:32:17.372,26.6,99.9,25.94
2025.7.1 2:32:18.365,26.7,99.9,25.94
2025.7.1 2:32:19.375,26.5,99.9,25.94
2025.7.1 2:32:20.364,26.5,99.9,25.94
2025.7.1 2:32:21.376,26.6,99.9,25.88
2025.7.1 2:32:22.366,26.5,99.9,25.88
2025.7.1 2:32:23.369,26.4,99.9,25.88
2025.7.1 2:32:24.371,26.3,99.9,25.88
2025.7.1 2:32:25.368,26.4,99.9,25.88
2025.7.1 2:32:26.388,26.3,99.9,25.81
2025.7.1 2:32:27.372,26.2,99.9,25.88
2025.7.1 2:32:28.387,26.2,99.9,25.81
2025.7.1 2:32:29.373,26.2,99.9,25.81
2025.7.1 2:32:30.385,26,99.9,25.81
2025.7.1 2:32:31.389,25.9,99.9,25.81
2025.7.1 2:32:32.389,25.9,99.9,25.75
2025.7.1 2:32:33.379,25.8,99.9,25.81
2025.7.1 2:32:34.385,25.8,99.9,25.75
2025.7.1 2:32:35.380,25.5,99.9,25.75
2025.7.1 2:32:36.382,25.6,99.9,25.75
2025.7.1 2:32:37.380,25.6,99.9,25.75
2025.7.1 2:32:38.390,25.7,99.9,25.75
2025.7.1 2:32:39.384,25.7,99.9,25.75
2025.7.1 2:32:40.388,25.6,99.9,25.69
2025.7.1 2:32:41.386,25.4,99.9,25.69
2025.7.1 2:32:42.395,25.4,99.9,25.63
2025.7.1 2:32:43.398,25.5,99.9,25.63
2025.7.1 2:32:44.387,25.5,99.9,25.63
2025.7.1 2:32:45.388,25.1,99.9,25.63
2025.7.1 2:32:46.398,25.1,99.9,25.63
2025.7.1 2:32:47.392,25.1,99.9,25.63
2025.7.1 2:32:48.398,24.9,99.9,25.56
2025.7.1 2:32:49.391,25.1,99.9,25.56
2025.7.1 2:32:50.389,25,99.9,25.56
2025.7.1 2:32:51.406,25,99.9,25.56
2025.7.1 2:32:52.406,24.8,99.9,25.56
2025.7.1 2:32:53.407,24.8,99.9,25.5
2025.7.1 2:32:54.396,24.8,99.9,25.44
2025.7.1 2:32:55.406,24.8,99.9,25.44
2025.7.1 2:32:56.405,24.9,99.9,25.5
2025.7.1 2:32:57.402,24.9,99.9,25.44
2025.7.1 2:32:58.407,24.9,99.9,25.44
2025.7.1 2:32:59.404,24.8,99.9,25.44
2025.7.1 2:33:00.402,24.8,99.9,25.38
2025.7.1 2:33:01.418,24.8,99.9,25.44
2025.7.1 2:33:02.414,24.7,99.9,25.38
2025.7.1 2:33:03.425,24.7,99.9,25.38
2025.7.1 2:33:04.409,24.6,99.9,25.31
2025.7.1 2:33:05.419,24.5,99.9,25.38
2025.7.1 2:33:06.413,24.5,99.9,25.31
2025.7.1 2:33:07.422,24.6,99.9,25.38
2025.7.1 2:33:08.440,24.5,99.9,25.25
2025.7.1 2:33:09.423,24.5,99.9,25.19
2025.7.1 2:33:10.416,24.5,99.9,25.25
2025.7.1 2:33:11.430,24.5,99.9,25.25
2025.7.1 2:33:12.422,24.6,99.9,25.19
2025.7.1 2:33:13.430,24.4,99.9,25.25
2025.7.1 2:33:14.428,24.4,99.9,25.19
2025.7.1 2:33:15.427,24.4,99.9,25.19
2025.7.1 2:33:16.423,24.4,99.9,25.13
2025.7.1 2:33:17.423,24.4,99.9,25.19
2025.7.1 2:33:18.426,24.4,99.9,25.13
2025.7.1 2:33:19.433,24.5,99.9,25.13
2025.7.1 2:33:20.436,24.5,99.9,25.13
2025.7.1 2:33:21.425,24.4,99.9,25.06
2025.7.1 2:33:22.445,24.4,99.9,25.06
2025.7.1 2:33:23.426,24.3,99.9,25.06
2025.7.1 2:33:24.426,24.2,99.9,25.06
2025.7.1 2:33:25.437,24.2,99.9,25.06
2025.7.1 2:33:26.428,23.9,99.9,25.06
2025.7.1 2:33:27.437,24.1,99.9,25
2025.7.1 2:33:28.428,24.2,99.9,25
2025.7.1 2:33:29.441,24.2,99.9,24.94
2025.7.1 2:33:30.453,24.3,99.9,24.94
2025.7.1 2:33:31.444,24.3,99.9,24.94
2025.7.1 2:33:32.442,24.3,99.9,24.94
2025.7.1 2:33:33.438,24.4,99.9,24.88
2025.7.1 2:33:34.440,24.3,99.9,24.88
2025.7.1 2:33:35.444,24.3,99.9,24.88
2025.7.1 2:33:36.462,24.3,99.9,24.81
2025.7.1 2:33:37.442,24.2,99.9,24.88
2025.7.1 2:33:38.442,24.1,99.9,24.81
2025.7.1 2:33:39.452,23.9,99.9,24.81
2025.7.1 2:33:40.447,24.1,99.9,24.75
2025.7.1 2:33:41.457,23.9,99.9,24.81
2025.7.1 2:33:42.448,23.7,99.9,24.75
2025.7.1 2:33:43.447,23.9,99.9,24.75
2025.7.1 2:33:44.457,24,99.9,24.81
2025.7.1 2:33:45.467,24.1,99.9,24.69
2025.7.1 2:33:46.461,24.1,99.9,24.75
2025.7.1 2:33:47.465,24.1,99.9,24.69
2025.7.1 2:33:48.458,24.1,99.9,24.69
2025.7.1 2:33:49.470,24.1,99.9,24.69
2025.7.1 2:33:50.477,24,99.9,24.63
2025.7.1 2:33:51.457,23.9,99.9,24.63
2025.7.1 2:33:52.466,23.9,99.9,24.63
2025.7.1 2:33:53.466,23.9,99.9,24.63
2025.7.1 2:33:54.458,23.9,99.9,24.56
2025.7.1 2:33:55.462,24.1,99.9,24.56
2025.7.1 2:33:56.466,24.1,99.9,24.56
2025.7.1 2:33:57.464,24,99.9,24.5
2025.7.1 2:33:58.471,24,99.9,24.5
2025.7.1 2:33:59.472,24.2,99.9,24.5
2025.7.1 2:34:00.483,24.5,99.9,24.5
2025.7.1 2:34:01.477,24.5,99.9,24.5
2025.7.1 2:34:02.465,24.5,99.9,24.5
2025.7.1 2:34:03.479,24.7,99.9,24.5
2025.7.1 2:34:04.482,24.7,99.9,24.5
2025.7.1 2:34:05.475,25,99.9,24.44
2025.7.1 2:34:06.476,25.4,99.9,24.5
2025.7.1 2:34:07.477,26.6,99.9,24.5
2025.7.1 2:34:08.469,27.9,99.9,24.5
2025.7.1 2:34:09.489,27.5,99.9,24.5
2025.7.1 2:34:10.477,27.8,99.9,24.5
2025.7.1 2:34:11.494,28.5,99.9,24.5
2025.7.1 2:34:12.484,28.3,99.9,24.56
2025.7.1 2:34:13.488,27.1,99.9,24.63
2025.7.1 2:34:14.495,27.2,99.9,24.56
2025.7.1 2:34:15.493,27.2,99.9,24.56
2025.7.1 2:34:16.481,27,99.9,24.63
2025.7.1 2:34:17.479,28,99.9,24.63
2025.7.1 2:34:18.489,28.9,99.9,24.63
2025.7.1 2:34:19.482,29.2,99.9,24.63
2025.7.1 2:34:20.489,29.6,99.9,24.75
2025.7.1 2:34:21.488,28.4,99.9,24.69
2025.7.1 2:34:22.490,28.2,99.9,24.75
2025.7.1 2:34:23.493,27.9,99.9,24.69
2025.7.1 2:34:24.491,27.8,99.9,24.69
2025.7.1 2:34:25.490,27.3,99.9,24.75
2025.7.1 2:34:26.499,27.5,99.9,24.69
2025.7.1 2:34:27.492,27.7,99.9,24.81
2025.7.1 2:34:28.507,27.9,99.9,24.75
2025.7.1 2:34:29.496,27.9,99.9,24.75
2025.7.1 2:34:30.503,28.3,99.9,24.75
2025.7.1 2:34:31.501,28.7,99.9,24.75
2025.7.1 2:34:32.499,29.4,99.9,24.81
2025.7.1 2:34:33.507,29.9,96.5,24.81
2025.7.1 2:34:34.505,29.1,96.5,24.81
2025.7.1 2:34:35.499,29.5,95,24.88
2025.7.1 2:34:36.512,30.1,95.3,24.94
2025.7.1 2:34:37.512,30.5,91.7,24.94
2025.7.1 2:34:38.513,29.9,93.7,24.94
2025.7.1 2:34:39.515,29.9,93.4,25
2025.7.1 2:34:40.513,29.7,94.9,25
2025.7.1 2:34:41.513,30.2,93.5,25
2025.7.1 2:34:42.513,30.3,90.8,25.06
2025.7.1 2:34:43.509,30.7,91.5,25.06
2025.7.1 2:34:44.505,30.6,92.5,25.13
2025.7.1 2:34:45.522,31.6,87.2,25.19
2025.7.1 2:34:46.519,30.5,90.7,25.13
2025.7.1 2:34:47.517,30.3,91.7,25.19
2025.7.1 2:34:48.517,32.1,80.5,25.19
2025.7.1 2:34:49.514,32.8,78.3,25.25
2025.7.1 2:34:50.529,31.6,81,25.25
2025.7.1 2:34:51.525,32.1,76.8,25.31
2025.7.1 2:34:52.515,32.9,73.5,25.31
2025.7.1 2:34:53.525,33.2,69.2,25.44
2025.7.1 2:34:54.518,33.2,69.4,25.44
2025.7.1 2:34:55.541,33.2,72.7,25.44
2025.7.1 2:34:56.523,31.8,78.2,25.5
2025.7.1 2:34:57.520,31.9,77,25.5
2025.7.1 2:34:58.525,32.6,76.1,25.56
2025.7.1 2:34:59.528,32.9,72.5,25.56
2025.7.1 2:35:00.525,33.5,71.1,25.63
2025.7.1 2:35:01.532,33.6,67.7,25.69
2025.7.1 2:35:02.536,34.3,67,25.69
2025.7.1 2:35:03.523,34.4,66.2,25.75
2025.7.1 2:35:04.546,33,70.7,25.81
2025.7.1 2:35:05.532,33.7,70.7,25.81
2025.7.1 2:35:06.535,34.3,65.5,25.81
2025.7.1 2:35:07.547,33.8,65.7,25.88
2025.7.1 2:35:08.534,32.8,69.3,25.94
2025.7.1 2:35:09.539,32.9,68.8,25.94
2025.7.1 2:35:10.538,32.9,67.5,25.94
2025.7.1 2:35:11.535,33.5,65.2,26
2025.7.1 2:35:12.542,33,66.3,26
2025.7.1 2:35:13.547,32.8,69.1,26.06
2025.7.1 2:35:14.539,33.8,69.9,26
2025.7.1 2:35:15.552,34.1,66.6,26.13
2025.7.1 2:35:16.542,34.2,65.5,26.13
2025.7.1 2:35:17.557,34,64.9,26.13
2025.7.1 2:35:18.555,34,65.9,26.19
2025.7.1 2:35:19.542,33,67.1,26.25
2025.7.1 2:35:20.551,31.8,73.7,26.31
2025.7.1 2:35:21.555,31.2,75.1,26.19
2025.7.1 2:35:22.550,30.7,79.3,26.19
2025.7.1 2:35:23.550,30.2,81.9,26.25
2025.7.1 2:35:24.551,30,85.6,26.19
2025.7.1 2:35:25.544,29.9,88.7,26.19
2025.7.1 2:35:26.553,29.6,90.8,26.19
2025.7.1 2:35:27.559,29.7,91.4,26.13
2025.7.1 2:35:28.568,29.4,92.1,26.19
2025.7.1 2:35:29.556,29.1,93,26.13
2025.7.1 2:35:30.551,28.6,94.1,26.13
2025.7.1 2:35:31.557,28.1,93.3,26.13
2025.7.1 2:35:32.557,27.9,93.2,26.06
2025.7.1 2:35:33.552,27.9,93.8,26.13
2025.7.1 2:35:34.570,27.7,93.9,26.06
2025.7.1 2:35:35.559,27.6,95.2,26.06
2025.7.1 2:35:36.556,27.5,95.5,26.06
2025.7.1 2:35:37.571,27.3,97.1,26
2025.7.1 2:35:38.561,27.2,97.8,26
2025.7.1 2:35:39.585,26.8,98.6,26
2025.7.1 2:35:40.573,26.8,99.4,26
2025.7.1 2:35:41.563,26.8,99.9,25.94
2025.7.1 2:35:42.572,26.3,99.9,25.88
2025.7.1 2:35:43.571,26.3,99.9,25.94
2025.7.1 2:35:44.573,26.3,99.9,25.88
2025.7.1 2:35:45.565,26.4,99.9,25.88
2025.7.1 2:35:46.571,26.5,99.9,25.81
2025.7.1 2:35:47.568,26.5,99.9,25.81
2025.7.1 2:35:48.576,26.3,99.9,25.75
2025.7.1 2:35:49.575,26.4,99.9,25.81
2025.7.1 2:35:50.592,26.5,99.9,25.81
2025.7.1 2:35:51.579,26.3,99.9,25.75
2025.7.1 2:35:52.584,26.3,99.9,25.75
2025.7.1 2:35:53.591,26.1,99.9,25.69
2025.7.1 2:35:54.583,26.1,99.9,25.69
2025.7.1 2:35:55.585,25.9,99.9,25.69
2025.7.1 2:35:56.589,25.9,99.9,25.63
2025.7.1 2:35:57.582,25.9,99.9,25.63
2025.7.1 2:35:58.593,25.8,99.9,25.56
2025.7.1 2:35:59.589,25.7,99.9,25.63
2025.7.1 2:36:00.593,25.9,99.9,25.56
2025.7.1 2:36:01.603,25.8,99.9,25.56
2025.7.1 2:36:02.592,25.7,99.9,25.5
2025.7.1 2:36:03.587,25.6,99.9,25.5
2025.7.1 2:36:04.595,25.7,99.9,25.44
2025.7.1 2:36:05.592,25.6,99.9,25.5
2025.7.1 2:36:06.598,25.6,99.9,25.44
2025.7.1 2:36:07.601,25.5,99.9,25.44
2025.7.1 2:36:08.600,25.4,99.9,25.38
2025.7.1 2:36:09.606,25.3,99.9,25.38
2025.7.1 2:36:10.599,25.4,99.9,25.38
2025.7.1 2:36:11.597,25.5,99.9,25.38
2025.7.1 2:36:12.616,25.5,99.9,25.38
2025.7.1 2:36:13.601,25.5,99.9,25.31
2025.7.1 2:36:14.608,25.5,99.9,25.31
2025.7.1 2:36:15.615,25.4,99.9,25.31
2025.7.1 2:36:16.601,25.6,99.9,25.31
2025.7.1 2:36:17.614,25.5,99.9,25.31
2025.7.1 2:36:18.615,25.5,99.9,25.31
2025.7.1 2:36:19.598,25.4,99.9,25.25
2025.7.1 2:36:20.614,25.4,99.9,25.25
2025.7.1 2:36:21.609,25.3,99.9,25.25
2025.7.1 2:36:22.602,25.3,99.9,25.25
2025.7.1 2:36:23.615,25.3,99.9,25.19
2025.7.1 2:36:24.611,25.4,99.9,25.19
2025.7.1 2:36:25.615,25.4,99.9,25.13
2025.7.1 2:36:26.620,25.4,99.9,25.13
2025.7.1 2:36:27.613,25.3,99.9,25.13
2025.7.1 2:36:28.617,25.3,99.9,25.13
2025.7.1 2:36:29.619,25.2,99.9,25.13
2025.7.1 2:36:30.614,25.2,99.9,25.13
2025.7.1 2:36:31.625,25.2,99.9,25.13
2025.7.1 2:36:32.628,25.1,99.9,25.06
2025.7.1 2:36:33.637,25.1,99.9,25
2025.7.1 2:36:34.636,25,99.9,25
2025.7.1 2:36:35.621,24.9,99.9,25.06
2025.7.1 2:36:36.617,24.6,99.9,25
2025.7.1 2:36:37.634,24.3,99.9,25
2025.7.1 2:36:38.623,24.3,99.9,25
2025.7.1 2:36:39.641,24.2,99.9,25
2025.7.1 2:36:40.640,24.3,99.9,24.94
2025.7.1 2:36:41.625,23.9,99.9,25
2025.7.1 2:36:42.646,23.5,99.9,25
2025.7.1 2:36:43.630,23.2,99.9,24.94
2025.7.1 2:36:44.643,23,99.9,24.94
2025.7.1 2:36:45.645,23.1,99.9,24.94
2025.7.1 2:36:46.631,22.8,99.9,24.94
2025.7.1 2:36:47.636,23,99.9,24.88
2025.7.1 2:36:48.651,23.3,99.9,24.88
2025.7.1 2:36:49.634,23.2,99.9,24.88
2025.7.1 2:36:50.651,23.1,99.9,24.81
2025.7.1 2:36:51.649,23.2,99.9,24.81
2025.7.1 2:36:52.635,23.1,99.9,24.88
2025.7.1 2:36:53.640,23.3,99.9,24.81
2025.7.1 2:36:54.641,23.2,99.9,24.81
2025.7.1 2:36:55.636,23,99.9,24.75
2025.7.1 2:36:56.654,23.1,99.9,24.81
2025.7.1 2:36:57.644,23.1,99.9,24.75
2025.7.1 2:36:58.658,23.1,99.9,24.75
2025.7.1 2:36:59.648,22.9,99.9,24.69
2025.7.1 2:37:00.644,23,99.9,24.69
2025.7.1 2:37:01.655,23,99.9,24.69
2025.7.1 2:37:02.651,22.9,99.9,24.69
2025.7.1 2:37:03.645,23.1,99.9,24.63
2025.7.1 2:37:04.666,22.9,99.9,24.63
2025.7.1 2:37:05.660,22.9,99.9,24.63
2025.7.1 2:37:06.654,23,99.9,24.63
2025.7.1 2:37:07.655,22.9,99.9,24.56
2025.7.1 2:37:08.652,22.8,99.9,24.56
2025.7.1 2:37:09.660,22.8,99.9,24.63
2025.7.1 2:37:10.665,22.6,99.9,24.56
2025.7.1 2:37:11.661,22.4,99.9,24.5
2025.7.1 2:37:12.670,22.3,99.9,24.56
2025.7.1 2:37:13.663,22.3,99.9,24.5
2025.7.1 2:37:14.662,21.9,99.9,24.5
2025.7.1 2:37:15.671,22.1,99.9,24.44
2025.7.1 2:37:16.660,22,99.9,24.44
2025.7.1 2:37:17.667,22,99.9,24.44
2025.7.1 2:37:18.683,21.9,99.9,24.38
2025.7.1 2:37:19.664,21.9,99.9,24.38
2025.7.1 2:37:20.684,22,99.9,24.31
2025.7.1 2:37:21.678,21.9,99.9,24.31
2025.7.1 2:37:22.675,21.8,99.9,24.31
2025.7.1 2:37:23.680,21.8,99.9,24.25
2025.7.1 2:37:24.675,21.9,99.9,24.25
2025.7.1 2:37:25.666,21.9,99.9,24.25
2025.7.1 2:37:26.686,21.9,99.9,24.25
2025.7.1 2:37:27.675,21.9,99.9,24.19
2025.7.1 2:37:28.674,22.1,99.9,24.13
2025.7.1 2:37:29.691,22.1,99.9,24.19
2025.7.1 2:37:30.681,22.1,99.9,24.19
2025.7.1 2:37:31.693,22.2,99.9,24.13
2025.7.1 2:37:32.686,22.1,99.9,24.13
2025.7.1 2:37:33.678,22.2,99.9,24.13
2025.7.1 2:37:34.683,22.2,99.9,24.06
2025.7.1 2:37:35.691,22,99.9,24.06
2025.7.1 2:37:36.682,22.1,99.9,24
2025.7.1 2:37:37.695,22.1,99.9,24.06
2025.7.1 2:37:38.695,22,99.9,24
2025.7.1 2:37:39.685,22.1,99.9,24.06
2025.7.1 2:37:40.692,22.3,99.9,24
2025.7.1 2:37:41.693,22.1,99.9,23.94
2025.7.1 2:37:42.701,21.9,99.9,23.94
2025.7.1 2:37:43.701,21.7,99.9,23.94
2025.7.1 2:37:44.696,21.9,99.9,23.94
2025.7.1 2:37:45.703,22,99.9,23.94
2025.7.1 2:37:46.697,22.1,99.9,23.88
2025.7.1 2:37:47.698,22,99.9,23.88
2025.7.1 2:37:48.705,22,99.9,23.88
2025.7.1 2:37:49.696,22.1,99.9,23.94
2025.7.1 2:37:50.689,22.1,99.9,23.81
2025.7.1 2:37:51.711,22.3,99.9,23.88
2025.7.1 2:37:52.701,22.3,99.9,23.81
2025.7.1 2:37:53.707,23,99.9,23.81
2025.7.1 2:37:54.705,23.9,99.9,23.81
2025.7.1 2:37:55.706,23.4,99.9,23.81
2025.7.1 2:37:56.713,23,99.9,23.75
2025.7.1 2:37:57.705,22.6,99.9,23.81
2025.7.1 2:37:58.698,22.7,99.9,23.75
2025.7.1 2:37:59.712,22.6,99.9,23.75
2025.7.1 2:38:00.713,23.1,99.9,23.75
2025.7.1 2:38:01.708,23.1,99.9,23.75
2025.7.1 2:38:02.718,23,99.9,23.75
2025.7.1 2:38:03.703,23.3,99.9,23.75
2025.7.1 2:38:04.715,23.5,99.9,23.75
2025.7.1 2:38:05.712,23.4,99.9,23.75
2025.7.1 2:38:06.707,23.5,99.9,23.75
2025.7.1 2:38:07.709,23.5,99.9,23.69
2025.7.1 2:38:08.714,23.9,99.9,23.69
2025.7.1 2:38:09.707,25.4,99.9,23.75
2025.7.1 2:38:10.716,27.2,99.9,23.75
2025.7.1 2:38:11.716,27.4,99.9,23.75
2025.7.1 2:38:12.724,26.8,99.9,23.75
2025.7.1 2:38:13.718,26.4,99.9,23.75
2025.7.1 2:38:14.723,26.2,99.9,23.75
2025.7.1 2:38:15.725,26.9,99.9,23.88
2025.7.1 2:38:16.718,27.1,99.9,23.81
2025.7.1 2:38:17.716,26.4,99.9,23.81
2025.7.1 2:38:18.736,26.6,99.9,23.81
2025.7.1 2:38:19.723,27.4,99.9,23.88
2025.7.1 2:38:20.726,27.5,99.9,23.88
2025.7.1 2:38:21.725,27.5,99.9,23.94
2025.7.1 2:38:22.722,27.4,99.9,23.88
2025.7.1 2:38:23.728,27.5,99.9,23.94
2025.7.1 2:38:24.731,28.2,99.9,23.94
2025.7.1 2:38:25.720,28.2,99.9,24
2025.7.1 2:38:26.742,28.8,99.2,24
2025.7.1 2:38:27.746,29,98.1,24.06
2025.7.1 2:38:28.730,29,98.8,24.06
2025.7.1 2:38:29.746,28.7,97.6,24.13
2025.7.1 2:38:30.731,29.3,99.9,24.13
2025.7.1 2:38:31.743,29.7,97.9,24.19
2025.7.1 2:38:32.739,28.8,93.1,24.19
2025.7.1 2:38:33.745,29.6,97.9,24.25
2025.7.1 2:38:34.751,30.1,93.2,24.31
2025.7.1 2:38:35.742,29.5,91.7,24.31
2025.7.1 2:38:36.747,30,95.8,24.38
2025.7.1 2:38:37.748,29.6,95.5,24.38
2025.7.1 2:38:38.743,29.5,96.4,24.38
2025.7.1 2:38:39.762,29.3,96,24.44
2025.7.1 2:38:40.749,29.3,98.5,24.44
2025.7.1 2:38:41.744,29.1,95,24.5
2025.7.1 2:38:42.753,29.6,96.6,24.5
2025.7.1 2:38:43.751,29.9,94.5,24.56
2025.7.1 2:38:44.748,30.3,96.4,24.63
2025.7.1 2:38:45.757,30.1,92.8,24.63
2025.7.1 2:38:46.755,29.8,92.1,24.63
2025.7.1 2:38:47.749,29.9,90.2,24.69
2025.7.1 2:38:48.769,30.1,90,24.69
2025.7.1 2:38:49.754,31.4,88.9,24.75
2025.7.1 2:38:50.772,31.2,85.6,24.81
2025.7.1 2:38:51.761,30.2,87.8,24.81
2025.7.1 2:38:52.757,29.6,90.3,24.81
2025.7.1 2:38:53.765,30.1,91.8,24.81
2025.7.1 2:38:54.762,30.7,92,24.88
2025.7.1 2:38:55.756,30.4,91.7,24.94
2025.7.1 2:38:56.766,30.9,86.3,24.94
2025.7.1 2:38:57.766,31.5,86.6,25
2025.7.1 2:38:58.762,31.4,87,25
2025.7.1 2:38:59.771,31.5,84,25.06
2025.7.1 2:39:00.764,30.8,83,25.06
2025.7.1 2:39:01.777,30.6,90.2,25.13
2025.7.1 2:39:02.781,30.6,87.9,25.13
2025.7.1 2:39:03.768,30.3,90.7,25.19
2025.7.1 2:39:04.766,29.5,92,25.13
2025.7.1 2:39:05.774,28.9,94.1,25.19
2025.7.1 2:39:06.773,28.8,96.2,25.13
2025.7.1 2:39:07.779,28.4,97.9,25.13
2025.7.1 2:39:08.786,28.6,96.7,25.13
2025.7.1 2:39:09.784,28.8,95.3,25.13
2025.7.1 2:39:10.779,29.7,93.5,25.19
2025.7.1 2:39:11.777,29.9,92.8,25.19
2025.7.1 2:39:12.788,30.7,90.8,25.19
2025.7.1 2:39:13.782,31,87.1,25.25
2025.7.1 2:39:14.785,31.6,86.9,25.25
2025.7.1 2:39:15.782,32,79.1,25.31
2025.7.1 2:39:16.786,31.9,82.2,25.38
2025.7.1 2:39:17.797,31.3,85.8,25.31
2025.7.1 2:39:18.793,31,89.7,25.38
2025.7.1 2:39:19.789,31.1,88,25.38
2025.7.1 2:39:20.796,30,90.8,25.44
2025.7.1 2:39:21.794,31,86.9,25.38
2025.7.1 2:39:22.789,30.7,88.1,25.44
2025.7.1 2:39:23.790,29.5,92,25.44
2025.7.1 2:39:24.795,29.4,92.3,25.5
2025.7.1 2:39:25.793,29.1,92.4,25.44
2025.7.1 2:39:26.798,29.3,92.5,25.44
2025.7.1 2:39:27.797,29.7,91.6,25.44
2025.7.1 2:39:28.800,29.1,93.1,25.5
2025.7.1 2:39:29.808,28,96.1,25.44
2025.7.1 2:39:30.804,28.2,97.2,25.5
2025.7.1 2:39:31.800,27.9,98.3,25.5
2025.7.1 2:39:32.803,27.8,99.6,25.44
2025.7.1 2:39:33.812,27.8,99.9,25.5
2025.7.1 2:39:34.812,27.8,99.9,25.44
2025.7.1 2:39:35.807,28.4,98.6,25.44
2025.7.1 2:39:36.815,28.8,97,25.5
2025.7.1 2:39:37.814,28.8,95.7,25.5
2025.7.1 2:39:38.819,28.7,95.5,25.5
2025.7.1 2:39:39.810,28.8,95.7,25.5
2025.7.1 2:39:40.822,28.2,95.5,25.5
2025.7.1 2:39:41.812,27.4,98.9,25.5
2025.7.1 2:39:42.815,27.1,99.9,25.5
2025.7.1 2:39:43.825,27,99.9,25.44
2025.7.1 2:39:44.826,26.8,99.9,25.44
2025.7.1 2:39:45.826,26.6,99.9,25.44
2025.7.1 2:39:46.820,26.6,99.9,25.44
2025.7.1 2:39:47.822,26.7,99.9,25.44
2025.7.1 2:39:48.821,26.6,99.9,25.44
2025.7.1 2:39:49.824,26.4,99.9,25.38
2025.7.1 2:39:50.825,26.2,99.9,25.38
2025.7.1 2:39:51.824,26,99.9,25.31
2025.7.1 2:39:52.836,25.7,99.9,25.31
2025.7.1 2:39:53.826,25.6,99.9,25.38
2025.7.1 2:39:54.827,25.5,99.9,25.31
2025.7.1 2:39:55.827,25.3,99.9,25.25
2025.7.1 2:39:56.832,25.2,99.9,25.25
2025.7.1 2:39:57.830,25.4,99.9,25.25
2025.7.1 2:39:58.834,25.3,99.9,25.19
2025.7.1 2:39:59.833,24.8,99.9,25.19
2025.7.1 2:40:00.836,24.7,99.9,25.19
2025.7.1 2:40:01.842,24.4,99.9,25.19
2025.7.1 2:40:02.847,24.3,99.9,25.13
2025.7.1 2:40:03.845,24.1,99.9,25.13
2025.7.1 2:40:04.839,23.7,99.9,25.13
2025.7.1 2:40:05.842,23.6,99.9,25.06
2025.7.1 2:40:06.845,23.6,99.9,25.06
2025.7.1 2:40:07.855,23.7,99.9,25.06
2025.7.1 2:40:08.850,23.5,99.9,25.06
2025.7.1 2:40:09.847,23.2,99.9,25.06
2025.7.1 2:40:10.847,23.1,99.9,25
2025.7.1 2:40:11.850,23.2,99.9,25
2025.7.1 2:40:12.851,23.3,99.9,24.94
2025.7.1 2:40:13.858,23.3,99.9,24.88
2025.7.1 2:40:14.851,23.1,99.9,24.94
2025.7.1 2:40:15.852,22.8,99.9,24.88
2025.7.1 2:40:16.853,22.7,99.9,24.81
2025.7.1 2:40:17.868,22.6,99.9,24.88
2025.7.1 2:40:18.862,22.5,99.9,24.81
2025.7.1 2:40:19.858,22.5,99.9,24.81
2025.7.1 2:40:20.857,22.5,99.9,24.75
2025.7.1 2:40:21.858,22.4,99.9,24.75
2025.7.1 2:40:22.872,22.3,99.9,24.75
2025.7.1 2:40:23.857,22.4,99.9,24.69
2025.7.1 2:40:24.866,22.6,99.9,24.69
2025.7.1 2:40:25.859,22.7,99.9,24.69
2025.7.1 2:40:26.863,22.7,99.9,24.63
2025.7.1 2:40:27.868,22.4,99.9,24.69
2025.7.1 2:40:28.874,22.4,99.9,24.63
2025.7.1 2:40:29.869,22.7,99.9,24.63
2025.7.1 2:40:30.875,22.3,99.9,24.63
2025.7.1 2:40:31.882,22.4,99.9,24.63
2025.7.1 2:40:32.869,22.2,99.9,24.56
2025.7.1 2:40:33.872,22.2,99.9,24.56
2025.7.1 2:40:34.870,22.2,99.9,24.5
2025.7.1 2:40:35.874,22.3,99.9,24.56
2025.7.1 2:40:36.884,22.4,99.9,24.56
2025.7.1 2:40:37.881,22.7,99.9,24.5
2025.7.1 2:40:38.876,22.7,99.9,24.5
2025.7.1 2:40:39.880,22.6,99.9,24.5
2025.7.1 2:40:40.877,22.7,99.9,24.5
2025.7.1 2:40:41.880,22.7,99.9,24.44
2025.7.1 2:40:42.883,22.6,99.9,24.44
2025.7.1 2:40:43.881,22.5,99.9,24.44
2025.7.1 2:40:44.885,22.5,99.9,24.44
2025.7.1 2:40:45.885,22.6,99.9,24.38
2025.7.1 2:40:46.886,22.5,99.9,24.38
2025.7.1 2:40:47.888,22.5,99.9,24.31
2025.7.1 2:40:48.886,22.6,99.9,24.31
2025.7.1 2:40:49.886,22.4,99.9,24.31
2025.7.1 2:40:50.892,22.2,99.9,24.31
2025.7.1 2:40:51.899,22.1,99.9,24.25
2025.7.1 2:40:52.903,22.2,99.9,24.31
2025.7.1 2:40:53.892,22.2,99.9,24.25
2025.7.1 2:40:54.901,22.2,99.9,24.25
2025.7.1 2:40:55.893,22.2,99.9,24.25
2025.7.1 2:40:56.897,22.1,99.9,24.19
2025.7.1 2:40:57.898,22,99.9,24.19
2025.7.1 2:40:58.898,22.1,99.9,24.19
2025.7.1 2:40:59.906,22,99.9,24.19
2025.7.1 2:41:00.898,21.9,99.9,24.13
2025.7.1 2:41:01.908,21.8,99.9,24.13
2025.7.1 2:41:02.906,22,99.9,24.13
2025.7.1 2:41:03.902,22,99.9,24.13
2025.7.1 2:41:04.914,22,99.9,24.06
2025.7.1 2:41:05.906,22,99.9,24.06
2025.7.1 2:41:06.913,22,99.9,24.06
2025.7.1 2:41:07.917,22,99.9,24.06
2025.7.1 2:41:08.915,22,99.9,24
2025.7.1 2:41:09.910,21.9,99.9,24
2025.7.1 2:41:10.913,22,99.9,24
2025.7.1 2:41:11.912,22,99.9,23.94
2025.7.1 2:41:12.915,21.7,99.9,23.94
2025.7.1 2:41:13.922,21.6,99.9,23.94
2025.7.1 2:41:14.926,21.5,99.9,23.88
2025.7.1 2:41:15.917,21.9,99.9,23.88
2025.7.1 2:41:16.921,22,99.9,23.88
2025.7.1 2:41:17.918,22,99.9,23.81
2025.7.1 2:41:18.920,22,99.9,23.81
2025.7.1 2:41:19.923,21.8,99.9,23.81
2025.7.1 2:41:20.920,21.8,99.9,23.81
2025.7.1 2:41:21.922,22,99.9,23.75
2025.7.1 2:41:22.925,22,99.9,23.75
2025.7.1 2:41:23.924,22,99.9,23.75
2025.7.1 2:41:24.925,21.9,99.9,23.69
2025.7.1 2:41:25.924,21.9,99.9,23.75
2025.7.1 2:41:26.935,21.9,99.9,23.75
2025.7.1 2:41:27.926,21.8,99.9,23.75
2025.7.1 2:41:28.928,21.6,99.9,23.69
2025.7.1 2:41:29.940,21.4,99.9,23.69
2025.7.1 2:41:30.933,21.4,99.9,23.69
2025.7.1 2:41:31.932,21.5,99.9,23.69
2025.7.1 2:41:32.931,21.5,99.9,23.63
2025.7.1 2:41:33.931,21.6,99.9,23.63
2025.7.1 2:41:34.937,21.7,99.9,23.63
2025.7.1 2:41:35.933,21.7,99.9,23.56
2025.7.1 2:41:36.938,21.7,99.9,23.56
2025.7.1 2:41:37.941,21.6,99.9,23.56
2025.7.1 2:41:38.939,21.6,99.9,23.56
2025.7.1 2:41:39.940,21.6,99.9,23.5
2025.7.1 2:41:40.958,21.6,99.9,23.56
2025.7.1 2:41:41.943,21.6,99.9,23.5
2025.7.1 2:41:42.947,21.6,99.9,23.5
2025.7.1 2:41:43.944,21.6,99.9,23.5
2025.7.1 2:41:44.950,21.5,99.9,23.5
2025.7.1 2:41:45.953,21.5,99.9,23.44
2025.7.1 2:41:46.950,21.4,99.9,23.44
2025.7.1 2:41:47.951,21.4,99.9,23.44
2025.7.1 2:41:48.955,21.4,99.9,23.38
2025.7.1 2:41:49.955,21.5,99.9,23.38
2025.7.1 2:41:50.955,21.6,99.9,23.44
2025.7.1 2:41:51.955,21.8,99.9,23.38
2025.7.1 2:41:52.954,21.6,99.9,23.38
2025.7.1 2:41:53.959,21.7,99.9,23.31
2025.7.1 2:41:54.959,21.8,99.9,23.31
2025.7.1 2:41:55.962,21.8,99.9,23.38
2025.7.1 2:41:56.958,21.6,99.9,23.38
2025.7.1 2:41:57.961,21.6,99.9,23.31
2025.7.1 2:41:58.967,22,99.9,23.25
2025.7.1 2:41:59.964,22.2,99.9,23.25
2025.7.1 2:42:00.970,22.4,99.9,23.31
2025.7.1 2:42:01.966,22.5,99.9,23.25
2025.7.1 2:42:02.968,22.7,99.9,23.31
2025.7.1 2:42:03.968,22.7,99.9,23.25
2025.7.1 2:42:04.980,22.7,99.9,23.25
2025.7.1 2:42:05.972,22.9,99.9,23.25
2025.7.1 2:42:06.977,23.1,99.9,23.25
2025.7.1 2:42:07.971,23.3,99.9,23.19
2025.7.1 2:42:08.971,24.2,99.9,23.25
2025.7.1 2:42:09.972,25.6,99.9,23.25
2025.7.1 2:42:10.974,25.8,99.9,23.25
2025.7.1 2:42:11.976,26.8,99.9,23.31
2025.7.1 2:42:12.976,27.5,99.9,23.38
2025.7.1 2:42:13.984,28.2,99.9,23.38
2025.7.1 2:42:14.979,28.3,99.9,23.44
2025.7.1 2:42:15.980,28.4,99.9,23.38
2025.7.1 2:42:16.983,28,99.9,23.44
2025.7.1 2:42:17.982,27.7,99.9,23.44
2025.7.1 2:42:18.986,27.2,99.9,23.5
2025.7.1 2:42:19.982,27.2,99.9,23.5
2025.7.1 2:42:20.994,27.4,99.9,23.44
2025.7.1 2:42:21.984,27.1,99.9,23.5
2025.7.1 2:42:22.987,27.1,99.9,23.56
2025.7.1 2:42:23.986,27.1,99.9,23.63
2025.7.1 2:42:24.988,26.5,99.9,23.5
2025.7.1 2:42:25.990,26.5,99.9,23.56
2025.7.1 2:42:26.991,26.9,99.9,23.63
2025.7.1 2:42:27.994,26.9,99.9,23.63
2025.7.1 2:42:28.993,27.3,99.9,23.63
2025.7.1 2:42:29.993,27.6,99.9,23.69
2025.7.1 2:42:30.993,28,99.9,23.69
2025.7.1 2:42:31.995,28.3,99.9,23.69
2025.7.1 2:42:32.996,29.1,99.9,23.75
2025.7.1 2:42:33.997,29.6,99.9,23.81
2025.7.1 2:42:35.006,29.3,99.5,23.81
2025.7.1 2:42:35.999,28.8,97.6,23.88
2025.7.1 2:42:37.009,29.3,94.9,23.88
2025.7.1 2:42:38.011,29.9,91.2,23.94
2025.7.1 2:42:39.002,29.7,93.1,23.94
2025.7.1 2:42:40.005,29,95.9,23.94
2025.7.1 2:42:41.003,28.3,97.3,23.94
2025.7.1 2:42:42.007,28.6,98.8,24
2025.7.1 2:42:43.004,28.6,96.3,24.06
2025.7.1 2:42:44.010,28.6,98.5,24.13
2025.7.1 2:42:45.015,29.4,95,24.06
2025.7.1 2:42:46.010,29.7,92.4,24.06
2025.7.1 2:42:47.011,29.6,93.1,24.13
2025.7.1 2:42:48.021,29,93.2,24.19
2025.7.1 2:42:49.015,29.5,92.6,24.25
2025.7.1 2:42:50.016,30.4,89.8,24.19
2025.7.1 2:42:51.017,30.3,88.1,24.25
2025.7.1 2:42:52.018,30.1,89.9,24.31
2025.7.1 2:42:53.028,30.4,88.5,24.31
2025.7.1 2:42:54.029,30.2,87.6,24.38
2025.7.1 2:42:55.021,29.8,86,24.38
2025.7.1 2:42:56.024,30.3,83.4,24.38
2025.7.1 2:42:57.026,29.8,86.8,24.44
2025.7.1 2:42:58.023,29.2,85,24.44
2025.7.1 2:42:59.027,28.3,91.5,24.44
2025.7.1 2:43:00.035,28.5,93.5,24.44
2025.7.1 2:43:01.040,28.1,93.4,24.44
2025.7.1 2:43:02.031,28.7,90.7,24.44
2025.7.1 2:43:03.032,30.3,80.4,24.5
2025.7.1 2:43:04.032,31.1,76.5,24.56
2025.7.1 2:43:05.035,31.3,78.2,24.63
2025.7.1 2:43:06.037,30.8,81.6,24.63
2025.7.1 2:43:07.036,31.5,75.3,24.69
2025.7.1 2:43:08.046,30.5,79.8,24.69
2025.7.1 2:43:09.047,29.5,83.7,24.69
2025.7.1 2:43:10.042,28.6,85.7,24.69
2025.7.1 2:43:11.040,28.1,89.7,24.69
2025.7.1 2:43:12.044,27.9,91.2,24.69
2025.7.1 2:43:13.044,27.6,96,24.69
2025.7.1 2:43:14.053,26.4,99.9,24.69
2025.7.1 2:43:15.047,25.8,99.9,24.69
2025.7.1 2:43:16.053,25,99.9,24.69
2025.7.1 2:43:17.050,24.2,99.9,24.69
2025.7.1 2:43:18.048,23.2,99.9,24.63
2025.7.1 2:43:19.060,23.1,99.9,24.63
2025.7.1 2:43:20.049,22.6,99.9,24.56
2025.7.1 2:43:21.051,22.7,99.9,24.56
2025.7.1 2:43:22.052,22.6,99.9,24.56
2025.7.1 2:43:23.053,22.8,99.9,24.56
2025.7.1 2:43:24.055,22.9,99.9,24.56
2025.7.1 2:43:25.064,23.9,99.9,24.5
2025.7.1 2:43:26.054,24.4,99.9,24.56
2025.7.1 2:43:27.058,24.2,99.9,24.5
2025.7.1 2:43:28.062,24.3,99.9,24.5
2025.7.1 2:43:29.062,24.5,99.9,24.5
2025.7.1 2:43:30.062,24.7,99.9,24.5
2025.7.1 2:43:31.063,24.8,99.9,24.5
2025.7.1 2:43:32.079,24.7,99.9,24.5
2025.7.1 2:43:33.067,24.4,99.9,24.5
2025.7.1 2:43:34.077,24.4,99.9,24.5
2025.7.1 2:43:35.077,24.3,99.9,24.5
2025.7.1 2:43:36.069,24.3,99.9,24.44
2025.7.1 2:43:37.070,24.3,99.9,24.5
2025.7.1 2:43:38.071,24.3,99.9,24.5
2025.7.1 2:43:39.070,24.3,99.9,24.44
2025.7.1 2:43:40.080,24.3,99.9,24.5
2025.7.1 2:43:41.077,24.1,99.9,24.44
2025.7.1 2:43:42.074,24.1,99.9,24.44
2025.7.1 2:43:43.077,24,99.9,24.44
2025.7.1 2:43:44.079,23.9,99.9,24.44
2025.7.1 2:43:45.099,23.7,99.9,24.44
2025.7.1 2:43:46.099,23.6,99.9,24.44
2025.7.1 2:43:47.085,23.6,99.9,24.38
2025.7.1 2:43:48.093,23.4,99.9,24.38
2025.7.1 2:43:49.094,23.4,99.9,24.38
2025.7.1 2:43:50.092,23.3,99.9,24.38
2025.7.1 2:43:51.110,23.3,99.9,24.38
2025.7.1 2:43:52.099,23.3,99.9,24.31
2025.7.1 2:43:53.090,23.2,99.9,24.31
2025.7.1 2:43:54.098,23.1,99.9,24.25
2025.7.1 2:43:55.093,23.1,99.9,24.25
2025.7.1 2:43:56.092,23.1,99.9,24.25
2025.7.1 2:43:57.094,23,99.9,24.25
2025.7.1 2:43:58.092,22.9,99.9,24.25
2025.7.1 2:43:59.107,22.9,99.9,24.25
2025.7.1 2:44:00.100,22.7,99.9,24.19
2025.7.1 2:44:01.102,22.7,99.9,24.19
2025.7.1 2:44:02.099,22.7,99.9,24.19
2025.7.1 2:44:03.111,22.6,99.9,24.25
2025.7.1 2:44:04.131,22.6,99.9,24.19
2025.7.1 2:44:05.113,22.6,99.9,24.19
2025.7.1 2:44:06.109,22.8,99.9,24.13
2025.7.1 2:44:07.132,23,99.9,24.13
2025.7.1 2:44:08.126,23,99.9,24.13
2025.7.1 2:44:09.106,23.1,99.9,24.13
2025.7.1 2:44:10.111,23.2,99.9,24.13
2025.7.1 2:44:11.114,23.2,99.9,24.13
2025.7.1 2:44:12.109,23.2,99.9,24.06
2025.7.1 2:44:13.121,23.1,99.9,24.06
2025.7.1 2:44:14.126,23,99.9,24.06
2025.7.1 2:44:15.136,23,99.9,24.06
2025.7.1 2:44:16.126,23.1,99.9,24.06
2025.7.1 2:44:17.119,23,99.9,24.06
2025.7.1 2:44:18.137,23,99.9,24
2025.7.1 2:44:19.122,22.9,99.9,24
2025.7.1 2:44:20.127,22.9,99.9,23.94
2025.7.1 2:44:21.128,22.9,99.9,24
2025.7.1 2:44:22.123,22.9,99.9,23.94
2025.7.1 2:44:23.129,22.9,99.9,23.94
2025.7.1 2:44:24.133,22.9,99.9,23.94
2025.7.1 2:44:25.124,22.9,99.9,23.94
2025.7.1 2:44:26.141,22.9,99.9,23.88
2025.7.1 2:44:27.123,22.9,99.9,23.94
2025.7.1 2:44:28.130,22.8,99.9,23.88
2025.7.1 2:44:29.147,22.9,99.9,23.88
2025.7.1 2:44:30.136,22.9,99.9,23.81
2025.7.1 2:44:31.133,22.9,99.9,23.81
2025.7.1 2:44:32.141,22.9,99.9,23.81
2025.7.1 2:44:33.137,22.9,99.9,23.81
2025.7.1 2:44:34.164,23,99.9,23.75
2025.7.1 2:44:35.155,22.9,99.9,23.81
2025.7.1 2:44:36.139,23,99.9,23.75
2025.7.1 2:44:37.148,23.2,99.9,23.81
2025.7.1 2:44:38.146,23.2,99.9,23.75
2025.7.1 2:44:39.142,23,99.9,23.81
2025.7.1 2:44:40.155,22.9,99.9,23.75
2025.7.1 2:44:41.148,22.6,99.9,23.75
2025.7.1 2:44:42.161,22.5,99.9,23.75
2025.7.1 2:44:43.166,22.5,99.9,23.69
2025.7.1 2:44:44.151,22.6,99.9,23.69
2025.7.1 2:44:45.157,22.6,99.9,23.75
2025.7.1 2:44:46.158,22.5,99.9,23.69
2025.7.1 2:44:47.158,22.5,99.9,23.63
2025.7.1 2:44:48.168,22.5,99.9,23.69
2025.7.1 2:44:49.156,22.4,99.9,23.63
2025.7.1 2:44:50.167,22.4,99.9,23.63
2025.7.1 2:44:51.162,22.4,99.9,23.63
2025.7.1 2:44:52.157,22.4,99.9,23.63
2025.7.1 2:44:53.180,22.4,99.9,23.63
2025.7.1 2:44:54.157,22.3,99.9,23.63
2025.7.1 2:44:55.166,22.3,99.9,23.5
2025.7.1 2:44:56.168,22.3,99.9,23.56
2025.7.1 2:44:57.173,22.3,99.9,23.56
2025.7.1 2:44:58.163,22.3,99.9,23.56
2025.7.1 2:44:59.175,22.3,99.9,23.56
2025.7.1 2:45:00.163,22.3,99.9,23.5
2025.7.1 2:45:01.184,22.2,99.9,23.5
2025.7.1 2:45:02.182,22.3,99.9,23.5
2025.7.1 2:45:03.169,22.3,99.9,23.5
2025.7.1 2:45:04.173,22.3,99.9,23.5
2025.7.1 2:45:05.186,22.2,99.9,23.44
2025.7.1 2:45:06.182,22.2,99.9,23.5
2025.7.1 2:45:07.196,22.2,99.9,23.44
2025.7.1 2:45:08.178,22.2,99.9,23.44
2025.7.1 2:45:09.197,22.3,99.9,23.44
2025.7.1 2:45:10.183,22.3,99.9,23.38
2025.7.1 2:45:11.180,22.3,99.9,23.38
2025.7.1 2:45:12.187,22.2,99.9,23.38
2025.7.1 2:45:13.187,22.2,99.9,23.44
2025.7.1 2:45:14.181,22,99.9,23.38
2025.7.1 2:45:15.197,22,99.9,23.38
2025.7.1 2:45:16.186,22,99.9,23.38
2025.7.1 2:45:17.182,22,99.9,23.31
2025.7.1 2:45:18.194,22.1,99.9,23.31
2025.7.1 2:45:19.192,22,99.9,23.31
2025.7.1 2:45:20.195,22,99.9,23.31
2025.7.1 2:45:21.206,22,99.9,23.31
2025.7.1 2:45:22.189,22,99.9,23.25
2025.7.1 2:45:23.204,22.1,99.9,23.25
2025.7.1 2:45:24.197,22.1,99.9,23.31
2025.7.1 2:45:25.194,22.2,99.9,23.25
2025.7.1 2:45:26.202,22.2,99.9,23.25
2025.7.1 2:45:27.201,22.2,99.9,23.25
2025.7.1 2:45:28.196,22.2,99.9,23.25
2025.7.1 2:45:29.217,22,99.9,23.25
2025.7.1 2:45:30.201,22,99.9,23.19
2025.7.1 2:45:31.208,21.9,99.9,23.19
2025.7.1 2:45:32.219,21.8,99.9,23.19
2025.7.1 2:45:33.212,21.9,99.9,23.13
2025.7.1 2:45:34.217,22,99.9,23.13
2025.7.1 2:45:35.208,22.1,99.9,23.13
2025.7.1 2:45:36.228,21.9,99.9,23.13
2025.7.1 2:45:37.215,22.2,99.9,23.13
2025.7.1 2:45:38.213,22.3,99.9,23.13
2025.7.1 2:45:39.219,22.2,99.9,23.13
2025.7.1 2:45:40.224,22.1,99.9,23.06
2025.7.1 2:45:41.220,22.2,99.9,23.06
2025.7.1 2:45:42.222,22.3,99.9,23.06
2025.7.1 2:45:43.223,22.2,99.9,23.06
2025.7.1 2:45:44.225,22.2,99.9,23.06
2025.7.1 2:45:45.236,22.5,99.9,23.06
2025.7.1 2:45:46.222,22.4,99.9,23.06
2025.7.1 2:45:47.232,22.5,99.9,23.06
2025.7.1 2:45:48.228,23,99.9,23.06
2025.7.1 2:45:49.221,26,99.9,23.06
2025.7.1 2:45:50.232,26.6,99.9,23.13
2025.7.1 2:45:51.240,24.5,99.9,23.06
2025.7.1 2:45:52.236,23.7,99.9,23.13
2025.7.1 2:45:53.246,24.2,99.9,23.13
2025.7.1 2:45:54.229,26.6,99.9,23.19
2025.7.1 2:45:55.239,26.7,99.9,23.19
2025.7.1 2:45:56.239,28.2,99.9,23.19
2025.7.1 2:45:57.232,29.3,99.9,23.19
2025.7.1 2:45:58.239,28.6,99.9,23.19
2025.7.1 2:45:59.237,26.3,99.9,23.19
2025.7.1 2:46:00.259,29.7,99.9,23.25
2025.7.1 2:46:01.246,31,93.1,23.19
2025.7.1 2:46:02.242,30.7,94.5,23.19
2025.7.1 2:46:03.251,30.1,94.2,23.31
2025.7.1 2:46:04.259,31.1,92.4,23.31
2025.7.1 2:46:05.240,28.9,97.4,23.31
2025.7.1 2:46:06.254,28.5,99.9,23.38
2025.7.1 2:46:07.248,29,99.5,23.38
2025.7.1 2:46:08.264,29.1,97.5,23.44
2025.7.1 2:46:09.253,29.1,98.3,23.44
2025.7.1 2:46:10.250,29.6,98.5,23.5
2025.7.1 2:46:11.265,29.8,96.2,23.56
2025.7.1 2:46:12.264,29.9,96.3,23.56
2025.7.1 2:46:13.253,30.1,94.3,23.63
2025.7.1 2:46:14.268,29.5,94.8,23.63
2025.7.1 2:46:15.267,29.7,96.1,23.69
2025.7.1 2:46:16.258,29.9,94.4,23.81
2025.7.1 2:46:17.264,29.2,95,23.81
2025.7.1 2:46:18.257,30.4,93.9,23.88
2025.7.1 2:46:19.272,30.2,92,23.94
2025.7.1 2:46:20.273,30.6,94.1,23.94
2025.7.1 2:46:21.268,31.1,90.5,24.06
2025.7.1 2:46:22.274,31.4,90.3,24
2025.7.1 2:46:23.270,31.1,88.1,24.13
2025.7.1 2:46:24.273,31.2,90.1,24.19
2025.7.1 2:46:25.283,31,88.8,24.19
2025.7.1 2:46:26.271,31.5,86.3,24.25
2025.7.1 2:46:27.274,32,83.7,24.25
2025.7.1 2:46:28.279,31.9,80,24.31
2025.7.1 2:46:29.268,32.4,79.6,24.38
2025.7.1 2:46:30.290,32.5,73.6,24.31
2025.7.1 2:46:31.277,32.9,76.2,24.44
2025.7.1 2:46:32.274,33.2,73.5,24.44
2025.7.1 2:46:33.282,32.8,74.5,24.56
2025.7.1 2:46:34.284,33.1,64.6,24.56
2025.7.1 2:46:35.299,32.8,67,24.63
2025.7.1 2:46:36.287,33.2,69.5,24.63
2025.7.1 2:46:37.283,34.1,68.3,24.75
2025.7.1 2:46:38.290,33.4,66.4,24.75
2025.7.1 2:46:39.291,33.8,67.4,24.75
2025.7.1 2:46:40.305,32.2,70.1,24.88
2025.7.1 2:46:41.295,32.1,73.4,24.88
2025.7.1 2:46:42.285,31.1,76.9,24.88
2025.7.1 2:46:43.302,30.8,83.7,24.94
2025.7.1 2:46:44.302,31.2,82.2,24.94
2025.7.1 2:46:45.293,31.2,79.7,24.94
2025.7.1 2:46:46.303,30.8,87.7,25
2025.7.1 2:46:47.298,31.4,81.2,25
2025.7.1 2:46:48.307,31.9,76,25
2025.7.1 2:46:49.302,31.2,80.8,25.06
2025.7.1 2:46:50.302,32.7,78.2,25.06
2025.7.1 2:46:51.305,33.9,74.2,25.19
2025.7.1 2:46:52.312,34,69.6,25.25
2025.7.1 2:46:53.302,33.5,71.3,25.19
2025.7.1 2:46:54.320,34,70.3,25.25
2025.7.1 2:46:55.309,33.2,67,25.38
2025.7.1 2:46:56.314,31.6,76,25.31
2025.7.1 2:46:57.314,31.9,73.3,25.31
2025.7.1 2:46:58.321,31.2,75.1,25.38
2025.7.1 2:46:59.320,32,75.7,25.38
2025.7.1 2:47:00.317,31.7,75.5,25.38
2025.7.1 2:47:01.316,32.2,72.6,25.44
2025.7.1 2:47:02.324,32.1,73.7,25.44
2025.7.1 2:47:03.318,31.6,76.5,25.5
2025.7.1 2:47:04.325,31.6,75.2,25.5
2025.7.1 2:47:05.325,32.2,72.4,25.56
2025.7.1 2:47:06.322,31.8,70.7,25.56
2025.7.1 2:47:07.342,31.8,70,25.56
2025.7.1 2:47:08.325,31.8,71.9,25.63
2025.7.1 2:47:09.323,31.4,76.6,25.63
2025.7.1 2:47:10.334,32.6,72.8,25.69
2025.7.1 2:47:11.337,31.5,72,25.75
2025.7.1 2:47:12.334,31.4,75.6,25.75
2025.7.1 2:47:13.332,30.5,82.2,25.81
2025.7.1 2:47:14.330,30.6,82.8,25.75
2025.7.1 2:47:15.347,30,82.5,25.75
2025.7.1 2:47:16.338,30.5,81.5,25.75
2025.7.1 2:47:17.341,30.3,81.2,25.75
2025.7.1 2:47:18.337,29.3,86.5,25.81
2025.7.1 2:47:19.337,28.5,91.6,25.81
2025.7.1 2:47:20.332,25.7,99.9,25.75
2025.7.1 2:47:21.338,25.2,99.9,25.75
2025.7.1 2:47:22.350,24.7,99.9,25.75
2025.7.1 2:47:23.332,24.7,99.9,25.75
2025.7.1 2:47:24.355,25,99.9,25.75
2025.7.1 2:47:25.341,25,99.9,25.75
2025.7.1 2:47:26.358,24.8,99.9,25.69
2025.7.1 2:47:27.356,24.8,99.9,25.69
2025.7.1 2:47:28.355,24.3,99.9,25.69
2025.7.1 2:47:29.352,24.7,99.9,25.69
2025.7.1 2:47:30.348,24.8,99.9,25.69
2025.7.1 2:47:31.353,25.1,99.9,25.63
2025.7.1 2:47:32.362,24.6,99.9,25.63
2025.7.1 2:47:33.359,24.6,99.9,25.63
2025.7.1 2:47:34.363,24.3,99.9,25.63
2025.7.1 2:47:35.355,24.4,99.9,25.63
2025.7.1 2:47:36.350,24.6,99.9,25.56
2025.7.1 2:47:37.360,24.6,99.9,25.56
2025.7.1 2:47:38.356,24.6,99.9,25.63
2025.7.1 2:47:39.355,24.5,99.9,25.5
2025.7.1 2:47:40.367,24.5,99.9,25.5
2025.7.1 2:47:41.362,24.5,99.9,25.5
2025.7.1 2:47:42.368,24.4,99.9,25.44
2025.7.1 2:47:43.375,24.4,99.9,25.44
2025.7.1 2:47:44.363,24.3,99.9,25.44
2025.7.1 2:47:45.383,24.3,99.9,25.38
2025.7.1 2:47:46.368,24.4,99.9,25.38
2025.7.1 2:47:47.373,24.5,99.9,25.38
2025.7.1 2:47:48.372,24.4,99.9,25.31
2025.7.1 2:47:49.371,24.2,99.9,25.38
2025.7.1 2:47:50.373,24.3,99.9,25.31
2025.7.1 2:47:51.376,24.4,99.9,25.31
2025.7.1 2:47:52.371,24.2,99.9,25.25
2025.7.1 2:47:53.381,24.2,99.9,25.31
2025.7.1 2:47:54.382,24.2,99.9,25.31
2025.7.1 2:47:55.372,24.1,99.9,25.25
2025.7.1 2:47:56.381,24.1,99.9,25.19
2025.7.1 2:47:57.387,24.1,99.9,25.19
2025.7.1 2:47:58.375,24.1,99.9,25.19
2025.7.1 2:47:59.386,24,99.9,25.13
2025.7.1 2:48:00.379,24,99.9,25.13
2025.7.1 2:48:01.386,24,99.9,25.13
2025.7.1 2:48:02.396,24,99.9,25.13
2025.7.1 2:48:03.381,24.1,99.9,25.06
2025.7.1 2:48:04.401,24,99.9,25.06
2025.7.1 2:48:05.400,24,99.9,25.06
2025.7.1 2:48:06.400,23.9,99.9,25.06
2025.7.1 2:48:07.397,23.9,99.9,25
2025.7.1 2:48:08.392,24,99.9,25
2025.7.1 2:48:09.403,24,99.9,25.06
2025.7.1 2:48:10.391,23.9,99.9,25
2025.7.1 2:48:11.394,24,99.9,24.94
2025.7.1 2:48:12.412,24,99.9,24.94
2025.7.1 2:48:13.409,24,99.9,24.94
2025.7.1 2:48:14.404,24.1,99.9,24.88
2025.7.1 2:48:15.405,24,99.9,24.94
2025.7.1 2:48:16.410,24.1,99.9,24.88
2025.7.1 2:48:17.415,24,99.9,24.88
2025.7.1 2:48:18.407,24,99.9,24.94
2025.7.1 2:48:19.411,24.1,99.9,24.88
2025.7.1 2:48:20.422,24,99.9,24.81
2025.7.1 2:48:21.408,23.8,99.9,24.88
2025.7.1 2:48:22.412,23.9,99.9,24.81
2025.7.1 2:48:23.414,23.9,99.9,24.81
2025.7.1 2:48:24.418,23.9,99.9,24.75
2025.7.1 2:48:25.428,23.7,99.9,24.75
2025.7.1 2:48:26.428,23.8,99.9,24.75
2025.7.1 2:48:27.412,23.7,99.9,24.75
2025.7.1 2:48:28.422,23.7,99.9,24.69
2025.7.1 2:48:29.429,23.5,99.9,24.69
2025.7.1 2:48:30.418,23.5,99.9,24.69
2025.7.1 2:48:31.433,23.4,99.9,24.63
2025.7.1 2:48:32.419,23.5,99.9,24.63
2025.7.1 2:48:33.416,23.5,99.9,24.63
2025.7.1 2:48:34.428,23.6,99.9,24.63
2025.7.1 2:48:35.426,23.6,99.9,24.63
2025.7.1 2:48:36.431,23.5,99.9,24.56
2025.7.1 2:48:37.431,23.5,99.9,24.63
2025.7.1 2:48:38.425,23.5,99.9,24.56
2025.7.1 2:48:39.428,23.4,99.9,24.56
2025.7.1 2:48:40.430,23.5,99.9,24.56
2025.7.1 2:48:41.438,23.4,99.9,24.5
2025.7.1 2:48:42.437,23.6,99.9,24.44
2025.7.1 2:48:43.436,23.7,99.9,24.5
2025.7.1 2:48:44.439,23.6,99.9,24.44
2025.7.1 2:48:45.446,23.4,99.9,24.56
2025.7.1 2:48:46.436,23.4,99.9,24.44
2025.7.1 2:48:47.452,23.4,99.9,24.44
2025.7.1 2:48:48.438,23.4,99.9,24.44
2025.7.1 2:48:49.447,23.4,99.9,24.38
2025.7.1 2:48:50.454,23.4,99.9,24.38
2025.7.1 2:48:51.438,23.3,99.9,24.38
2025.7.1 2:48:52.455,23.3,99.9,24.38
2025.7.1 2:48:53.454,23.4,99.9,24.38
2025.7.1 2:48:54.450,23.6,99.9,24.38
2025.7.1 2:48:55.454,23.4,99.9,24.38
2025.7.1 2:48:56.452,23.3,99.9,24.31
2025.7.1 2:48:57.445,23.2,99.9,24.31
2025.7.1 2:48:58.456,23.1,99.9,24.31
2025.7.1 2:48:59.449,23.1,99.9,24.25
2025.7.1 2:49:00.460,23,99.9,24.25
2025.7.1 2:49:01.466,23,99.9,24.25
2025.7.1 2:49:02.454,22.9,99.9,24.25
2025.7.1 2:49:03.462,22.8,99.9,24.19
2025.7.1 2:49:04.462,22.9,99.9,24.19
2025.7.1 2:49:05.464,23,99.9,24.19
2025.7.1 2:49:06.464,22.9,99.9,24.19
2025.7.1 2:49:07.470,23,99.9,24.19
2025.7.1 2:49:08.467,22.8,99.9,24.13
2025.7.1 2:49:09.475,22.8,99.9,24.13
2025.7.1 2:49:10.469,22.6,99.9,24.13
2025.7.1 2:49:11.475,22.7,99.9,24.13
2025.7.1 2:49:12.469,22.6,99.9,24.06
2025.7.1 2:49:13.485,22.5,99.9,24.13
2025.7.1 2:49:14.477,22.4,99.9,24.06
2025.7.1 2:49:15.473,22.4,99.9,24.06
2025.7.1 2:49:16.490,22.4,99.9,24
2025.7.1 2:49:17.476,22.4,99.9,24
2025.7.1 2:49:18.473,22.4,99.9,24
2025.7.1 2:49:19.488,22.3,99.9,24
2025.7.1 2:49:20.488,22.4,99.9,23.94
2025.7.1 2:49:21.473,22.5,99.9,23.94
2025.7.1 2:49:22.484,22.5,99.9,23.94
2025.7.1 2:49:23.482,22.6,99.9,23.88
2025.7.1 2:49:24.502,22.6,99.9,23.88
2025.7.1 2:49:25.484,22.6,99.9,23.88
2025.7.1 2:49:26.486,22.6,99.9,23.88
2025.7.1 2:49:27.489,22.6,99.9,23.88
2025.7.1 2:49:28.490,22.6,99.9,23.88
2025.7.1 2:49:29.483,22.6,99.9,23.88
2025.7.1 2:49:30.503,22.6,99.9,23.81
2025.7.1 2:49:31.491,22.4,99.9,23.75
2025.7.1 2:49:32.511,22.3,99.9,23.75
2025.7.1 2:49:33.508,22.3,99.9,23.75
2025.7.1 2:49:34.491,22.4,99.9,23.75
2025.7.1 2:49:35.506,22.7,99.9,23.75
2025.7.1 2:49:36.497,22.9,99.9,23.75
2025.7.1 2:49:37.494,23.1,99.9,23.75
2025.7.1 2:49:38.500,23.3,99.9,23.75
2025.7.1 2:49:39.500,23.4,99.9,23.75
2025.7.1 2:49:40.504,24.5,99.9,23.75
2025.7.1 2:49:41.506,24.3,99.9,23.75
2025.7.1 2:49:42.511,24.1,99.9,23.69
2025.7.1 2:49:43.519,25.8,99.9,23.75
2025.7.1 2:49:44.507,27.5,99.9,23.75
2025.7.1 2:49:45.503,28.4,99.9,23.75
2025.7.1 2:49:46.516,29.1,99.9,23.81
2025.7.1 2:49:47.512,29.3,99.9,23.81
2025.7.1 2:49:48.518,30.3,97.1,23.88
2025.7.1 2:49:49.517,30.1,97.1,23.88
2025.7.1 2:49:50.523,30.6,94.3,23.94
2025.7.1 2:49:51.530,30.9,92.9,23.94
2025.7.1 2:49:52.523,31.2,90.8,23.94
2025.7.1 2:49:53.516,31.8,88.6,24
2025.7.1 2:49:54.520,32.4,87,24
2025.7.1 2:49:55.521,30.6,90.2,24
2025.7.1 2:49:56.513,30.6,92.6,24
2025.7.1 2:49:57.531,31.2,88.2,24.06
2025.7.1 2:49:58.520,29.8,93.1,24.06
2025.7.1 2:49:59.530,29.6,94,24.13
2025.7.1 2:50:00.541,29.8,94,24.13
2025.7.1 2:50:01.535,29.2,94,24.19
2025.7.1 2:50:02.545,29.4,94.7,24.19
2025.7.1 2:50:03.532,29.8,93.4,24.25
2025.7.1 2:50:04.536,30,94.9,24.25
2025.7.1 2:50:05.544,29.1,94.6,24.25
2025.7.1 2:50:06.533,29.2,95.3,24.31
2025.7.1 2:50:07.549,30,95.7,24.38
2025.7.1 2:50:08.547,30.2,93.6,24.44
2025.7.1 2:50:09.552,29.9,94.9,24.44
2025.7.1 2:50:10.549,30.4,92.9,24.44
2025.7.1 2:50:11.547,30.1,93,24.56
2025.7.1 2:50:12.548,31,91.3,24.56
2025.7.1 2:50:13.556,31,91,24.63
2025.7.1 2:50:14.551,31.6,91.2,24.63
2025.7.1 2:50:15.554,31.5,86.6,24.69
2025.7.1 2:50:16.554,31.4,86.7,24.75
2025.7.1 2:50:17.554,31.9,83.3,24.81
2025.7.1 2:50:18.567,31.2,82,24.81
2025.7.1 2:50:19.558,31.7,81.4,24.88
2025.7.1 2:50:20.558,32,81,24.94
2025.7.1 2:50:21.556,32.4,77.3,25
2025.7.1 2:50:22.554,32.8,76.7,25.06
2025.7.1 2:50:23.569,32.1,79.4,25.06
2025.7.1 2:50:24.560,30.7,87.5,25.06
2025.7.1 2:50:25.565,30.2,90,25.06
2025.7.1 2:50:26.568,29.6,92,25.06
2025.7.1 2:50:27.563,29.4,93,25.06
2025.7.1 2:50:28.569,29.1,93.5,25.06
2025.7.1 2:50:29.577,28.7,94.1,25.06
2025.7.1 2:50:30.563,29,93.9,25.06
2025.7.1 2:50:31.571,30.7,91.7,25.13
2025.7.1 2:50:32.581,30.7,90,25.19
2025.7.1 2:50:33.580,32.1,84.9,25.19
2025.7.1 2:50:34.575,31.5,83.7,25.19
2025.7.1 2:50:35.575,30.2,89.2,25.25
2025.7.1 2:50:36.583,31.3,89.1,25.31
2025.7.1 2:50:37.588,31.6,83.7,25.31
2025.7.1 2:50:38.575,30.5,87.7,25.31
2025.7.1 2:50:39.585,30.6,87.8,25.31
2025.7.1 2:50:40.593,30.5,87.8,25.31
2025.7.1 2:50:41.586,30.3,90.2,25.38
2025.7.1 2:50:42.590,30.1,90.8,25.31
2025.7.1 2:50:43.592,30.2,91.2,25.38
2025.7.1 2:50:44.594,30.5,90.2,25.44
2025.7.1 2:50:45.587,31.7,85,25.44
2025.7.1 2:50:46.585,30.6,88.4,25.5
2025.7.1 2:50:47.601,28.9,91.9,26.31
2025.7.1 2:50:48.592,28.7,94,26.31
2025.7.1 2:50:49.587,28.6,94.1,26.31
2025.7.1 2:50:50.599,29,94,26.25
2025.7.1 2:50:51.604,29.1,94.4,26.25
2025.7.1 2:50:52.609,29.1,95.1,26.31
2025.7.1 2:50:53.606,28.7,93.8,26.31
2025.7.1 2:50:54.607,28.4,92.8,26.31
2025.7.1 2:50:55.606,28.6,95.7,26.31
2025.7.1 2:50:56.612,28.4,99,26.31
2025.7.1 2:50:57.612,28.4,99,26.31
2025.7.1 2:50:58.618,28.2,99.9,26.31
2025.7.1 2:50:59.601,28,98.9,26.31
2025.7.1 2:51:00.618,28,99.6,26.31
2025.7.1 2:51:01.613,28,99.9,26.31
2025.7.1 2:51:02.611,28,99.9,26.31
2025.7.1 2:51:03.628,27.9,99.9,26.25
2025.7.1 2:51:04.610,27.6,99.9,26.25
2025.7.1 2:51:05.618,27.7,99.9,26.31
2025.7.1 2:51:06.623,27.6,99.9,26.31
2025.7.1 2:51:07.620,27.3,99.9,26.25
2025.7.1 2:51:08.625,27.1,99.9,26.25
2025.7.1 2:51:09.621,27,99.9,26.25
2025.7.1 2:51:10.622,27.1,99.9,26.25
2025.7.1 2:51:11.622,27.1,99.9,26.25
2025.7.1 2:51:12.622,27.1,99.9,26.19
2025.7.1 2:51:13.622,27,99.9,26.25
2025.7.1 2:51:14.641,26.8,99.9,26.19
2025.7.1 2:51:15.623,26.7,99.9,26.19
2025.7.1 2:51:16.628,26.6,99.9,26.19
2025.7.1 2:51:17.628,26.5,99.9,26.13
2025.7.1 2:51:18.631,26.6,99.9,26.13
2025.7.1 2:51:19.628,26.5,99.9,26.13
2025.7.1 2:51:20.629,26.5,99.9,26.13
2025.7.1 2:51:21.629,26.4,99.9,26.13
2025.7.1 2:51:22.641,26.4,99.9,26.06
2025.7.1 2:51:23.635,26.3,99.9,26.06
2025.7.1 2:51:24.647,26.2,99.9,26.06
2025.7.1 2:51:25.647,26.3,99.9,26.06
2025.7.1 2:51:26.634,26.3,99.9,26.06
2025.7.1 2:51:27.638,26.3,99.9,26
2025.7.1 2:51:28.647,26.2,99.9,26
2025.7.1 2:51:29.643,26,99.9,26.06
2025.7.1 2:51:30.652,25.7,99.9,26
2025.7.1 2:51:31.642,25.6,99.9,26
2025.7.1 2:51:32.635,25.4,99.9,25.94
2025.7.1 2:51:33.650,25.5,99.9,25.94
2025.7.1 2:51:34.645,25.4,99.9,25.94
2025.7.1 2:51:35.660,25.5,99.9,25.94
2025.7.1 2:51:36.649,25.4,99.9,25.88
2025.7.1 2:51:37.655,25.5,99.9,25.94
2025.7.1 2:51:38.652,25.5,99.9,25.88
2025.7.1 2:51:39.659,25.3,99.9,25.81
2025.7.1 2:51:40.659,25.3,99.9,25.81
2025.7.1 2:51:41.655,25.2,99.9,25.81
2025.7.1 2:51:42.652,25.1,99.9,25.88
2025.7.1 2:51:43.661,25.2,99.9,25.81
2025.7.1 2:51:44.659,25.1,99.9,25.81
2025.7.1 2:51:45.655,25.2,99.9,25.75
2025.7.1 2:51:46.662,25.2,99.9,25.75
2025.7.1 2:51:47.662,25.2,99.9,25.75
2025.7.1 2:51:48.659,25.1,99.9,25.69
2025.7.1 2:51:49.668,24.9,99.9,25.69
2025.7.1 2:51:50.663,24.8,99.9,25.69
2025.7.1 2:51:51.673,25,99.9,25.69
2025.7.1 2:51:52.683,24.8,99.9,25.63
2025.7.1 2:51:53.675,24.9,99.9,25.63
2025.7.1 2:51:54.672,25,99.9,25.63
2025.7.1 2:51:55.671,25,99.9,25.63
2025.7.1 2:51:56.676,24.9,99.9,25.56
2025.7.1 2:51:57.688,24.7,99.9,25.56
2025.7.1 2:51:58.672,24.8,99.9,25.56
2025.7.1 2:51:59.691,24.7,99.9,25.5
2025.7.1 2:52:00.690,24.6,99.9,25.5
2025.7.1 2:52:01.683,24.6,99.9,25.5
2025.7.1 2:52:02.692,24.6,99.9,25.5
2025.7.1 2:52:03.688,24.5,99.9,25.5
2025.7.1 2:52:04.689,24.7,99.9,25.44
2025.7.1 2:52:05.696,24.8,99.9,25.44
2025.7.1 2:52:06.688,24.7,99.9,25.38
2025.7.1 2:52:07.682,24.4,99.9,25.44
2025.7.1 2:52:08.700,24.4,99.9,25.38
2025.7.1 2:52:09.694,24.7,99.9,25.38
2025.7.1 2:52:10.698,24.8,99.9,25.38
2025.7.1 2:52:11.697,24.7,99.9,25.31
2025.7.1 2:52:12.693,24.8,99.9,25.31
2025.7.1 2:52:13.710,24.7,99.9,25.31
2025.7.1 2:52:14.702,24.5,99.9,25.25
2025.7.1 2:52:15.715,24.3,99.9,25.25
2025.7.1 2:52:16.708,24.3,99.9,25.25
2025.7.1 2:52:17.709,24.1,99.9,25.19
2025.7.1 2:52:18.715,24.4,99.9,25.19
2025.7.1 2:52:19.716,24.6,99.9,25.19
2025.7.1 2:52:20.703,24.7,99.9,25.19
2025.7.1 2:52:21.708,24.4,99.9,25.19
2025.7.1 2:52:22.705,24.4,99.9,25.19
2025.7.1 2:52:23.710,24.5,99.9,25.19
2025.7.1 2:52:24.710,24.4,99.9,25.19
2025.7.1 2:52:25.718,24.3,99.9,25.19
2025.7.1 2:52:26.705,24.4,99.9,25.13
2025.7.1 2:52:27.716,24.1,99.9,25.13
2025.7.1 2:52:28.714,24.1,99.9,25.06
2025.7.1 2:52:29.722,24.1,99.9,25.06
2025.7.1 2:52:30.712,24.1,99.9,25.06
2025.7.1 2:52:31.708,24.3,99.9,25
2025.7.1 2:52:32.725,24.1,99.9,25
2025.7.1 2:52:33.723,24.1,99.9,25.06
2025.7.1 2:52:34.717,24,99.9,25
2025.7.1 2:52:35.721,24.1,99.9,25
2025.7.1 2:52:36.725,24.1,99.9,25.06
2025.7.1 2:52:37.725,24.3,99.9,24.94
2025.7.1 2:52:38.727,24.3,99.9,25
2025.7.1 2:52:39.721,24.4,99.9,24.94
2025.7.1 2:52:40.734,24.2,99.9,24.94
2025.7.1 2:52:41.733,24,99.9,24.94
2025.7.1 2:52:42.731,24.1,99.9,24.88
2025.7.1 2:52:43.730,24.2,99.9,24.88
2025.7.1 2:52:44.739,24.1,99.9,24.88
2025.7.1 2:52:45.737,24.2,99.9,24.88
2025.7.1 2:52:46.739,24.2,99.9,24.88
2025.7.1 2:52:47.728,24.1,99.9,24.81
2025.7.1 2:52:48.732,24.1,99.9,24.88
2025.7.1 2:52:49.736,24.1,99.9,24.88
2025.7.1 2:52:50.727,24,99.9,24.81
2025.7.1 2:52:51.734,23.9,99.9,24.81
2025.7.1 2:52:52.740,23.9,99.9,24.81
2025.7.1 2:52:53.726,23.9,99.9,24.81
2025.7.1 2:52:54.725,23.9,99.9,24.75
2025.7.1 2:52:55.742,23.9,99.9,24.75
2025.7.1 2:52:56.749,24.5,99.9,24.75
2025.7.1 2:52:57.737,25,99.9,24.75
2025.7.1 2:52:58.745,24.7,99.9,24.75
2025.7.1 2:52:59.743,25.2,99.9,24.75
2025.7.1 2:53:00.730,25.5,99.9,24.75
2025.7.1 2:53:01.735,25.3,99.9,24.75
2025.7.1 2:53:02.747,25.6,99.9,24.75
2025.7.1 2:53:03.751,25.7,99.9,24.69
2025.7.1 2:53:04.748,25.7,99.9,24.75
2025.7.1 2:53:05.757,25.8,99.9,24.75
2025.7.1 2:53:06.752,26.1,99.9,24.75
2025.7.1 2:53:07.745,26.8,99.9,24.75
2025.7.1 2:53:08.751,28.5,99.9,24.75
2025.7.1 2:53:09.755,28.6,99.9,24.81
2025.7.1 2:53:10.757,28.4,99.9,24.75
2025.7.1 2:53:11.753,27.1,99.9,24.81
2025.7.1 2:53:12.768,26.5,99.9,24.88
2025.7.1 2:53:13.764,26.4,99.9,24.81
2025.7.1 2:53:14.766,27,99.9,24.88
2025.7.1 2:53:15.764,26.7,99.9,24.81
2025.7.1 2:53:16.763,26.9,99.9,24.81
2025.7.1 2:53:17.758,27.3,99.9,24.88
2025.7.1 2:53:18.772,28.9,99.9,24.94
2025.7.1 2:53:19.773,29.5,99.9,24.94
2025.7.1 2:53:20.757,29.2,99.9,24.94
2025.7.1 2:53:21.770,29.5,99.9,24.94
2025.7.1 2:53:22.773,29.6,99.9,25
2025.7.1 2:53:23.776,30.3,98.9,25.06
2025.7.1 2:53:24.768,31,96.7,25.06
2025.7.1 2:53:25.770,30.4,95.3,25.06
2025.7.1 2:53:26.771,30.3,95.5,25.19